name	final-names	comm_code	census_year	population	occupied dwellings	persons per unit	notes
HUNTINGTON HILLS	HUNTINGTON HILLS	HUN	1996	14,595	5,100	2.86	
HARVEST HILLS	HARVEST HILLS	HAR	1969	0	0	0	
ROYAL OAK	ROYAL OAK	ROY	2009	10,423	3,588	2.9	
MAHOGANY	MAHOGANY	MAH	2000	0	0	0	
FOREST HEIGHTS	FOREST HEIGHTS	FHT	1990	6,854	2,005	3.42	
POINT MCKAY	POINT MCKAY	POI	1975	0	0	0	
NEW BRIGHTON	NEW BRIGHTON	NEB	1979	0	0	0	
WOODLANDS	WOODLANDS	WOO	2008	6,386	2,294	2.78	
STRATHCONA PARK	STRATHCONA PARK	STR	2010	7,122	2,378	2.99	
WINSTON HEIGHTS/MOUNTVIEW	WINSTON HEIGHTS/MOUNTVIEW	WIN	1989	3,464	1,504	2.3	
ERLTON	ERLTON	ERL	2005	1,263	719	1.76	
RED CARPET	RED CARPET	RED	2004	1,765	880	2.01	
CHRISTIE PARK	CHRISTIE PARK	CHR	1986	19	7	2.71	
TARADALE	TARADALE	TAR	2017	18,925	4,796	3.95	
BANFF TRAIL	BANFF TRAIL	BNF	1979	3,570	1,445	2.47	
BRITANNIA	BRITANNIA	BRT	1996	757	296	2.56	
CRANSTON	CRANSTON	CRA	2006	5,225	1,887	2.77	
RIVERBEND	RIVERBEND	RIV	1987	1,565	510	3.07	
ARBOUR LAKE	ARBOUR LAKE	ARB	2004	10,312	3,620	2.85	
BAYVIEW	BAYVIEW	BYV	1996	686	241	2.85	
HAMPTONS	HAMPTONS	HAM	1994	1,624	483	3.36	
CORAL SPRINGS	CORAL SPRINGS	COR	2011	5,838	1,466	3.98	
SPRINGBANK HILL	SPRINGBANK HILL	SPH	2015	9,874	3,224	3.06	
MAYLAND HEIGHTS	MAYLAND HEIGHTS	MAL	1978	5,710	1,683	3.39	
NORTH HAVEN	NORTH HAVEN	NHV	1997	2,442	939	2.6	
WOODLANDS	WOODLANDS	WOO	2009	6,354	2,323	2.74	
NEW BRIGHTON	NEW BRIGHTON	NEB	1986	0	0	0	
APPLEWOOD PARK	APPLEWOOD PARK	APP	1972	0	0	0	
EVANSTON	EVANSTON	EVN	1979	7	3	2.33	
ST. ANDREWS HEIGHTS	ST. ANDREWS HEIGHTS	STA	1986	2,133	709	3.01	
GARRISON GREEN	GARRISON GREEN	GAG	2009	1,402	651	2.15	At this time community was referred to as CFB - LINCOLN PARK PMQ (CFL)
COPPERFIELD	COPPERFIELD	CPF	1979	0	0	0	
SOUTHWOOD	SOUTHWOOD	SOW	1993	6,755	2,536	2.66	
RUNDLE	RUNDLE	RUN	1977	5,837	1,702	3.43	
DOVER	DOVER	DOV	1993	11,353	3,765	3.02	
CHRISTIE PARK	CHRISTIE PARK	CHR	2004	2,272	718	3.16	
GARRISON WOODS	GARRISON WOODS	GAW	1998	0	0	0	
GLENBROOK	GLENBROOK	GBK	2000	7,043	2,969	2.37	
MIDNAPORE	MIDNAPORE	MID	2000	7,166	2,464	2.91	
ARBOUR LAKE	ARBOUR LAKE	ARB	2011	10,762	3,790	2.84	
FOREST LAWN	FOREST LAWN	FLN	2008	7,812	3,078	2.54	
FOREST LAWN	FOREST LAWN	FLN	1990	8,438	2,974	2.84	
WESTGATE	WESTGATE	WGT	1996	3,366	1,317	2.56	
AUBURN BAY	AUBURN BAY	AUB	1968	0	0	0	
CHARLESWOOD/COLLINGWOOD	CHARLESWOOD		2007	5,732	2,359	2.43	Combined communities of CHARLESWOOD (CHW) and COLLINGWOOD (COL)
WOODBINE	WOODBINE	WBN	1990	10,827	3,195	3.39	
SHAWNEE SLOPES	SHAWNEE SLOPES	SHS	1982	13	4	3.25	
SHERWOOD	SHERWOOD	SHW	1985	0	0	0	
RICHMOND	RICHMOND	RIC	1996	3,953	1,869	2.12	
MARLBOROUGH	MARLBOROUGH	MRL	2006	8,465	3,005	2.82	
HAWKWOOD	HAWKWOOD	HAW	2009	10,202	3,301	3.09	
MISSION	MISSION	MIS	1990	3,521	2,391	1.47	
BRENTWOOD	BRENTWOOD	BRE	1979	7,858	2,372	3.31	
THORNCLIFFE	THORNCLIFFE	THO	1988	9,602	3,570	2.69	
PARKLAND	PARKLAND	PKL	1993	4,610	1,342	3.44	
COVENTRY HILLS	COVENTRY HILLS	COV	2001	6,401	2,196	2.91	
MACEWAN GLEN	MACEWAN GLEN	MAC	1977	0	0	0	
SUNALTA	SUNALTA	SNA	2003	3,054	1,864	1.64	
LAKE BONAVISTA	LAKE BONAVISTA	LKB	1997	11,240	3,504	3.21	
SANDSTONE VALLEY	SANDSTONE VALLEY	SAN	1998	6,960	2,062	3.38	
GLENDALE	GLENDALE	GDL	2016	2,809	1,093	2.57	
RUNDLE	RUNDLE	RUN	2016	11,733	3,635	3.23	
PARKHILL	PARKHILL	PKH	1974	1,483	565	2.62	
RAMSAY	RAMSAY	RAM	1981	2,413	1,020	2.37	
COVENTRY HILLS	COVENTRY HILLS	COV	2002	7,587	2,583	2.94	
ASPEN WOODS	ASPEN WOODS	ASP	1982	0	0	0	
CANYON MEADOWS	CANYON MEADOWS	CAN	1975	6,107	1,652	3.7	
ST. ANDREWS HEIGHTS	ST. ANDREWS HEIGHTS	STA	2002	1,807	704	2.57	
WALDEN	WALDEN	WAL	1998	0	0	0	
BELTLINE	BELTLINE	BLN	1999	17,975	10,312	1.74	Combined communities of CONNAUGHT (CON) and VICTORIA PARK (VIC)
SIGNAL HILL	SIGNAL HILL	SIG	1982	59	12	4.92	
SHAWNEE SLOPES	SHAWNEE SLOPES	SHS	2015	1,597	674	2.37	
UNIVERSITY DISTRICT	UNIVERSITY DISTRICT	UND	1999	0	0	0	
COVENTRY HILLS	COVENTRY HILLS	COV	1976	0	0	0	
EVANSTON	EVANSTON	EVN	1982	0	0	0	
SAGE HILL	SAGE HILL	SGH	1989	0	0	0	
DIAMOND COVE	DIAMOND COVE	DIA	1978	0	0	0	
BRIDGELAND/RIVERSIDE	BRIDGELAND/RIVERSIDE	BRD	1995	4,474	2,197	2.04	
RICHMOND	RICHMOND	RIC	1974	4,461	1,673	2.67	
MAYLAND HEIGHTS	MAYLAND HEIGHTS	MAL	2006	5,957	2,657	2.24	
HAYSBORO	HAYSBORO	HAY	1988	6,424	2,797	2	
MONTGOMERY	MONTGOMERY	MON	1973	4,704	1,345	3.5	
BRITANNIA	BRITANNIA	BRT	2004	725	271	2.68	
OGDEN	OGDEN	OGD	2006	8,766	3,628	2.42	
LAKE BONAVISTA	LAKE BONAVISTA	LKB	2016	10,478	3,993	2.62	
BONAVISTA DOWNS	BONAVISTA DOWNS	BDO	1973	437	124	3.52	
NEW BRIGHTON	NEW BRIGHTON	NEB	1999	0	0	0	
ROXBORO	ROXBORO	ROX	1986	446	162	2.75	
VARSITY	VARSITY	VAR	1986	12,974	4,952	2.62	
LOWER MOUNT ROYAL	LOWER MOUNT ROYAL	LMR	2010	3,016	2,011	1.5	
WALDEN	WALDEN	WAL	1990	0	0	0	
HAWKWOOD	HAWKWOOD	HAW	1995	10,468	3,062	3.42	
OAKRIDGE	OAKRIDGE	OAK	2008	5,836	2,246	2.6	
SOUTHVIEW	SOUTHVIEW	SOV	1987	2,289	825	2.77	
MANCHESTER	MANCHESTER	MAN	1996	234	146	1.6	
PARKDALE	PARKDALE	PKD	1990	1,688	804	2.1	
NEW BRIGHTON	NEW BRIGHTON	NEB	2012	8,303	2,927	2.84	
SILVERADO	SILVERADO	SVO	1995	11	6	1.83	
ELBOW PARK	ELBOW PARK	EPK	2013	3,468	1,111	3.12	
UNIVERSITY DISTRICT	UNIVERSITY DISTRICT	UND	1969	0	0	0	
WALDEN	WALDEN	WAL	2009	0	0	0	
BRAESIDE	BRAESIDE	BRA	2007	6,096	2,504	2.43	
QUEENS PARK VILLAGE	QUEENS PARK VILLAGE	QPK	1975	0	0	0	
GLENDALE	GLENDALE	GDL	1974	3,426	954	3.59	
SADDLE RIDGE	SADDLE RIDGE	SAD	1979	129	36	3.58	
PATTERSON	PATTERSON	PAT	2010	4,154	1,923	2.16	
GARRISON WOODS	GARRISON WOODS	GAW	2015	0	0	0	
WESTGATE	WESTGATE	WGT	1984	3,699	1,294	2.86	
MISSION	MISSION	MIS	1971	3,757	1,851	2.03	
CRANSTON	CRANSTON	CRA	1991	16	6	2.67	
GARRISON GREEN	GARRISON GREEN	GAG	2017	2,093	710	2.95	
GLENDALE	GLENDALE	GDL	1968	3,924	945	4.15	
ACADIA	ACADIA	ACA	1984	11,197	4,116	2.72	
BAYVIEW	BAYVIEW	BYV	1994	718	240	2.99	
MACEWAN GLEN	MACEWAN GLEN	MAC	2004	5,483	1,749	3.13	
RED CARPET	RED CARPET	RED	1987	1,167	445	2.62	
UPPER MOUNT ROYAL	UPPER MOUNT ROYAL	UMR	1999	2,638	1,017	2.59	
CRESCENT HEIGHTS	CRESCENT HEIGHTS	CRE	2008	5,982	3,310	1.81	
ERLTON	ERLTON	ERL	1998	551	260	2.12	
ST. ANDREWS HEIGHTS	ST. ANDREWS HEIGHTS	STA	2007	1,512	573	2.64	
ARBOUR LAKE	ARBOUR LAKE	ARB	1994	1,218	402	3.03	
FAIRVIEW	FAIRVIEW	FAI	2016	3,847	1,560	2.47	
MACEWAN GLEN	MACEWAN GLEN	MAC	1983	809	280	2.89	
CURRIE BARRACKS	CURRIE BARRACKS	CUR	2012	172			
BRIDLEWOOD	BRIDLEWOOD	BRI	1992	18	7	2.57	
NORTH GLENMORE PARK	NORTH GLENMORE PARK	NGM	2014	2,380	955	2.49	
SADDLE RIDGE	SADDLE RIDGE	SAD	2012	14,372	3,585	4.01	
COPPERFIELD	COPPERFIELD	CPF	2008	4,672	1,725	2.71	
SETON	SETON	SET	1999	0	0	0	
SPRUCE CLIFF	SPRUCE CLIFF	SPR	2004	2,976	1,356	2.19	
SHAGANAPPI	SHAGANAPPI	SHG	2014	1,530	719	2.13	
MAYLAND HEIGHTS	MAYLAND HEIGHTS	MAL	1980	5,754	1,837	3.13	
DOWNTOWN WEST END	DOWNTOWN WEST END	DNW	2010	2,490	1,529	1.63	
OAKRIDGE	OAKRIDGE	OAK	1983	7,140	2,079	3.43	
ROCKY RIDGE	ROCKY RIDGE	ROC	1992	139	48	2.9	
UPPER MOUNT ROYAL	UPPER MOUNT ROYAL	UMR	1977	2,840	1,039	2.73	
SHAGANAPPI	SHAGANAPPI	SHG	1997	1,726	799	2.16	
BELVEDERE	BELVEDERE	BVD	2016	0	0	0	
SPRINGBANK HILL	SPRINGBANK HILL	SPH	1986	0	0	0	
KINGSLAND	KINGSLAND	KIN	2008	4,373	2,197	1.99	
BRITANNIA	BRITANNIA	BRT	1997	764	303	2.52	
RIVERBEND	RIVERBEND	RIV	1978	158	59	2.68	
BEDDINGTON HEIGHTS	BEDDINGTON HEIGHTS	BED	2002	12,790	4,188	3.05	
NORTH GLENMORE PARK	NORTH GLENMORE PARK	NGM	2016	2,398	948	2.53	
SOUTH CALGARY	SOUTH CALGARY	SOC	1995	3,295	1,693	1.95	
ALTADORE	ALTADORE	ALT	1998	5,359	2,452	2.19	
PANORAMA HILLS	PANORAMA HILLS	PAN	1988	16	4	4	
BANKVIEW	BANKVIEW	BNK	2014	5,416	3,339	1.62	
GLENBROOK	GLENBROOK	GBK	1982	7,674	2,793	2.75	
SILVER SPRINGS	SILVER SPRINGS	SIL	2001	9,873	3,460	2.85	
CHRISTIE PARK	CHRISTIE PARK	CHR	1974	44	11	4	
RED CARPET	RED CARPET	RED	2010	1,649	887	1.86	
TUSCANY	TUSCANY	TUS	1996	238	88	2.7	
MAYFAIR	MAYFAIR	MAF	1978	667	184	3.63	
CORNERSTONE	CORNERSTONE	CNS	1993	0	0	0	
NEW BRIGHTON	NEW BRIGHTON	NEB	1977	0	0	0	
EAU CLAIRE	EAU CLAIRE	EAU	2005	1,528	910	1.68	
GARRISON WOODS	GARRISON WOODS	GAW	2002	0	0	0	
SADDLE RIDGE	SADDLE RIDGE	SAD	1996	131	40	3.28	
PANORAMA HILLS	PANORAMA HILLS	PAN	1995	21	8	2.63	
SUNALTA	SUNALTA	SNA	1991	3,127	1,880	1.66	
SILVERADO	SILVERADO	SVO	1981	0	0	0	
BEL-AIRE	BEL-AIRE	BEL	2009	430	142	3.03	
REDSTONE	REDSTONE	RSN	2010	0	0	0	
FOREST LAWN	FOREST LAWN	FLN	1986	8,252	2,868	2.88	
BOWNESS	BOWNESS	BOW	1977	12,132	3,758	3.23	
MISSION	MISSION	MIS	1972	3,599	1,833	1.96	
FOREST HEIGHTS	FOREST HEIGHTS	FHT	1999	6,802	2,054	3.31	
WALDEN	WALDEN	WAL	1975	0	0	0	
SHAWNEE SLOPES	SHAWNEE SLOPES	SHS	1978	0	0	0	
PALLISER	PALLISER	PAL	1983	3,154	1,270	2.48	
ELBOW PARK	ELBOW PARK	EPK	1981	3,366	1,165	2.89	
SPRINGBANK HILL	SPRINGBANK HILL	SPH	1994	0	0	0	
GREENVIEW	GREENVIEW	GRV	1993	2,229	1,036	2.15	
CAPITOL HILL	CAPITOL HILL	CAP	1985	3,820	1,875	2.04	
CITADEL	CITADEL	CIT	1973	0	0	0	
ELBOYA	ELBOYA	EYA	2009	1,698	696	2.44	
PENBROOKE MEADOWS	PENBROOKE MEADOWS	PEN	1990	9,886	2,762	3.58	
ABBEYDALE	ABBEYDALE	ABB	2001	6,580	1,967	3.35	
HOUNSFIELD HEIGHTS/BRIAR HILL	HOUNSFIELD HEIGHTS/BRIAR HILL	HOU	1997	2,634	920	2.86	
HILLHURST	HILLHURST	HIL	1997	4,996	2,572	1.94	
CURRIE BARRACKS	CURRIE BARRACKS	CUR	1979	11			
GLAMORGAN	GLAMORGAN	GLA	1991	6,395	2,725	2.35	
SANDSTONE VALLEY	SANDSTONE VALLEY	SAN	1972	0	0	0	
DEER RUN	DEER RUN	DRN	1986	5,523	1,791	3.08	
ELBOYA	ELBOYA	EYA	1993	1,667	713	2.34	
COUGAR RIDGE	COUGAR RIDGE	CGR	2000	55	19	2.89	
PARKHILL	PARKHILL	PKH	1985	1,127	550	2.05	
QUEENS PARK VILLAGE	QUEENS PARK VILLAGE	QPK	1968	0	0	0	
REDSTONE	REDSTONE	RSN	2000	0	0	0	
DOWNTOWN WEST END	DOWNTOWN WEST END	DNW	2015	2,501	1,469	1.7	
RIVERBEND	RIVERBEND	RIV	1994	8,787	2,958	2.97	
LAKE BONAVISTA	LAKE BONAVISTA	LKB	2015	10,529	4,000	2.63	
SHERWOOD	SHERWOOD	SHW	1970	0	0	0	
COPPERFIELD	COPPERFIELD	CPF	1976	0	0	0	
PATTERSON	PATTERSON	PAT	1995	2,075	947	2.19	
LOWER MOUNT ROYAL	LOWER MOUNT ROYAL	LMR	2002	3,183	2,108	1.51	
SUNNYSIDE	SUNNYSIDE	SSD	1993	3,571	2,181	1.64	
SOUTHWOOD	SOUTHWOOD	SOW	1971	5,738	1,361	4.22	
BANFF TRAIL	BANFF TRAIL	BNF	1983	3,395	1,492	2.28	
GREENVIEW	GREENVIEW	GRV	1997	2,166	1,041	2.08	
HIGHLAND PARK	HIGHLAND PARK	HPK	1994	3,647	1,789	2.04	
RANCHLANDS	RANCHLANDS	RAN	1968	19	5	3.8	
PARKLAND	PARKLAND	PKL	1990	4,785	1,348	3.55	
LINCOLN PARK	LINCOLN PARK	LPK	1971	17	3	5.67	
SOUTH CALGARY	SOUTH CALGARY	SOC	2011	3,642	1,952	1.87	
BAYVIEW	BAYVIEW	BYV	1997	704	244	2.89	
PARKDALE	PARKDALE	PKD	2003	1,815	845	2.15	
WALDEN	WALDEN	WAL	2002	0	0	0	
DEER RUN	DEER RUN	DRN	1970	0	0	0	
ALBERT PARK/RADISSON HEIGHTS	ALBERT PARK/RADISSON HEIGHTS	ALB	1987	6,222	2,273	2.74	
FAIRVIEW	FAIRVIEW	FAI	2012	3,623	1,572	2.3	
WILLOW PARK	WILLOW PARK	WIL	2003	5,480	2,220	2.47	
ST. ANDREWS HEIGHTS	ST. ANDREWS HEIGHTS	STA	1987	2,135	712	3	
RIDEAU PARK	RIDEAU PARK	RID	1975	563	304	1.85	
BEDDINGTON HEIGHTS	BEDDINGTON HEIGHTS	BED	2012	11,585	4,236	2.73	
HIGHLAND PARK	HIGHLAND PARK	HPK	1970	4,809	1,582	3.04	
DOWNTOWN EAST VILLAGE	DOWNTOWN EAST VILLAGE	DNE	1983	1,036	504	2.06	
TUXEDO PARK	TUXEDO PARK	TUX	2007	4,616	2,373	1.95	
FOREST HEIGHTS	FOREST HEIGHTS	FHT	1969	3,724	796	4.68	
MAYLAND HEIGHTS	MAYLAND HEIGHTS	MAL	1993	6,148	2,458	2.5	
CRESCENT HEIGHTS	CRESCENT HEIGHTS	CRE	1968	6,017	2,316	2.6	
ROSEDALE	ROSEDALE	RDL	1975	1,542	636	2.42	
HIGHLAND PARK	HIGHLAND PARK	HPK	2001	3,679	1,863	1.97	
CHARLESWOOD/COLLINGWOOD	CHARLESWOOD		1974	8,591	2,365	3.63	Data from community of Triwood
DIAMOND COVE	DIAMOND COVE	DIA	1970	0	0	0	
SILVERADO	SILVERADO	SVO	2014	6,305	2,093	3.01	
WILDWOOD	WILDWOOD	WLD	2014	2,700	1,012	2.67	
ROXBORO	ROXBORO	ROX	1993	441	161	2.74	
VISTA HEIGHTS	VISTA HEIGHTS	VIS	1975	2,132	577	3.69	
TUSCANY	TUSCANY	TUS	2006	14,571	5,274	2.76	
HAYSBORO	HAYSBORO	HAY	2005	5,931	2,783	2	
HARVEST HILLS	HARVEST HILLS	HAR	1971	0	0	0	
COUNTRY HILLS VILLAGE	COUNTRY HILLS VILLAGE	CHV	2007	1,463	829	1.76	
BEDDINGTON HEIGHTS	BEDDINGTON HEIGHTS	BED	2009	11,951	4,221	2.83	
CANYON MEADOWS	CANYON MEADOWS	CAN	2004	7,982	3,008	2.65	
WILLOW PARK	WILLOW PARK	WIL	1982	7,012	2,183	3.21	
HAWKWOOD	HAWKWOOD	HAW	1990	6,537	1,916	3.41	
CHAPARRAL	CHAPARRAL	CHA	2017	12,964	4,133	3.14	
KINGSLAND	KINGSLAND	KIN	1975	5,113	2,064	2.48	
RED CARPET	RED CARPET	RED	1992	1,258	503	2.5	
CHRISTIE PARK	CHRISTIE PARK	CHR	2001	2,319	719	3.23	
GREENVIEW	GREENVIEW	GRV	2017	2,036	1,032	1.97	
DOUGLASDALE/GLEN	DOUGLASDALE/GLEN	DDG	2002	11,962	3,940	3.04	
CANYON MEADOWS	CANYON MEADOWS	CAN	2000	8,436	3,110	2.71	
BRIDGELAND/RIVERSIDE	BRIDGELAND/RIVERSIDE	BRD	1978	4,846	2,139	2.27	
COVENTRY HILLS	COVENTRY HILLS	COV	1974	0	0	0	
UPPER MOUNT ROYAL	UPPER MOUNT ROYAL	UMR	2001	2,630	1,035	2.54	
SAGE HILL	SAGE HILL	SGH	1968	0	0	0	
SPRINGBANK HILL	SPRINGBANK HILL	SPH	2013	9,208	3,055	3.01	
CRANSTON	CRANSTON	CRA	1974	0	0	0	
PINERIDGE	PINERIDGE	PIN	2014	10,122	3,685	2.75	
CRESTMONT	CRESTMONT	CRM	1980	0	0	0	
MARLBOROUGH	MARLBOROUGH	MRL	1980	9,904	2,879	3.44	
BRIDLEWOOD	BRIDLEWOOD	BRI	1984	0	0	0	
WHITEHORN	WHITEHORN	WHI	2016	12,374	3,680	3.36	
STRATHCONA PARK	STRATHCONA PARK	STR	2001	6,143	2,002	3.07	
HAMPTONS	HAMPTONS	HAM	1978	0	0	0	
SUNALTA	SUNALTA	SNA	1990	3,085	1,918	1.61	
WALDEN	WALDEN	WAL	2012	935	368	2.54	
ERIN WOODS	ERIN WOODS	ERI	2016	7,034	2,362	2.98	
SUNNYSIDE	SUNNYSIDE	SSD	2002	3,718	2,270	1.64	
ASPEN WOODS	ASPEN WOODS	ASP	2000	160	53	3.02	
SOMERSET	SOMERSET	SOM	1990	18	5	3.6	
POINT MCKAY	POINT MCKAY	POI	1997	1,392	825	1.69	
PINERIDGE	PINERIDGE	PIN	1995	10,050	3,296	3.05	
VALLEY RIDGE	VALLEY RIDGE	VAL	2012	5,013	1,712	2.93	
HILLHURST	HILLHURST	HIL	2003	5,353	2,643	2.03	
ALTADORE	ALTADORE	ALT	2006	8,172	3,960	2.06	
MILLRISE	MILLRISE	MLR	1991	3,525	1,117	3.16	
MCKENZIE LAKE	MCKENZIE LAKE	MCK	1976	0	0	0	
DEER RIDGE	DEER RIDGE	DRG	2006	4,344	1,457	2.98	
BOWNESS	BOWNESS	BOW	1992	12,418	4,825	2.57	
HARVEST HILLS	HARVEST HILLS	HAR	2015	7,593	2,550	2.98	
WEST SPRINGS	WEST SPRINGS	WSP	2000	385	131	2.94	
MARLBOROUGH	MARLBOROUGH	MRL	1969	889	216	4.12	
SILVERADO	SILVERADO	SVO	2015	6,827	2,259	3.02	
MILLRISE	MILLRISE	MLR	1979	32	11	2.91	
RUNDLE	RUNDLE	RUN	2001	11,564	3,487	3.32	
FALCONRIDGE	FALCONRIDGE	FAL	1982	6,467	1,987	3.25	
WOODLANDS	WOODLANDS	WOO	1995	6,979	2,324	3	
NORTH HAVEN UPPER	NORTH HAVEN UPPER	NHU	1987	816	244	3.34	
BELTLINE	BELTLINE	BLN	2004	16,119	10,209	1.58	
ROSEDALE	ROSEDALE	RDL	2004	1,591	600	2.65	
CAPITOL HILL	CAPITOL HILL	CAP	1997	3,831	1,979	1.94	
WINDSOR PARK	WINDSOR PARK	WND	2009	3,916	2,196	1.78	
KINCORA	KINCORA	KCA	1997	0	0	0	
CAPITOL HILL	CAPITOL HILL	CAP	1979	3,898	1,683	2.32	
SKYVIEW RANCH	SKYVIEW RANCH	SKR	2010	712	246	2.89	
BOWNESS	BOWNESS	BOW	2005	11,008	4,917	2.24	
EAGLE RIDGE	EAGLE RIDGE	EAG	1994	516	109	4.73	
WESTGATE	WESTGATE	WGT	1985	3,618	1,301	2.78	
OGDEN	OGDEN	OGD	1999	10,290	3,796	2.71	
SUNDANCE	SUNDANCE	SDC	2010	10,773	3,354	3.21	
UNIVERSITY HEIGHTS	UNIVERSITY HEIGHTS	UNI	2002	2,992	1,311	2.28	
BELTLINE	BELTLINE	BLN	1983	13,921	8,532	1.63	Combined communities of CONNAUGHT (CON) and VICTORIA PARK (VIC)
PANORAMA HILLS	PANORAMA HILLS	PAN	2006	10,277	3,228	3.18	
LINCOLN PARK	LINCOLN PARK	LPK	1997	1,297	587	2.21	
BELVEDERE	BELVEDERE	BVD	1999	0	0	0	
CURRIE BARRACKS	CURRIE BARRACKS	CUR	2002	101			
APPLEWOOD PARK	APPLEWOOD PARK	APP	1978	0	0	0	
HAWKWOOD	HAWKWOOD	HAW	1996	10,728	3,174	3.38	
AUBURN BAY	AUBURN BAY	AUB	2001	0	0	0	
WESTGATE	WESTGATE	WGT	2009	3,160	1,296	2.44	
WINSTON HEIGHTS/MOUNTVIEW	WINSTON HEIGHTS/MOUNTVIEW	WIN	1986	3,733	1,545	2.42	
MONTEREY PARK	MONTEREY PARK	MOR	1982	0	0	0	
WESTGATE	WESTGATE	WGT	2008	3,134	1,304	2.4	
MOUNT PLEASANT	MOUNT PLEASANT	MOP	1995	4,451	2,158	2.06	
MANCHESTER	MANCHESTER	MAN	2010	618	312	1.98	
KINCORA	KINCORA	KCA	1980	0	0	0	
MARLBOROUGH PARK	MARLBOROUGH PARK	MPK	2016	8,711	2,941	2.96	
RUNDLE	RUNDLE	RUN	1993	11,594	3,401	3.41	
WEST HILLHURST	WEST HILLHURST	WHL	1976	5,571	2,202	2.53	
PUMP HILL	PUMP HILL	PUM	2015	1,705	542	3.15	
CHINOOK PARK	CHINOOK PARK	CHK	2000	1,728	578	2.99	
WEST HILLHURST	WEST HILLHURST	WHL	1980	5,249	2,266	2.32	
UNIVERSITY HEIGHTS	UNIVERSITY HEIGHTS	UNI	1987	2,920	1,226	2.38	
RED CARPET	RED CARPET	RED	1993	1,237	491	2.52	
CORAL SPRINGS	CORAL SPRINGS	COR	2001	5,408	1,289	4.2	
CAPITOL HILL	CAPITOL HILL	CAP	2004	3,900	1,958	1.99	
CHINOOK PARK	CHINOOK PARK	CHK	1968	2,578	578	4.46	
KELVIN GROVE	KELVIN GROVE	KEL	2009	2,277	866	2.63	
BEDDINGTON HEIGHTS	BEDDINGTON HEIGHTS	BED	1991	13,237	4,066	3.26	
HUNTINGTON HILLS	HUNTINGTON HILLS	HUN	2009	13,594	5,333	2.55	
MONTGOMERY	MONTGOMERY	MON	2003	3,908	1,585	2.47	
EVERGREEN	EVERGREEN	EVE	2001	2,385	733	3.25	
MARLBOROUGH	MARLBOROUGH	MRL	2001	8,805	3,017	2.92	
KINCORA	KINCORA	KCA	2006	1,709	583	2.93	
CHRISTIE PARK	CHRISTIE PARK	CHR	2000	2,232	719	3.1	
PUMP HILL	PUMP HILL	PUM	2003	1,871	552	3.39	
MAYFAIR	MAYFAIR	MAF	1980	657	185	3.55	
ROSSCARROCK	ROSSCARROCK	RCK	2004	3,169	1,400	2.26	
VALLEY RIDGE	VALLEY RIDGE	VAL	2005	4,405	1,457	3.02	
WHITEHORN	WHITEHORN	WHI	2012	11,852	3,646	3.25	
BELTLINE	BELTLINE	BLN	2009	18,341	11,310	1.62	
GARRISON GREEN	GARRISON GREEN	GAG	1975	840	221	3.8	
VALLEY RIDGE	VALLEY RIDGE	VAL	1982	0	0	0	
ACADIA	ACADIA	ACA	1995	10,887	4,641	2.35	
MAYLAND HEIGHTS	MAYLAND HEIGHTS	MAL	1984	6,264	2,329	2.69	
CRESTMONT	CRESTMONT	CRM	1970	0	0	0	
CHINATOWN	CHINATOWN	CHN	1985	901	510	1.77	
SOUTH CALGARY	SOUTH CALGARY	SOC	1969	4,064	1,454	2.8	
HIGHWOOD	HIGHWOOD	HIW	2007	2,158	927	2.33	
UNIVERSITY DISTRICT	UNIVERSITY DISTRICT	UND	2000	0	0	0	
ROXBORO	ROXBORO	ROX	2005	417	153	2.73	
RUNDLE	RUNDLE	RUN	2011	11,029	3,605	3.06	
ABBEYDALE	ABBEYDALE	ABB	1993	6,711	1,912	3.51	
CHARLESWOOD/COLLINGWOOD	CHARLESWOOD		1988	6,198	2,371	2.61	Combined communities of CHARLESWOOD (CHW) and COLLINGWOOD (COL)
SANDSTONE VALLEY	SANDSTONE VALLEY	SAN	1968	0	0	0	
COPPERFIELD	COPPERFIELD	CPF	2001	0	0	0	
GLENDALE	GLENDALE	GDL	1977	3,243	961	3.37	
GREENWOOD/GREENBRIAR	GREENWOOD/GREENBRIAR	GRE	1989	972	447	2.17	
ELBOW PARK	ELBOW PARK	EPK	2003	3,458	1,155	2.99	
MAHOGANY	MAHOGANY	MAH	2013	1,917	606	3.16	
NOLAN HILL	NOLAN HILL	NOL	2005	11	3	3.67	
COVENTRY HILLS	COVENTRY HILLS	COV	1982	0	0	0	
CHRISTIE PARK	CHRISTIE PARK	CHR	1981	24	7	3.43	
COUGAR RIDGE	COUGAR RIDGE	CGR	2005	3,174	1,176	2.7	
ROYAL OAK	ROYAL OAK	ROY	1999	241	88	2.74	
ABBEYDALE	ABBEYDALE	ABB	1978	227	80	2.84	
CHRISTIE PARK	CHRISTIE PARK	CHR	1972	32	8	4	
DOVER	DOVER	DOV	1988	11,223	3,540	3.17	
VISTA HEIGHTS	VISTA HEIGHTS	VIS	2005	2,115	741	2.85	
SOMERSET	SOMERSET	SOM	1976	0	0	0	
SPRUCE CLIFF	SPRUCE CLIFF	SPR	1978	3,408	1,294	2.63	
RUTLAND PARK	RUTLAND PARK	RUT	1977	3,077	847	3.63	
CAMBRIAN HEIGHTS	CAMBRIAN HEIGHTS	CAM	1993	2,168	890	2.44	
LAKEVIEW	LAKEVIEW	LKV	2011	5,501	2,275	2.42	
CLIFF BUNGALOW	CLIFF BUNGALOW	CLI	2009	1,763	1,136	1.55	
ELBOYA	ELBOYA	EYA	2011	1,747	729	2.4	
HOUNSFIELD HEIGHTS/BRIAR HILL	HOUNSFIELD HEIGHTS/BRIAR HILL	HOU	1991	2,159	888	2.43	
SPRINGBANK HILL	SPRINGBANK HILL	SPH	1989	0	0	0	
COUGAR RIDGE	COUGAR RIDGE	CGR	2013	6,108	1,896	3.22	
WALDEN	WALDEN	WAL	1993	0	0	0	
FALCONRIDGE	FALCONRIDGE	FAL	2001	10,682	3,182	3.36	
EVANSTON	EVANSTON	EVN	2005	1,665	590	2.82	
CHRISTIE PARK	CHRISTIE PARK	CHR	2016	2,153	719	2.99	
MIDNAPORE	MIDNAPORE	MID	1997	7,366	2,485	2.96	
HIDDEN VALLEY	HIDDEN VALLEY	HID	2003	11,296	3,640	3.1	
BANKVIEW	BANKVIEW	BNK	1988	5,100	3,101	1.64	
MAYFAIR	MAYFAIR	MAF	1982	649	185	3.51	
CRESCENT HEIGHTS	CRESCENT HEIGHTS	CRE	1996	5,553	3,225	1.72	
AUBURN BAY	AUBURN BAY	AUB	2014	11,127	3,664	3.04	
LEGACY	LEGACY	LEG	2013	0	0	0	
SPRINGBANK HILL	SPRINGBANK HILL	SPH	1973	0	0	0	
EAGLE RIDGE	EAGLE RIDGE	EAG	1979	577	108	5.34	
MILLRISE	MILLRISE	MLR	1969	56	14	4	
THORNCLIFFE	THORNCLIFFE	THO	2005	8,812	3,591	2.45	
CRESCENT HEIGHTS	CRESCENT HEIGHTS	CRE	1999	5,739	3,273	1.75	
HIDDEN VALLEY	HIDDEN VALLEY	HID	1996	3,501	1,166	3	
BEL-AIRE	BEL-AIRE	BEL	1988	498	153	3.25	
MARTINDALE	MARTINDALE	MRT	2002	10,285	3,161	3.25	
GLAMORGAN	GLAMORGAN	GLA	1990	6,670	2,801	2.38	
WILLOW PARK	WILLOW PARK	WIL	1972	6,952	1,713	4.06	
COPPERFIELD	COPPERFIELD	CPF	1972	0	0	0	
HARVEST HILLS	HARVEST HILLS	HAR	1987	0	0	0	
BEL-AIRE	BEL-AIRE	BEL	1977	499	137	3.64	
SETON	SETON	SET	1996	0	0	0	
WINSTON HEIGHTS/MOUNTVIEW	WINSTON HEIGHTS/MOUNTVIEW	WIN	1981	4,094	1,560	2.62	
CLIFF BUNGALOW	CLIFF BUNGALOW	CLI	2002	1,998	1,294	1.54	
SOUTHVIEW	SOUTHVIEW	SOV	2016	1,845	761	2.42	
PALLISER	PALLISER	PAL	2003	3,135	1,576	1.99	
DEER RIDGE	DEER RIDGE	DRG	1996	4,749	1,538	3.09	
SADDLE RIDGE	SADDLE RIDGE	SAD	2016	19,256	4,877	3.95	
LAKEVIEW	LAKEVIEW	LKV	1968	7,181	1,626	4.42	
ROSSCARROCK	ROSSCARROCK	RCK	1989	3,400	1,450	2.34	
KELVIN GROVE	KELVIN GROVE	KEL	2004	2,227	885	2.52	
TARADALE	TARADALE	TAR	2000	2,267	723	3.14	
SOMERSET	SOMERSET	SOM	1994	0	0	0	
TEMPLE	TEMPLE	TEM	1997	11,980	3,458	3.46	
WALDEN	WALDEN	WAL	1970	0	0	0	
OAKRIDGE	OAKRIDGE	OAK	1990	7,021	2,249	3.12	
CITADEL	CITADEL	CIT	2014	10,391	3,450	3.01	
HILLHURST	HILLHURST	HIL	1972	5,253	2,161	2.43	
BELVEDERE	BELVEDERE	BVD	2012	0	0	0	
FAIRVIEW	FAIRVIEW	FAI	1997	3,785	1,537	2.46	
AUBURN BAY	AUBURN BAY	AUB	1971	0	0	0	
TEMPLE	TEMPLE	TEM	2006	11,000	3,476	3.16	
WINSTON HEIGHTS/MOUNTVIEW	WINSTON HEIGHTS/MOUNTVIEW	WIN	1995	3,734	1,615	2.31	
HUNTINGTON HILLS	HUNTINGTON HILLS	HUN	2014	13,536	5,365	2.52	
ELBOYA	ELBOYA	EYA	1994	1,649	712	2.32	
ARBOUR LAKE	ARBOUR LAKE	ARB	2016	10,921	3,874	2.82	
MAYLAND HEIGHTS	MAYLAND HEIGHTS	MAL	2005	5,901	2,612	2.26	
EAGLE RIDGE	EAGLE RIDGE	EAG	1997	442	104	4.25	
PINERIDGE	PINERIDGE	PIN	1992	10,404	3,350	3.11	
PANORAMA HILLS	PANORAMA HILLS	PAN	2008	14,288	4,366	3.27	
WOODBINE	WOODBINE	WBN	2002	10,732	3,341	3.21	
HAYSBORO	HAYSBORO	HAY	2007	6,020	2,845	2	
MAYFAIR	MAYFAIR	MAF	1986	568	184	3.09	
BELVEDERE	BELVEDERE	BVD	1975	0	0	0	
GARRISON WOODS	GARRISON WOODS	GAW	1984	0	0	0	
PALLISER	PALLISER	PAL	1989	3,187	1,407	2.27	
HOUNSFIELD HEIGHTS/BRIAR HILL	HOUNSFIELD HEIGHTS/BRIAR HILL	HOU	1983	2,787	911	3.06	
ELBOYA	ELBOYA	EYA	2008	1,651	719	2.3	
RAMSAY	RAMSAY	RAM	1982	2,443	1,030	2.37	
BRIDLEWOOD	BRIDLEWOOD	BRI	2015	13,045	4,163	3.13	
RUNDLE	RUNDLE	RUN	1989	11,582	3,443	3.36	
MARLBOROUGH PARK	MARLBOROUGH PARK	MPK	1998	9,307	2,870	3.24	
COUGAR RIDGE	COUGAR RIDGE	CGR	1992	15	6	2.5	
RIDEAU PARK	RIDEAU PARK	RID	1982	630	321	1.96	
NEW BRIGHTON	NEW BRIGHTON	NEB	1993	0	0	0	
MOUNT PLEASANT	MOUNT PLEASANT	MOP	1990	4,447	2,123	2.09	
QUEENS PARK VILLAGE	QUEENS PARK VILLAGE	QPK	1996	421	186	2.26	
WHITEHORN	WHITEHORN	WHI	2009	11,807	3,548	3.33	
NEW BRIGHTON	NEW BRIGHTON	NEB	2010	6,078	2,121	2.87	
LEGACY	LEGACY	LEG	2014	351	125	2.81	
WEST HILLHURST	WEST HILLHURST	WHL	2011	5,757	2,592	2.22	
ROYAL OAK	ROYAL OAK	ROY	2007	8,687	3,025	2.87	
CHINATOWN	CHINATOWN	CHN	1975	381	129	2.95	
WILLOW PARK	WILLOW PARK	WIL	1974	7,106	1,896	3.75	
BAYVIEW	BAYVIEW	BYV	1977	799	198	4.04	
HARVEST HILLS	HARVEST HILLS	HAR	2011	7,485	2,540	2.95	
RED CARPET	RED CARPET	RED	2009	1,657	885	1.87	
COACH HILL	COACH HILL	COA	1980	1,586	606	2.62	
ROSSCARROCK	ROSSCARROCK	RCK	1981	3,734	1,457	2.56	
CORNERSTONE	CORNERSTONE	CNS	2003	0	0	0	
CORNERSTONE	CORNERSTONE	CNS	1989	0	0	0	
ACADIA	ACADIA	ACA	1976	12,559	3,552	3.54	
CHRISTIE PARK	CHRISTIE PARK	CHR	2010	2,229	715	3.12	
TARADALE	TARADALE	TAR	1984	289	103	2.81	
SANDSTONE VALLEY	SANDSTONE VALLEY	SAN	1995	6,670	1,975	3.38	
OGDEN	OGDEN	OGD	1984	10,741	3,585	3	
HIGHWOOD	HIGHWOOD	HIW	1974	2,945	854	3.45	
MANCHESTER	MANCHESTER	MAN	2014	1,332	649	2.05	
NORTH GLENMORE PARK	NORTH GLENMORE PARK	NGM	1984	2,808	965	2.91	
HILLHURST	HILLHURST	HIL	2006	5,288	2,607	2.03	
GLENBROOK	GLENBROOK	GBK	1974	6,097	1,781	3.42	
SHERWOOD	SHERWOOD	SHW	1982	0	0	0	
ROCKY RIDGE	ROCKY RIDGE	ROC	1981	0	0	0	
APPLEWOOD PARK	APPLEWOOD PARK	APP	1973	0	0	0	
SCENIC ACRES	SCENIC ACRES	SCE	2013	8,599	2,887	2.98	
PINERIDGE	PINERIDGE	PIN	1968	30	7	4.29	
CAPITOL HILL	CAPITOL HILL	CAP	2009	4,178	2,079	2.01	
SUNNYSIDE	SUNNYSIDE	SSD	1996	3,582	2,187	1.64	
ROSEDALE	ROSEDALE	RDL	1992	1,595	650	2.45	
CRANSTON	CRANSTON	CRA	2013	13,496	4,651	2.9	
CURRIE BARRACKS	CURRIE BARRACKS	CUR	1974	0			
SOUTH CALGARY	SOUTH CALGARY	SOC	1998	3,464	1,758	1.97	
RIVERBEND	RIVERBEND	RIV	1985	1,278	426	3	
WILLOW PARK	WILLOW PARK	WIL	1970	6,235	1,456	4.28	
VISTA HEIGHTS	VISTA HEIGHTS	VIS	2012	2,204	816	2.7	
INGLEWOOD	INGLEWOOD	ING	1996	2,587	1,307	1.98	
CHARLESWOOD/COLLINGWOOD	CHARLESWOOD		1989	6,219	2,371	2.62	Combined communities of CHARLESWOOD (CHW) and COLLINGWOOD (COL)
CITYSCAPE	CITYSCAPE	CSC	2008	0	0	0	
RED CARPET	RED CARPET	RED	1994	1,269	489	2.6	
FAIRVIEW	FAIRVIEW	FAI	1994	3,774	1,487	2.54	
SUNALTA	SUNALTA	SNA	1996	2,899	1,862	1.56	
SIGNAL HILL	SIGNAL HILL	SIG	1995	6,134	2,051	2.99	
NORTH HAVEN UPPER	NORTH HAVEN UPPER	NHU	2016	620	241	2.57	
HARVEST HILLS	HARVEST HILLS	HAR	1983	0	0	0	
DOWNTOWN EAST VILLAGE	DOWNTOWN EAST VILLAGE	DNE	2011	2,747	1,003	2.74	
REDSTONE	REDSTONE	RSN	1978	0	0	0	
SETON	SETON	SET	1991	0	0	0	
ROSSCARROCK	ROSSCARROCK	RCK	1999	3,362	1,480	2.27	
RUTLAND PARK	RUTLAND PARK	RUT	1991	2,594	949	2.73	
SIGNAL HILL	SIGNAL HILL	SIG	1969	78	23	3.39	
CHINATOWN	CHINATOWN	CHN	2010	1,209	754	1.6	
COUGAR RIDGE	COUGAR RIDGE	CGR	2006	4,375	1,519	2.88	
ROSSCARROCK	ROSSCARROCK	RCK	2006	3,200	1,476	2.17	
DALHOUSIE	DALHOUSIE	DAL	1996	9,036	3,359	2.69	
DISCOVERY RIDGE	DISCOVERY RIDGE	DIS	1984	0	0	0	
SCENIC ACRES	SCENIC ACRES	SCE	2012	8,650	2,895	2.99	
ELBOW PARK	ELBOW PARK	EPK	1977	3,501	1,170	2.99	
ST. ANDREWS HEIGHTS	ST. ANDREWS HEIGHTS	STA	1995	1,946	691	2.82	
RIDEAU PARK	RIDEAU PARK	RID	2005	648	321	2.02	
SUNALTA	SUNALTA	SNA	2012	3,314	2,027	1.63	
BONAVISTA DOWNS	BONAVISTA DOWNS	BDO	2012	925	365	2.53	
GREENWOOD/GREENBRIAR	GREENWOOD/GREENBRIAR	GRE	1983	1,106	472	2.34	
CITADEL	CITADEL	CIT	1978	0	0	0	
HIGHWOOD	HIGHWOOD	HIW	2014	2,229	936	2.38	
SUNNYSIDE	SUNNYSIDE	SSD	1972	3,517	1,536	2.29	
SETON	SETON	SET	2006	0	0	0	
ROSEDALE	ROSEDALE	RDL	1968	1,788	681	2.63	
BONAVISTA DOWNS	BONAVISTA DOWNS	BDO	1996	1,068	366	2.92	
BRENTWOOD	BRENTWOOD	BRE	1996	6,324	2,517	2.51	
SIGNAL HILL	SIGNAL HILL	SIG	2008	13,959	5,149	2.71	
MEADOWLARK PARK	MEADOWLARK PARK	MEA	1975	961	293	3.28	
CITADEL	CITADEL	CIT	1994	1,598	580	2.76	
SHAGANAPPI	SHAGANAPPI	SHG	1970	2,067	700	2.95	
MAYFAIR	MAYFAIR	MAF	2003	571	182	3.14	
GREENVIEW	GREENVIEW	GRV	1983	1,976	737	2.68	
BRIDLEWOOD	BRIDLEWOOD	BRI	1998	432	157	2.75	
PINERIDGE	PINERIDGE	PIN	1987	10,119	3,243	3.12	
GLENDALE	GLENDALE	GDL	1987	2,728	1,056	2.58	
HIDDEN VALLEY	HIDDEN VALLEY	HID	2014	11,874	3,839	3.09	
TUSCANY	TUSCANY	TUS	1974	0	0	0	
MONTEREY PARK	MONTEREY PARK	MOR	2015	10,835	3,129	3.46	
TUXEDO PARK	TUXEDO PARK	TUX	1968	5,073	1,820	2.79	
CAPITOL HILL	CAPITOL HILL	CAP	1977	3,784	1,638	2.31	
SCARBORO	SCARBORO	SCA	2006	941	334	2.82	
MIDNAPORE	MIDNAPORE	MID	2006	7,276	2,610	2.79	
BANKVIEW	BANKVIEW	BNK	2010	4,752	2,967	1.6	
SANDSTONE VALLEY	SANDSTONE VALLEY	SAN	2002	6,918	2,096	3.3	
DOWNTOWN EAST VILLAGE	DOWNTOWN EAST VILLAGE	DNE	2004	2,080	822	2.53	
BELVEDERE	BELVEDERE	BVD	1979	0	0	0	
RIDEAU PARK	RIDEAU PARK	RID	1985	636	330	1.93	
PUMP HILL	PUMP HILL	PUM	1981	1,222	353	3.46	
CRESTMONT	CRESTMONT	CRM	2009	1,382	428	3.23	
DOWNTOWN EAST VILLAGE	DOWNTOWN EAST VILLAGE	DNE	2008	2,316	941	2.46	
COACH HILL	COACH HILL	COA	1995	3,062	1,225	2.5	
OGDEN	OGDEN	OGD	2014	8,918	3,754	2.38	
SOUTH CALGARY	SOUTH CALGARY	SOC	1971	3,867	1,437	2.69	
CANYON MEADOWS	CANYON MEADOWS	CAN	2007	8,024	3,103	2.59	
DOWNTOWN COMMERCIAL CORE	DOWNTOWN COMMERCIAL CORE	DNC	1993	6,276	4,062	1.55	
GARRISON GREEN	GARRISON GREEN	GAG	2000	647	218	2.97	At this time community was referred to as CFB - LINCOLN PARK PMQ (CFL)
GREENVIEW	GREENVIEW	GRV	1979	1,482	490	3.02	
OGDEN	OGDEN	OGD	1968	5,259	1,272	4.13	
ALTADORE	ALTADORE	ALT	2015	9,867	4,223	2.34	
KINGSLAND	KINGSLAND	KIN	1981	4,695	2,119	2.22	
BELTLINE	BELTLINE	BLN	1976	14,589	8,577	1.7	Combined communities of CONNAUGHT (CON) and VICTORIA PARK (VIC)
ALTADORE	ALTADORE	ALT	1973	6,127	2,073	2.96	
LEGACY	LEGACY	LEG	1993	0	0	0	
CRESTMONT	CRESTMONT	CRM	1971	0	0	0	
COUNTRY HILLS	COUNTRY HILLS	COU	2008	3,615	1,393	2.6	
CORNERSTONE	CORNERSTONE	CNS	1977	0	0	0	
ROXBORO	ROXBORO	ROX	1989	429	160	2.68	
CHINOOK PARK	CHINOOK PARK	CHK	1978	2,064	583	3.54	
CAMBRIAN HEIGHTS	CAMBRIAN HEIGHTS	CAM	1989	2,181	893	2.44	
CRESTMONT	CRESTMONT	CRM	1995	0	0	0	
SHERWOOD	SHERWOOD	SHW	2002	0	0	0	
EAGLE RIDGE	EAGLE RIDGE	EAG	2005	421	105	4.01	
HAWKWOOD	HAWKWOOD	HAW	1989	4,984	1,488	3.35	
RANCHLANDS	RANCHLANDS	RAN	2003	7,926	2,893	2.74	
ACADIA	ACADIA	ACA	2000	10,723	4,676	2.29	
REDSTONE	REDSTONE	RSN	2017	3,392	966	3.51	
GLENDALE	GLENDALE	GDL	1970	3,919	950	4.13	
GLENBROOK	GLENBROOK	GBK	2002	7,080	3,011	2.35	
HIDDEN VALLEY	HIDDEN VALLEY	HID	1986	0	0	0	
GREENWOOD/GREENBRIAR	GREENWOOD/GREENBRIAR	GRE	1997	916	416	2.2	
VARSITY	VARSITY	VAR	2012	12,200	5,394	2.26	
MONTGOMERY	MONTGOMERY	MON	2001	3,909	1,594	2.45	
ACADIA	ACADIA	ACA	2012	10,705	4,838	2.21	
ASPEN WOODS	ASPEN WOODS	ASP	2002	186	62	3	
WOODBINE	WOODBINE	WBN	2005	9,973	3,293	3.03	
FAIRVIEW	FAIRVIEW	FAI	2009	3,598	1,544	2.33	
MIDNAPORE	MIDNAPORE	MID	1989	7,677	2,476	3.1	
STRATHCONA PARK	STRATHCONA PARK	STR	2012	7,033	2,399	2.93	
MARLBOROUGH PARK	MARLBOROUGH PARK	MPK	1974	1,580	471	3.35	
ALBERT PARK/RADISSON HEIGHTS	ALBERT PARK/RADISSON HEIGHTS	ALB	2010	6,029	2,462	2.45	
NORTH GLENMORE PARK	NORTH GLENMORE PARK	NGM	1975	3,420	931	3.67	
CORNERSTONE	CORNERSTONE	CNS	1990	0	0	0	
GLENDALE	GLENDALE	GDL	1991	2,798	1,065	2.63	
VALLEY RIDGE	VALLEY RIDGE	VAL	1985	0	0	0	
EVANSTON	EVANSTON	EVN	1970	0	0	0	
NORTH HAVEN UPPER	NORTH HAVEN UPPER	NHU	1984	858	245	3.5	
PARKDALE	PARKDALE	PKD	1988	1,714	806	2.13	
BEDDINGTON HEIGHTS	BEDDINGTON HEIGHTS	BED	2013	11,814	4,266	2.77	
SPRUCE CLIFF	SPRUCE CLIFF	SPR	1983	3,146	1,261	2.49	
COUNTRY HILLS	COUNTRY HILLS	COU	2006	3,705	1,417	2.61	
HILLHURST	HILLHURST	HIL	1994	4,788	2,414	1.98	
BEL-AIRE	BEL-AIRE	BEL	1999	492	158	3.11	
BRENTWOOD	BRENTWOOD	BRE	1991	6,449	2,512	2.57	
RICHMOND	RICHMOND	RIC	2013	4,388	2,061	2.13	
HAMPTONS	HAMPTONS	HAM	1989	0	0	0	
SCENIC ACRES	SCENIC ACRES	SCE	2000	9,401	2,813	3.34	
SUNNYSIDE	SUNNYSIDE	SSD	1986	3,462	2,102	1.65	
WOODBINE	WOODBINE	WBN	1971	53	16	3.31	
BRITANNIA	BRITANNIA	BRT	1993	766	319	2.4	
COUGAR RIDGE	COUGAR RIDGE	CGR	1991	15	5	3	
SAGE HILL	SAGE HILL	SGH	1992	71	20	3.55	
CHARLESWOOD/COLLINGWOOD	CHARLESWOOD		1975	8,383	2,363	3.55	Data from community of Triwood
RED CARPET	RED CARPET	RED	1973	383	113	3.39	
PALLISER	PALLISER	PAL	2002	3,192	1,602	1.99	
DIAMOND COVE	DIAMOND COVE	DIA	1982	0	0	0	
GARRISON WOODS	GARRISON WOODS	GAW	1978	0	0	0	
SUNALTA	SUNALTA	SNA	1975	2,833	1,460	1.94	
SPRUCE CLIFF	SPRUCE CLIFF	SPR	1977	3,506	1,304	2.69	
RENFREW	RENFREW	REN	1981	6,117	2,613	2.34	
RENFREW	RENFREW	REN	2013	5,963	3,001	1.99	
COPPERFIELD	COPPERFIELD	CPF	1977	0	0	0	
OAKRIDGE	OAKRIDGE	OAK	1971	801	213	3.76	
MANCHESTER	MANCHESTER	MAN	2008	614	314	1.96	
RUNDLE	RUNDLE	RUN	2015	11,946	3,727	3.21	
MARLBOROUGH PARK	MARLBOROUGH PARK	MPK	1981	9,614	2,744	3.5	
VARSITY	VARSITY	VAR	1975	10,630	2,980	3.57	
BAYVIEW	BAYVIEW	BYV	2011	648	238	2.72	
NORTH GLENMORE PARK	NORTH GLENMORE PARK	NGM	1994	2,524	976	2.59	
DEER RUN	DEER RUN	DRN	2016	5,182	2,036	2.55	
MCKENZIE TOWNE	MCKENZIE TOWNE	MCT	2002	3,963	1,573	2.52	
RANCHLANDS	RANCHLANDS	RAN	2004	7,741	2,870	2.7	
SADDLE RIDGE	SADDLE RIDGE	SAD	1998	138	40	3.45	
EAU CLAIRE	EAU CLAIRE	EAU	1994	820	493	1.66	
CITADEL	CITADEL	CIT	2012	10,197	3,414	2.99	
CORAL SPRINGS	CORAL SPRINGS	COR	2016	5,831	1,531	3.81	
PARKHILL	PARKHILL	PKH	1973	1,573	575	2.74	
SILVERADO	SILVERADO	SVO	1991	21	8	2.63	
ACADIA	ACADIA	ACA	1985	11,005	4,183	2.63	
CHRISTIE PARK	CHRISTIE PARK	CHR	1984	21	9	2.33	
BELTLINE	BELTLINE	BLN	2001	17,554	10,602	1.66	Combined communities of CONNAUGHT (CON) and VICTORIA PARK (VIC)
EDGEMONT	EDGEMONT	EDG	2016	15,708	5,301	2.96	
DOWNTOWN WEST END	DOWNTOWN WEST END	DNW	1974	668	389	1.72	
DOVER	DOVER	DOV	1999	11,331	4,037	2.81	
REDSTONE	REDSTONE	RSN	2008	0	0	0	
COUNTRY HILLS	COUNTRY HILLS	COU	2013	3,788	1,405	2.7	
DISCOVERY RIDGE	DISCOVERY RIDGE	DIS	2002	713	229	3.11	
HUNTINGTON HILLS	HUNTINGTON HILLS	HUN	2007	13,835	5,390	2.57	
RUNDLE	RUNDLE	RUN	1972	0	0	0	
NORTH GLENMORE PARK	NORTH GLENMORE PARK	NGM	1972	3,595	919	3.91	
CRANSTON	CRANSTON	CRA	1996	0	0	0	
TUXEDO PARK	TUXEDO PARK	TUX	1985	4,170	2,037	2.05	
MACEWAN GLEN	MACEWAN GLEN	MAC	1997	5,660	1,759	3.22	
ABBEYDALE	ABBEYDALE	ABB	1969	0	0	0	
WOODBINE	WOODBINE	WBN	2014	9,162	3,320	2.76	
WEST HILLHURST	WEST HILLHURST	WHL	1983	5,178	2,328	2.22	
SPRINGBANK HILL	SPRINGBANK HILL	SPH	1990	0	0	0	
CEDARBRAE	CEDARBRAE	CED	1990	6,965	2,273	3.06	
HIGHLAND PARK	HIGHLAND PARK	HPK	1997	3,668	1,851	1.98	
BOWNESS	BOWNESS	BOW	2000	11,919	4,957	2.4	
CAPITOL HILL	CAPITOL HILL	CAP	2001	3,919	1,988	1.97	
POINT MCKAY	POINT MCKAY	POI	1995	1,391	812	1.71	
SAGE HILL	SAGE HILL	SGH	2011	1,425	546	2.61	
SILVER SPRINGS	SILVER SPRINGS	SIL	1992	10,419	3,346	3.11	
KINCORA	KINCORA	KCA	2014	5,398	1,637	3.3	
DEER RIDGE	DEER RIDGE	DRG	2004	4,383	1,445	3.03	
SOUTHVIEW	SOUTHVIEW	SOV	2007	2,168	853	2.54	
GLAMORGAN	GLAMORGAN	GLA	2008	6,493	2,880	2.25	
MCKENZIE TOWNE	MCKENZIE TOWNE	MCT	1981	0	0	0	
DISCOVERY RIDGE	DISCOVERY RIDGE	DIS	2013	4,349	1,602	2.71	
EDGEMONT	EDGEMONT	EDG	1997	15,143	4,538	3.34	
CRANSTON	CRANSTON	CRA	2002	1,094	411	2.66	
LEGACY	LEGACY	LEG	1985	0	0	0	
DOVER	DOVER	DOV	1997	11,452	4,022	2.85	
BEDDINGTON HEIGHTS	BEDDINGTON HEIGHTS	BED	1969	0	0	0	
CORNERSTONE	CORNERSTONE	CNS	2001	0	0	0	
EVANSTON	EVANSTON	EVN	1991	11	3	3.67	
CAMBRIAN HEIGHTS	CAMBRIAN HEIGHTS	CAM	1991	2,154	892	2.41	
PARKHILL	PARKHILL	PKH	1982	1,335	570	2.34	
TUSCANY	TUSCANY	TUS	1997	646	236	2.74	
BANKVIEW	BANKVIEW	BNK	1977	5,011	2,568	1.95	
CLIFF BUNGALOW	CLIFF BUNGALOW	CLI	2006	2,049	1,291	1.59	
SHAGANAPPI	SHAGANAPPI	SHG	1984	1,655	752	2.2	
DEER RUN	DEER RUN	DRN	1988	5,978	1,928	3.1	
PATTERSON	PATTERSON	PAT	2003	4,164	1,825	2.28	
HAYSBORO	HAYSBORO	HAY	1994	6,194	2,759	2	
WILDWOOD	WILDWOOD	WLD	1994	2,646	1,034	2.56	
MAPLE RIDGE	MAPLE RIDGE	MPL	2002	2,115	805	2.63	
MCKENZIE TOWNE	MCKENZIE TOWNE	MCT	2010	14,702	5,771	2.55	
TEMPLE	TEMPLE	TEM	2009	10,999	3,497	3.15	
NORTH HAVEN	NORTH HAVEN	NHV	1996	2,452	944	2.6	
RED CARPET	RED CARPET	RED	1969	0	0	0	
KELVIN GROVE	KELVIN GROVE	KEL	1979	2,359	755	3.12	
STRATHCONA PARK	STRATHCONA PARK	STR	1999	5,577	1,802	3.09	
HAMPTONS	HAMPTONS	HAM	2003	7,594	2,249	3.38	
DOWNTOWN WEST END	DOWNTOWN WEST END	DNW	1986	476	306	1.56	
NORTH HAVEN UPPER	NORTH HAVEN UPPER	NHU	1991	796	245	3.25	
DOUGLASDALE/GLEN	DOUGLASDALE/GLEN	DDG	1996	6,502	2,226	2.92	
GLENBROOK	GLENBROOK	GBK	1990	7,366	2,859	2.58	
EAU CLAIRE	EAU CLAIRE	EAU	1978	188	86	2.19	
MAHOGANY	MAHOGANY	MAH	2004	15	9	1.67	
WILLOW PARK	WILLOW PARK	WIL	1993	5,852	2,183	2.68	
ROYAL OAK	ROYAL OAK	ROY	1997	68	24	2.83	
ROSEDALE	ROSEDALE	RDL	1982	1,539	668	2.3	
WEST HILLHURST	WEST HILLHURST	WHL	1974	5,795	2,163	2.68	
GREENWOOD/GREENBRIAR	GREENWOOD/GREENBRIAR	GRE	1995	911	417	2.18	
MARLBOROUGH	MARLBOROUGH	MRL	1988	9,422	2,953	3.19	
TUSCANY	TUSCANY	TUS	1988	0	0	0	
PARKLAND	PARKLAND	PKL	1984	4,980	1,343	3.71	
TARADALE	TARADALE	TAR	1989	1,066	323	3.3	
CRESTMONT	CRESTMONT	CRM	2016	1,538	476	3.23	
APPLEWOOD PARK	APPLEWOOD PARK	APP	2007	6,066	1,928	3.15	
UNIVERSITY DISTRICT	UNIVERSITY DISTRICT	UND	1976	0	0	0	
RAMSAY	RAMSAY	RAM	1998	2,202	1,053	2.09	
KINGSLAND	KINGSLAND	KIN	1984	4,160	1,958	2.12	
RIVERBEND	RIVERBEND	RIV	1984	1,009	349	2.89	
APPLEWOOD PARK	APPLEWOOD PARK	APP	2001	5,269	1,435	3.67	
MARLBOROUGH	MARLBOROUGH	MRL	2013	8,719	3,009	2.9	
BOWNESS	BOWNESS	BOW	1980	12,899	4,292	3.01	
DIAMOND COVE	DIAMOND COVE	DIA	2006	799	269	2.97	
DOWNTOWN EAST VILLAGE	DOWNTOWN EAST VILLAGE	DNE	1985	1,058	589	1.8	
SHAWNEE SLOPES	SHAWNEE SLOPES	SHS	1994	1,431	469	3.05	
MARLBOROUGH	MARLBOROUGH	MRL	1981	9,951	2,902	3.43	
BRITANNIA	BRITANNIA	BRT	1976	957	320	2.99	
RIDEAU PARK	RIDEAU PARK	RID	1977	571	268	2.13	
FOREST LAWN	FOREST LAWN	FLN	1980	8,814	2,828	3.12	
CORNERSTONE	CORNERSTONE	CNS	1987	0	0	0	
GLENDALE	GLENDALE	GDL	1983	2,842	980	2.9	
DOWNTOWN COMMERCIAL CORE	DOWNTOWN COMMERCIAL CORE	DNC	2008	7,887	4,445	1.77	
WILDWOOD	WILDWOOD	WLD	2006	2,621	1,033	2.54	
COVENTRY HILLS	COVENTRY HILLS	COV	2010	15,726	5,201	3.02	
MAYFAIR	MAYFAIR	MAF	1984	591	181	3.27	
SADDLE RIDGE	SADDLE RIDGE	SAD	1977	282	75	3.76	
ROSSCARROCK	ROSSCARROCK	RCK	2015	3,447	1,529	2.25	
BEDDINGTON HEIGHTS	BEDDINGTON HEIGHTS	BED	1984	11,925	3,811	3.13	
ROYAL OAK	ROYAL OAK	ROY	1994	58	25	2.32	
CASTLERIDGE	CASTLERIDGE	CAS	2010	5,947	1,791	3.32	
CHINATOWN	CHINATOWN	CHN	2017	2,124	1,436	1.48	
WILLOW PARK	WILLOW PARK	WIL	1977	7,289	2,073	3.52	
MAYFAIR	MAYFAIR	MAF	1981	629	180	3.49	
TUSCANY	TUSCANY	TUS	1981	0	0	0	
GLENDALE	GLENDALE	GDL	1981	2,923	967	3.02	
MARLBOROUGH	MARLBOROUGH	MRL	1991	9,420	2,983	3.16	
EVANSTON	EVANSTON	EVN	1999	17	7	2.43	
CITADEL	CITADEL	CIT	1992	141	45	3.13	
QUEENSLAND	QUEENSLAND	QLD	1988	6,046	1,785	3.39	
PARKDALE	PARKDALE	PKD	1985	1,815	799	2.27	
WEST SPRINGS	WEST SPRINGS	WSP	1978	0	0	0	
DEER RUN	DEER RUN	DRN	1995	6,471	2,057	3.15	
COVENTRY HILLS	COVENTRY HILLS	COV	2012	15,969	5,257	3.04	
SUNNYSIDE	SUNNYSIDE	SSD	1994	3,556	2,175	1.63	
WESTGATE	WESTGATE	WGT	1982	3,362	1,091	3.08	
FOREST HEIGHTS	FOREST HEIGHTS	FHT	1981	6,932	1,926	3.6	
MAYFAIR	MAYFAIR	MAF	1998	573	185	3.1	
WHITEHORN	WHITEHORN	WHI	2008	11,665	3,478	3.35	
CHAPARRAL	CHAPARRAL	CHA	2007	8,896	2,741	3.25	
MOUNT PLEASANT	MOUNT PLEASANT	MOP	1985	4,329	2,104	2.06	
CITYSCAPE	CITYSCAPE	CSC	1989	0	0	0	
RICHMOND	RICHMOND	RIC	1972	4,640	1,672	2.78	
MCKENZIE LAKE	MCKENZIE LAKE	MCK	1993	5,184	1,476	3.51	
FAIRVIEW	FAIRVIEW	FAI	1980	4,825	1,545	3.12	
LAKE BONAVISTA	LAKE BONAVISTA	LKB	1993	11,907	3,639	3.27	
MCKENZIE LAKE	MCKENZIE LAKE	MCK	2009	14,533	4,586	3.17	
QUEENS PARK VILLAGE	QUEENS PARK VILLAGE	QPK	1997	405	186	2.18	
GREENWOOD/GREENBRIAR	GREENWOOD/GREENBRIAR	GRE	2006	983	481	2.04	
PARKHILL	PARKHILL	PKH	1999	1,518	740	2.05	
DISCOVERY RIDGE	DISCOVERY RIDGE	DIS	2009	4,286	1,586	2.7	
NEW BRIGHTON	NEW BRIGHTON	NEB	1983	0	0	0	
TUXEDO PARK	TUXEDO PARK	TUX	1986	4,130	2,031	2.03	
ERIN WOODS	ERIN WOODS	ERI	1990	4,227	1,216	3.48	
MEADOWLARK PARK	MEADOWLARK PARK	MEA	1979	867	292	2.97	
ELBOW PARK	ELBOW PARK	EPK	1980	3,318	1,162	2.86	
CHINOOK PARK	CHINOOK PARK	CHK	1980	1,938	581	3.34	
BELTLINE	BELTLINE	BLN	1972	14,902	8,141	1.83	Combined communities of CONNAUGHT (CON) and VICTORIA PARK (VIC)
CITYSCAPE	CITYSCAPE	CSC	1992	0	0	0	
BAYVIEW	BAYVIEW	BYV	1993	716	238	3.01	
ROXBORO	ROXBORO	ROX	1987	435	163	2.67	
VALLEY RIDGE	VALLEY RIDGE	VAL	2004	4,182	1,399	2.99	
HUNTINGTON HILLS	HUNTINGTON HILLS	HUN	2011	13,279	5,327	2.49	
PATTERSON	PATTERSON	PAT	1992	1,459	695	2.1	
GREENVIEW	GREENVIEW	GRV	1970	1,344	304	4.42	
TEMPLE	TEMPLE	TEM	1988	11,583	3,387	3.42	
CURRIE BARRACKS	CURRIE BARRACKS	CUR	2000	133			
PINERIDGE	PINERIDGE	PIN	2006	9,857	3,699	2.66	
SADDLE RIDGE	SADDLE RIDGE	SAD	2014	17,775	4,330	4.11	
AUBURN BAY	AUBURN BAY	AUB	2005	0	0	0	
COUGAR RIDGE	COUGAR RIDGE	CGR	1995	21	5	4.2	
TARADALE	TARADALE	TAR	1970	0	0	0	
GLAMORGAN	GLAMORGAN	GLA	2012	6,376	2,858	2.23	
NOLAN HILL	NOLAN HILL	NOL	1977	0	0	0	
OGDEN	OGDEN	OGD	1988	10,642	3,685	2.89	
WEST HILLHURST	WEST HILLHURST	WHL	2001	5,401	2,575	2.1	
PENBROOKE MEADOWS	PENBROOKE MEADOWS	PEN	1975	7,844	2,056	3.82	
KELVIN GROVE	KELVIN GROVE	KEL	2013	2,421	884	2.74	
HAWKWOOD	HAWKWOOD	HAW	1971	0	0	0	
WALDEN	WALDEN	WAL	1988	0	0	0	
KELVIN GROVE	KELVIN GROVE	KEL	1968	1,905	403	4.73	
ALBERT PARK/RADISSON HEIGHTS	ALBERT PARK/RADISSON HEIGHTS	ALB	1992	6,707	2,346	2.86	
BRIDLEWOOD	BRIDLEWOOD	BRI	1999	1,662	585	2.84	
CEDARBRAE	CEDARBRAE	CED	1994	6,698	2,281	2.94	
CORNERSTONE	CORNERSTONE	CNS	1974	0	0	0	
MARLBOROUGH	MARLBOROUGH	MRL	1987	9,311	2,901	3.21	
RUTLAND PARK	RUTLAND PARK	RUT	2008	2,270	948	2.39	
RENFREW	RENFREW	REN	1978	6,005	2,320	2.59	
WILLOW PARK	WILLOW PARK	WIL	1986	6,401	2,206	2.9	
GREENVIEW	GREENVIEW	GRV	2011	1,956	1,034	1.89	
SAGE HILL	SAGE HILL	SGH	1986	0	0	0	
HAWKWOOD	HAWKWOOD	HAW	2010	9,989	3,283	3.04	
KINGSLAND	KINGSLAND	KIN	1993	4,083	2,058	1.98	
BRAESIDE	BRAESIDE	BRA	1972	2,294	565	4.06	
WOODLANDS	WOODLANDS	WOO	2011	6,201	2,336	2.65	
HILLHURST	HILLHURST	HIL	2008	5,333	2,586	2.06	
QUEENSLAND	QUEENSLAND	QLD	1990	5,926	1,786	3.32	
WILDWOOD	WILDWOOD	WLD	1980	3,193	1,052	3.04	
MISSION	MISSION	MIS	2012	4,325	3,062	1.41	
SETON	SETON	SET	1997	0	0	0	
DOWNTOWN EAST VILLAGE	DOWNTOWN EAST VILLAGE	DNE	1998	1,288	665	1.94	
DOUGLASDALE/GLEN	DOUGLASDALE/GLEN	DDG	1970	0	0	0	
OAKRIDGE	OAKRIDGE	OAK	2002	6,382	2,278	2.8	
DALHOUSIE	DALHOUSIE	DAL	2010	8,983	3,602	2.49	
ASPEN WOODS	ASPEN WOODS	ASP	1994	0	0	0	
ALBERT PARK/RADISSON HEIGHTS	ALBERT PARK/RADISSON HEIGHTS	ALB	1981	6,339	2,098	3.02	
LAKEVIEW	LAKEVIEW	LKV	1971	7,994	1,836	4.35	
NORTH HAVEN UPPER	NORTH HAVEN UPPER	NHU	1978	862	240	3.59	
DIAMOND COVE	DIAMOND COVE	DIA	1986	0	0	0	
EVERGREEN	EVERGREEN	EVE	2003	3,833	1,272	3.01	
SETON	SETON	SET	1973	0	0	0	
WILLOW PARK	WILLOW PARK	WIL	1969	5,532	1,265	4.37	
WILLOW PARK	WILLOW PARK	WIL	1975	7,086	1,904	3.72	
ERLTON	ERLTON	ERL	1974	835	330	2.53	
SHAWNESSY	SHAWNESSY	SHN	1999	8,432	2,589	3.26	
FALCONRIDGE	FALCONRIDGE	FAL	1990	10,420	3,082	3.38	
COUGAR RIDGE	COUGAR RIDGE	CGR	1993	19	6	3.17	
HIGHLAND PARK	HIGHLAND PARK	HPK	1981	4,079	1,716	2.38	
KINCORA	KINCORA	KCA	1988	0	0	0	
GREENVIEW	GREENVIEW	GRV	2005	1,941	1,022	1.9	
ELBOYA	ELBOYA	EYA	1995	1,669	713	2.34	
ALBERT PARK/RADISSON HEIGHTS	ALBERT PARK/RADISSON HEIGHTS	ALB	1994	6,349	2,287	2.78	
POINT MCKAY	POINT MCKAY	POI	1977	0	0	0	
DEER RUN	DEER RUN	DRN	2015	5,319	2,087	2.55	
SAGE HILL	SAGE HILL	SGH	2000	81	25	3.24	
RAMSAY	RAMSAY	RAM	1969	3,005	1,021	2.94	
HUNTINGTON HILLS	HUNTINGTON HILLS	HUN	2012	13,213	5,348	2.47	
LINCOLN PARK	LINCOLN PARK	LPK	1979	34	4	8.5	
MARLBOROUGH PARK	MARLBOROUGH PARK	MPK	2015	8,878	3,004	2.96	
VISTA HEIGHTS	VISTA HEIGHTS	VIS	1974	2,221	574	3.87	
LAKE BONAVISTA	LAKE BONAVISTA	LKB	1989	11,669	3,352	3.48	
MARTINDALE	MARTINDALE	MRT	1997	5,998	1,927	3.11	
COUGAR RIDGE	COUGAR RIDGE	CGR	2002	296	103	2.87	
BANKVIEW	BANKVIEW	BNK	1984	4,744	2,778	1.71	
SCARBORO	SCARBORO	SCA	1971	1,115	348	3.2	
UNIVERSITY HEIGHTS	UNIVERSITY HEIGHTS	UNI	1968	2,588	711	3.64	
WEST HILLHURST	WEST HILLHURST	WHL	1971	6,599	2,174	3.04	
LAKEVIEW	LAKEVIEW	LKV	1996	5,747	2,289	2.51	
LOWER MOUNT ROYAL	LOWER MOUNT ROYAL	LMR	1980	2,978	1,822	1.63	
FAIRVIEW	FAIRVIEW	FAI	1968	6,425	1,508	4.26	
KELVIN GROVE	KELVIN GROVE	KEL	1989	2,178	845	2.58	
APPLEWOOD PARK	APPLEWOOD PARK	APP	1997	3,933	1,145	3.43	
WINDSOR PARK	WINDSOR PARK	WND	2010	3,804	2,242	1.7	
OAKRIDGE	OAKRIDGE	OAK	2001	6,486	2,262	2.87	
RENFREW	RENFREW	REN	1995	5,374	2,628	2.04	
NORTH GLENMORE PARK	NORTH GLENMORE PARK	NGM	1981	2,978	941	3.16	
SCENIC ACRES	SCENIC ACRES	SCE	1972	0	0	0	
MIDNAPORE	MIDNAPORE	MID	1974	297	58	5.12	
PARKLAND	PARKLAND	PKL	1977	4,575	1,248	3.67	
BAYVIEW	BAYVIEW	BYV	1989	716	235	3.05	
PALLISER	PALLISER	PAL	2005	3,196	1,619	1.97	
PARKHILL	PARKHILL	PKH	1983	1,111	519	2.14	
SETON	SETON	SET	2004	0	0	0	
CHRISTIE PARK	CHRISTIE PARK	CHR	1990	477	146	3.27	
FOREST LAWN	FOREST LAWN	FLN	1995	7,870	2,895	2.72	
CANYON MEADOWS	CANYON MEADOWS	CAN	2005	7,953	3,060	2.6	
SKYVIEW RANCH	SKYVIEW RANCH	SKR	1987	0	0	0	
KELVIN GROVE	KELVIN GROVE	KEL	2002	2,243	887	2.53	
EAU CLAIRE	EAU CLAIRE	EAU	2002	1,463	874	1.67	
RENFREW	RENFREW	REN	1968	8,019	2,478	3.24	
HIDDEN VALLEY	HIDDEN VALLEY	HID	1972	0	0	0	
PENBROOKE MEADOWS	PENBROOKE MEADOWS	PEN	1996	9,394	2,800	3.36	
UNIVERSITY HEIGHTS	UNIVERSITY HEIGHTS	UNI	1997	3,027	1,354	2.24	
HAYSBORO	HAYSBORO	HAY	2012	6,943	3,490	2	
ROXBORO	ROXBORO	ROX	1973	481	167	2.88	
SOUTH CALGARY	SOUTH CALGARY	SOC	2008	3,616	1,882	1.92	
HAWKWOOD	HAWKWOOD	HAW	1987	3,750	1,128	3.32	
LAKE BONAVISTA	LAKE BONAVISTA	LKB	2003	10,516	3,471	3.03	
ALBERT PARK/RADISSON HEIGHTS	ALBERT PARK/RADISSON HEIGHTS	ALB	1999	6,495	2,422	2.68	
CHINOOK PARK	CHINOOK PARK	CHK	2008	1,728	575	3.01	
DEER RIDGE	DEER RIDGE	DRG	1989	4,372	1,309	3.34	
CORAL SPRINGS	CORAL SPRINGS	COR	1970	0	0	0	
BAYVIEW	BAYVIEW	BYV	2003	677	243	2.79	
MAHOGANY	MAHOGANY	MAH	2007	17	4	4.25	
CHARLESWOOD/COLLINGWOOD	CHARLESWOOD		1970	9,663	2,349	4.11	Data from community of Triwood
GLAMORGAN	GLAMORGAN	GLA	1986	6,761	2,749	2.46	
MCKENZIE LAKE	MCKENZIE LAKE	MCK	1972	0	0	0	
APPLEWOOD PARK	APPLEWOOD PARK	APP	2005	6,025	1,905	3.16	
WEST SPRINGS	WEST SPRINGS	WSP	2012	8,228	2,668	3.08	
BELVEDERE	BELVEDERE	BVD	1995	0	0	0	
QUEENSLAND	QUEENSLAND	QLD	2017	4,787	1,836	2.61	
GREENVIEW	GREENVIEW	GRV	2004	1,963	1,022	1.92	
DOWNTOWN WEST END	DOWNTOWN WEST END	DNW	2017	2,456	1,414	1.74	
BANKVIEW	BANKVIEW	BNK	1968	4,749	1,866	2.55	
BONAVISTA DOWNS	BONAVISTA DOWNS	BDO	1980	1,258	366	3.44	
SANDSTONE VALLEY	SANDSTONE VALLEY	SAN	2010	6,379	2,083	3.06	
HILLHURST	HILLHURST	HIL	2012	6,291	3,094	2.03	
ELBOW PARK	ELBOW PARK	EPK	2007	3,472	1,127	3.08	
BRENTWOOD	BRENTWOOD	BRE	1984	6,889	2,407	2.86	
GLAMORGAN	GLAMORGAN	GLA	2011	6,242	2,820	2.21	
MONTEREY PARK	MONTEREY PARK	MOR	1969	0	0	0	
SHAWNESSY	SHAWNESSY	SHN	2010	9,309	3,222	2.89	
SETON	SETON	SET	1979	0	0	0	
RAMSAY	RAMSAY	RAM	1997	2,175	1,039	2.09	
WILLOW PARK	WILLOW PARK	WIL	1984	6,529	2,151	3.04	
THORNCLIFFE	THORNCLIFFE	THO	1980	10,850	3,599	3.01	
UNIVERSITY HEIGHTS	UNIVERSITY HEIGHTS	UNI	1972	2,638	725	3.64	
WINSTON HEIGHTS/MOUNTVIEW	WINSTON HEIGHTS/MOUNTVIEW	WIN	1991	3,516	1,534	2.29	
GLENDALE	GLENDALE	GDL	1990	2,771	1,065	2.6	
HARVEST HILLS	HARVEST HILLS	HAR	1994	1,700	555	3.06	
NORTH GLENMORE PARK	NORTH GLENMORE PARK	NGM	1973	3,573	926	3.86	
SCARBORO/SUNALTA WEST	SCARBORO	SSW	2013	409	157	2.61	
COVENTRY HILLS	COVENTRY HILLS	COV	2000	5,459	1,878	2.91	
HIGHWOOD	HIGHWOOD	HIW	1986	2,125	874	2.43	
SHAWNEE SLOPES	SHAWNEE SLOPES	SHS	1985	16	5	3.2	
BAYVIEW	BAYVIEW	BYV	1978	804	203	3.96	
REDSTONE	REDSTONE	RSN	1984	0	0	0	
SHAGANAPPI	SHAGANAPPI	SHG	1975	1,786	706	2.53	
ABBEYDALE	ABBEYDALE	ABB	1971	0	0	0	
AUBURN BAY	AUBURN BAY	AUB	1990	0	0	0	
WINSTON HEIGHTS/MOUNTVIEW	WINSTON HEIGHTS/MOUNTVIEW	WIN	2001	3,700	1,646	2.25	
NORTH HAVEN	NORTH HAVEN	NHV	2009	2,323	937	2.48	
SOUTHWOOD	SOUTHWOOD	SOW	2006	6,193	2,571	2.41	
EVANSTON	EVANSTON	EVN	1972	0	0	0	
LEGACY	LEGACY	LEG	2012	0	0	0	
CHARLESWOOD/COLLINGWOOD	CHARLESWOOD		1986	6,352	2,367	2.68	Combined communities of CHARLESWOOD (CHW) and COLLINGWOOD (COL)
NORTH HAVEN UPPER	NORTH HAVEN UPPER	NHU	1977	712	202	3.52	
BRIDLEWOOD	BRIDLEWOOD	BRI	2001	3,806	1,321	2.88	
VARSITY	VARSITY	VAR	1990	12,892	5,107	2.52	
SHAWNESSY	SHAWNESSY	SHN	2014	9,602	3,270	2.94	
EVERGREEN	EVERGREEN	EVE	1972	0	0	0	
CANYON MEADOWS	CANYON MEADOWS	CAN	2003	8,294	3,109	2.67	
BRAESIDE	BRAESIDE	BRA	1982	7,474	2,394	3.12	
CHINOOK PARK	CHINOOK PARK	CHK	2016	1,687	574	2.94	
PUMP HILL	PUMP HILL	PUM	1987	1,460	419	3.48	
SILVERADO	SILVERADO	SVO	1977	0	0	0	
CANYON MEADOWS	CANYON MEADOWS	CAN	1995	8,421	2,999	2.81	
WINSTON HEIGHTS/MOUNTVIEW	WINSTON HEIGHTS/MOUNTVIEW	WIN	2013	3,875	1,745	2.22	
TUXEDO PARK	TUXEDO PARK	TUX	1999	4,497	2,256	1.99	
WEST HILLHURST	WEST HILLHURST	WHL	2013	5,978	2,685	2.23	
EAU CLAIRE	EAU CLAIRE	EAU	1977	460	199	2.31	
HUNTINGTON HILLS	HUNTINGTON HILLS	HUN	1969	1,786	443	4.03	
SHAGANAPPI	SHAGANAPPI	SHG	1974	1,863	708	2.63	
PALLISER	PALLISER	PAL	2017	3,484	1,750	1.99	
ROXBORO	ROXBORO	ROX	2002	402	156	2.58	
FAIRVIEW	FAIRVIEW	FAI	1971	6,185	1,541	4.01	
SUNNYSIDE	SUNNYSIDE	SSD	1980	3,733	2,098	1.78	
SIGNAL HILL	SIGNAL HILL	SIG	2014	13,763	5,159	2.67	
CORAL SPRINGS	CORAL SPRINGS	COR	1998	2,871	699	4.11	
VARSITY	VARSITY	VAR	1968	4,923	1,162	4.24	
SANDSTONE VALLEY	SANDSTONE VALLEY	SAN	1983	220	83	2.65	
HIGHWOOD	HIGHWOOD	HIW	1972	3,184	856	3.72	
SCARBORO	SCARBORO	SCA	1976	1,042	340	3.06	
DOWNTOWN COMMERCIAL CORE	DOWNTOWN COMMERCIAL CORE	DNC	1984	4,980	3,666	1.36	
GLENBROOK	GLENBROOK	GBK	1986	7,338	2,836	2.59	
PUMP HILL	PUMP HILL	PUM	2002	1,886	553	3.41	
HAYSBORO	HAYSBORO	HAY	1974	7,508	2,114	4	
LOWER MOUNT ROYAL	LOWER MOUNT ROYAL	LMR	1983	2,761	1,650	1.67	
SCARBORO	SCARBORO	SCA	2007	936	326	2.87	
ARBOUR LAKE	ARBOUR LAKE	ARB	1989	0	0	0	
DOVER	DOVER	DOV	2013	10,634	4,546	2.34	
CEDARBRAE	CEDARBRAE	CED	1991	6,918	2,251	3.07	
CRESTMONT	CRESTMONT	CRM	1974	0	0	0	
MARLBOROUGH PARK	MARLBOROUGH PARK	MPK	1968	0	0	0	
HAYSBORO	HAYSBORO	HAY	2013	7,043	3,470	2	
COVENTRY HILLS	COVENTRY HILLS	COV	1996	2,265	800	2.83	
FOREST LAWN	FOREST LAWN	FLN	2013	7,857	3,099	2.54	
CEDARBRAE	CEDARBRAE	CED	1982	5,105	1,581	3.23	
CHARLESWOOD/COLLINGWOOD	CHARLESWOOD		1987	6,308	2,369	2.66	Combined communities of CHARLESWOOD (CHW) and COLLINGWOOD (COL)
DEER RIDGE	DEER RIDGE	DRG	1969	0	0	0	
ABBEYDALE	ABBEYDALE	ABB	2012	5,917	1,972	3	
UPPER MOUNT ROYAL	UPPER MOUNT ROYAL	UMR	2009	2,552	992	2.57	
QUEENS PARK VILLAGE	QUEENS PARK VILLAGE	QPK	2017	430	181	2.38	
HIDDEN VALLEY	HIDDEN VALLEY	HID	1979	0	0	0	
BOWNESS	BOWNESS	BOW	1972	11,545	3,064	3.77	
WESTGATE	WESTGATE	WGT	2004	3,218	1,328	2.42	
COUNTRY HILLS VILLAGE	COUNTRY HILLS VILLAGE	CHV	1989	0	0	0	
OGDEN	OGDEN	OGD	2015	8,847	3,744	2.36	
PARKHILL	PARKHILL	PKH	2004	1,539	724	2.13	
CANYON MEADOWS	CANYON MEADOWS	CAN	2011	7,895	3,102	2.55	
DIAMOND COVE	DIAMOND COVE	DIA	1987	0	0	0	
SKYVIEW RANCH	SKYVIEW RANCH	SKR	1983	0	0	0	
ARBOUR LAKE	ARBOUR LAKE	ARB	2013	10,961	3,829	2.86	
SANDSTONE VALLEY	SANDSTONE VALLEY	SAN	1987	1,635	520	3.14	
ARBOUR LAKE	ARBOUR LAKE	ARB	1995	1,959	652	3	
MAYLAND HEIGHTS	MAYLAND HEIGHTS	MAL	2007	5,930	2,642	2.24	
CHINOOK PARK	CHINOOK PARK	CHK	2001	1,734	576	3.01	
CLIFF BUNGALOW	CLIFF BUNGALOW	CLI	2003	2,009	1,290	1.56	
TUSCANY	TUSCANY	TUS	1980	0	0	0	
CHARLESWOOD/COLLINGWOOD	CHARLESWOOD		1978	7,721	2,368	3.26	Combined communities of CHARLESWOOD (CHW) and COLLINGWOOD (COL)
MAYLAND HEIGHTS	MAYLAND HEIGHTS	MAL	2016	5,919	2,605	2.27	
ABBEYDALE	ABBEYDALE	ABB	1983	5,580	1,695	3.29	
RUNDLE	RUNDLE	RUN	1974	129	37	3.49	
RANCHLANDS	RANCHLANDS	RAN	2016	7,731	2,969	2.6	
ROXBORO	ROXBORO	ROX	1988	428	159	2.69	
COUNTRY HILLS VILLAGE	COUNTRY HILLS VILLAGE	CHV	1979	0	0	0	
COUNTRY HILLS	COUNTRY HILLS	COU	1981	0	0	0	
CRANSTON	CRANSTON	CRA	1985	0	0	0	
SPRUCE CLIFF	SPRUCE CLIFF	SPR	1984	3,152	1,305	2.42	
CHARLESWOOD/COLLINGWOOD	CHARLESWOOD		1969	9,822	2,356	4.17	Data from community of Triwood
NEW BRIGHTON	NEW BRIGHTON	NEB	1990	0	0	0	
MOUNT PLEASANT	MOUNT PLEASANT	MOP	1982	4,858	2,204	2.2	
COACH HILL	COACH HILL	COA	1979	866	372	2.33	
SAGE HILL	SAGE HILL	SGH	1984	0	0	0	
PINERIDGE	PINERIDGE	PIN	1999	10,286	3,385	3.04	
MAYFAIR	MAYFAIR	MAF	1987	582	186	3.13	
ABBEYDALE	ABBEYDALE	ABB	1974	0	0	0	
THORNCLIFFE	THORNCLIFFE	THO	2000	9,362	3,637	2.57	
RIDEAU PARK	RIDEAU PARK	RID	2008	627	310	2.02	
CHINATOWN	CHINATOWN	CHN	2006	1,361	837	1.63	
UNIVERSITY HEIGHTS	UNIVERSITY HEIGHTS	UNI	2006	2,919	1,335	2.19	
WILLOW PARK	WILLOW PARK	WIL	2001	5,637	2,223	2.54	
BRIDLEWOOD	BRIDLEWOOD	BRI	1968	0	0	0	
SOUTHVIEW	SOUTHVIEW	SOV	2013	1,947	802	2.43	
QUEENSLAND	QUEENSLAND	QLD	1970	0	0	0	
BONAVISTA DOWNS	BONAVISTA DOWNS	BDO	1969	0	0	0	
SOUTHWOOD	SOUTHWOOD	SOW	1980	7,815	2,468	3.17	
SETON	SETON	SET	1995	0	0	0	
DOWNTOWN WEST END	DOWNTOWN WEST END	DNW	1982	303	207	1.46	
GREENVIEW	GREENVIEW	GRV	2001	2,120	1,047	2.02	
BONAVISTA DOWNS	BONAVISTA DOWNS	BDO	2003	1,054	368	2.86	
WILLOW PARK	WILLOW PARK	WIL	1992	6,007	2,191	2.74	
UNIVERSITY DISTRICT	UNIVERSITY DISTRICT	UND	1988	0	0	0	
HIGHLAND PARK	HIGHLAND PARK	HPK	1977	4,116	1,627	2.53	
BANFF TRAIL	BANFF TRAIL	BNF	1984	3,329	1,513	2.2	
CAPITOL HILL	CAPITOL HILL	CAP	1980	3,886	1,736	2.24	
CRESTMONT	CRESTMONT	CRM	1982	0	0	0	
RAMSAY	RAMSAY	RAM	1992	2,130	1,011	2.11	
GARRISON GREEN	GARRISON GREEN	GAG	1980	734	212	3.46	
QUEENSLAND	QUEENSLAND	QLD	2012	4,771	1,854	2.57	
SKYVIEW RANCH	SKYVIEW RANCH	SKR	1970	0	0	0	
INGLEWOOD	INGLEWOOD	ING	1982	2,837	1,244	2.28	
SKYVIEW RANCH	SKYVIEW RANCH	SKR	1976	0	0	0	
UPPER MOUNT ROYAL	UPPER MOUNT ROYAL	UMR	2017	2,467	991	2.49	
DOVER	DOVER	DOV	2002	11,231	4,241	2.65	
CAMBRIAN HEIGHTS	CAMBRIAN HEIGHTS	CAM	2002	2,124	883	2.41	
APPLEWOOD PARK	APPLEWOOD PARK	APP	1980	0	0	0	
PALLISER	PALLISER	PAL	1998	3,332	1,628	2.05	
KILLARNEY/GLENGARRY	KILLARNEY/GLENGARRY	KIL	2009	6,635	3,276	2.03	
WOODLANDS	WOODLANDS	WOO	2016	6,105	2,346	2.6	
DOWNTOWN EAST VILLAGE	DOWNTOWN EAST VILLAGE	DNE	2003	1,794	663	2.71	
ROSEDALE	ROSEDALE	RDL	1981	1,520	647	2.35	
RICHMOND	RICHMOND	RIC	1980	3,828	1,643	2.33	
ASPEN WOODS	ASPEN WOODS	ASP	1984	0	0	0	
NORTH GLENMORE PARK	NORTH GLENMORE PARK	NGM	1993	2,531	985	2.57	
BRITANNIA	BRITANNIA	BRT	1974	976	316	3.09	
AUBURN BAY	AUBURN BAY	AUB	1998	0	0	0	
MAHOGANY	MAHOGANY	MAH	2010	258	89	2.9	
ASPEN WOODS	ASPEN WOODS	ASP	2009	2,860	917	3.12	
CHRISTIE PARK	CHRISTIE PARK	CHR	1975	44	11	4	
BRIDLEWOOD	BRIDLEWOOD	BRI	1996	25	9	2.78	
ROSSCARROCK	ROSSCARROCK	RCK	1983	3,418	1,395	2.45	
RIVERBEND	RIVERBEND	RIV	2007	10,159	3,431	2.96	
COPPERFIELD	COPPERFIELD	CPF	2002	0	0	0	
WESTGATE	WESTGATE	WGT	1986	3,602	1,316	2.74	
CHRISTIE PARK	CHRISTIE PARK	CHR	2009	2,187	705	3.1	
VARSITY	VARSITY	VAR	1969	5,983	1,395	4.29	
BRENTWOOD	BRENTWOOD	BRE	1993	6,438	2,485	2.59	
UNIVERSITY DISTRICT	UNIVERSITY DISTRICT	UND	1982	0	0	0	
ELBOW PARK	ELBOW PARK	EPK	2015	3,304	1,093	3.02	
CITYSCAPE	CITYSCAPE	CSC	2007	0	0	0	
SCARBORO	SCARBORO	SCA	2011	870	305	2.85	
SIGNAL HILL	SIGNAL HILL	SIG	1972	72	22	3.27	
SILVERADO	SILVERADO	SVO	1978	0	0	0	
BRENTWOOD	BRENTWOOD	BRE	1994	6,322	2,484	2.55	
EAU CLAIRE	EAU CLAIRE	EAU	2017	1,494	921	1.62	
SILVER SPRINGS	SILVER SPRINGS	SIL	1989	10,341	3,301	3.13	
SHAWNEE SLOPES	SHAWNEE SLOPES	SHS	1968	35	10	3.5	
MCKENZIE LAKE	MCKENZIE LAKE	MCK	2006	14,815	4,585	3.23	
BONAVISTA DOWNS	BONAVISTA DOWNS	BDO	1990	1,175	367	3.2	
SUNALTA	SUNALTA	SNA	1992	2,988	1,883	1.59	
DOWNTOWN EAST VILLAGE	DOWNTOWN EAST VILLAGE	DNE	1975	1,074	536	2	
NOLAN HILL	NOLAN HILL	NOL	2001	0	0	0	
DOWNTOWN WEST END	DOWNTOWN WEST END	DNW	1983	225	162	1.39	
EVERGREEN	EVERGREEN	EVE	1998	1,578	483	3.27	
ABBEYDALE	ABBEYDALE	ABB	1976	0	0	0	
SHERWOOD	SHERWOOD	SHW	2007	1,238	345	3.59	
BEDDINGTON HEIGHTS	BEDDINGTON HEIGHTS	BED	1986	12,555	3,962	3.17	
EAU CLAIRE	EAU CLAIRE	EAU	1987	909	549	1.66	
PATTERSON	PATTERSON	PAT	1968	125	29	4.31	
RED CARPET	RED CARPET	RED	2008	1,723	896	1.92	
SCARBORO/SUNALTA WEST	SCARBORO	SSW	1986	426	166	2.57	
FOREST LAWN	FOREST LAWN	FLN	1972	8,153	2,082	3.92	
WINDSOR PARK	WINDSOR PARK	WND	1989	3,410	2,021	1.69	
MARTINDALE	MARTINDALE	MRT	1978	13	4	3.25	
MIDNAPORE	MIDNAPORE	MID	1994	7,404	2,472	3	
CHAPARRAL	CHAPARRAL	CHA	1969	0	0	0	
ROYAL OAK	ROYAL OAK	ROY	2000	392	139	2.82	
SPRUCE CLIFF	SPRUCE CLIFF	SPR	1985	2,897	1,151	2.52	
FOREST HEIGHTS	FOREST HEIGHTS	FHT	1996	6,709	2,017	3.33	
ASPEN WOODS	ASPEN WOODS	ASP	2016	9,055	2,792	3.24	
GREENWOOD/GREENBRIAR	GREENWOOD/GREENBRIAR	GRE	1978	0	0	0	
GREENVIEW	GREENVIEW	GRV	1976	1,330	414	3.21	
ACADIA	ACADIA	ACA	2010	10,684	4,797	2.23	
VISTA HEIGHTS	VISTA HEIGHTS	VIS	2006	2,190	769	2.85	
MAPLE RIDGE	MAPLE RIDGE	MPL	1972	3,366	791	4.26	
STRATHCONA PARK	STRATHCONA PARK	STR	1975	12	4	3	
ALTADORE	ALTADORE	ALT	1972	6,365	2,063	3.09	
SPRUCE CLIFF	SPRUCE CLIFF	SPR	2000	3,190	1,317	2.42	
QUEENS PARK VILLAGE	QUEENS PARK VILLAGE	QPK	2014	478	187	2.56	
SADDLE RIDGE	SADDLE RIDGE	SAD	1980	126	33	3.82	
SOMERSET	SOMERSET	SOM	2013	8,594	3,040	2.83	
SILVER SPRINGS	SILVER SPRINGS	SIL	1982	10,510	3,230	3.25	
DOWNTOWN EAST VILLAGE	DOWNTOWN EAST VILLAGE	DNE	1994	949	653	1.45	
MAPLE RIDGE	MAPLE RIDGE	MPL	2007	2,024	797	2.54	
RUTLAND PARK	RUTLAND PARK	RUT	2006	2,264	952	2.38	
WEST HILLHURST	WEST HILLHURST	WHL	2000	5,304	2,597	2.04	
CASTLERIDGE	CASTLERIDGE	CAS	1980	0	0	0	
MANCHESTER	MANCHESTER	MAN	1990	267	167	1.6	
ELBOW PARK	ELBOW PARK	EPK	1983	3,351	1,171	2.86	
CITYSCAPE	CITYSCAPE	CSC	2003	0	0	0	
SHAWNEE SLOPES	SHAWNEE SLOPES	SHS	1970	56	16	3.5	
WILDWOOD	WILDWOOD	WLD	2009	2,605	1,030	2.53	
COACH HILL	COACH HILL	COA	1970	34	9	3.78	
CHINATOWN	CHINATOWN	CHN	1988	1,087	629	1.73	
KELVIN GROVE	KELVIN GROVE	KEL	1970	1,983	411	4.82	
EAGLE RIDGE	EAGLE RIDGE	EAG	1970	554	85	6.52	
HAMPTONS	HAMPTONS	HAM	1972	0	0	0	
KINCORA	KINCORA	KCA	2000	0	0	0	
ALBERT PARK/RADISSON HEIGHTS	ALBERT PARK/RADISSON HEIGHTS	ALB	2002	6,312	2,405	2.62	
NORTH HAVEN UPPER	NORTH HAVEN UPPER	NHU	1968	0	0	0	
SCENIC ACRES	SCENIC ACRES	SCE	1997	8,321	2,466	3.37	
STRATHCONA PARK	STRATHCONA PARK	STR	2004	7,058	2,312	3.05	
FAIRVIEW	FAIRVIEW	FAI	1986	4,199	1,539	2.73	
PENBROOKE MEADOWS	PENBROOKE MEADOWS	PEN	1993	9,674	2,774	3.49	
COUGAR RIDGE	COUGAR RIDGE	CGR	1984	0	0	0	
SADDLE RIDGE	SADDLE RIDGE	SAD	1987	112	35	3.2	
GLAMORGAN	GLAMORGAN	GLA	2013	6,416	2,864	2.24	
UNIVERSITY HEIGHTS	UNIVERSITY HEIGHTS	UNI	2009	2,972	1,334	2.23	
WOODBINE	WOODBINE	WBN	1995	10,982	3,291	3.34	
BELTLINE	BELTLINE	BLN	1979	11,435	7,152	1.6	Combined communities of CONNAUGHT (CON) and VICTORIA PARK (VIC)
APPLEWOOD PARK	APPLEWOOD PARK	APP	2000	5,232	1,435	3.65	
BRAESIDE	BRAESIDE	BRA	1986	7,243	2,402	3.02	
FOREST LAWN	FOREST LAWN	FLN	1971	8,012	2,006	3.99	
KINGSLAND	KINGSLAND	KIN	2009	4,358	2,178	2	
HOUNSFIELD HEIGHTS/BRIAR HILL	HOUNSFIELD HEIGHTS/BRIAR HILL	HOU	1974	2,971	879	3.38	
DIAMOND COVE	DIAMOND COVE	DIA	2016	727	269	2.7	
GARRISON GREEN	GARRISON GREEN	GAG	1972	964	225	4.28	
GLAMORGAN	GLAMORGAN	GLA	2009	6,422	2,866	2.24	
WINSTON HEIGHTS/MOUNTVIEW	WINSTON HEIGHTS/MOUNTVIEW	WIN	1975	4,257	1,504	2.83	
RENFREW	RENFREW	REN	1973	6,904	2,364	2.92	
TUXEDO PARK	TUXEDO PARK	TUX	1995	4,244	2,157	1.97	
SOUTHVIEW	SOUTHVIEW	SOV	1998	2,298	871	2.64	
INGLEWOOD	INGLEWOOD	ING	2015	3,935	2,080	1.89	
INGLEWOOD	INGLEWOOD	ING	1991	2,528	1,240	2.04	
FOREST HEIGHTS	FOREST HEIGHTS	FHT	1980	6,727	1,873	3.59	
SOUTHVIEW	SOUTHVIEW	SOV	1989	2,261	823	2.75	
HIDDEN VALLEY	HIDDEN VALLEY	HID	1988	0	0	0	
MACEWAN GLEN	MACEWAN GLEN	MAC	1970	0	0	0	
MARTINDALE	MARTINDALE	MRT	1973	0	0	0	
MANCHESTER	MANCHESTER	MAN	1971	696	230	3.03	
ALBERT PARK/RADISSON HEIGHTS	ALBERT PARK/RADISSON HEIGHTS	ALB	1976	4,135	1,196	3.46	
SCARBORO	SCARBORO	SCA	1979	988	343	2.88	
ERLTON	ERLTON	ERL	2013	1,224	700	1.75	
ROSSCARROCK	ROSSCARROCK	RCK	1979	3,332	1,296	2.57	
CASTLERIDGE	CASTLERIDGE	CAS	1968	0	0	0	
CRANSTON	CRANSTON	CRA	2000	119	44	2.7	
WESTGATE	WESTGATE	WGT	1995	3,394	1,316	2.58	
ROYAL OAK	ROYAL OAK	ROY	2010	10,718	3,686	2.91	
SUNALTA	SUNALTA	SNA	2009	3,361	1,950	1.72	
TUXEDO PARK	TUXEDO PARK	TUX	2013	4,947	2,479	2	
ROXBORO	ROXBORO	ROX	1994	429	160	2.68	
MANCHESTER	MANCHESTER	MAN	2013	640	327	1.96	
VARSITY	VARSITY	VAR	2007	12,227	5,281	2.32	
CRESTMONT	CRESTMONT	CRM	1989	0	0	0	
CEDARBRAE	CEDARBRAE	CED	1983	5,358	1,649	3.25	
ERLTON	ERLTON	ERL	1988	625	298	2.1	
LOWER MOUNT ROYAL	LOWER MOUNT ROYAL	LMR	2004	3,139	2,066	1.52	
ST. ANDREWS HEIGHTS	ST. ANDREWS HEIGHTS	STA	1994	1,943	688	2.82	
WOODBINE	WOODBINE	WBN	1975	69	22	3.14	
ROXBORO	ROXBORO	ROX	1991	447	163	2.74	
TUXEDO PARK	TUXEDO PARK	TUX	1987	4,208	2,091	2.01	
SUNDANCE	SUNDANCE	SDC	1997	11,697	3,245	3.6	
DEER RUN	DEER RUN	DRN	1989	6,343	2,019	3.14	
SCENIC ACRES	SCENIC ACRES	SCE	1982	512	115	4.45	
CRANSTON	CRANSTON	CRA	1975	0	0	0	
APPLEWOOD PARK	APPLEWOOD PARK	APP	1986	540	152	3.55	
DEER RIDGE	DEER RIDGE	DRG	1981	1,687	505	3.34	
BRENTWOOD	BRENTWOOD	BRE	1973	9,044	2,217	4.08	
DOWNTOWN EAST VILLAGE	DOWNTOWN EAST VILLAGE	DNE	1986	1,113	622	1.79	
ROSEMONT	ROSEMONT	RMT	1975	1,574	506	3.11	
RENFREW	RENFREW	REN	2007	5,596	2,871	1.95	
ARBOUR LAKE	ARBOUR LAKE	ARB	1997	4,005	1,465	2.73	
TEMPLE	TEMPLE	TEM	1976	0	0	0	
ACADIA	ACADIA	ACA	2006	10,657	4,879	2.18	
EAU CLAIRE	EAU CLAIRE	EAU	1998	1,064	654	1.63	
BOWNESS	BOWNESS	BOW	1970	10,902	2,732	3.99	
VARSITY	VARSITY	VAR	1972	8,827	2,268	3.89	
HIGHWOOD	HIGHWOOD	HIW	1980	2,473	874	2.83	
CRESCENT HEIGHTS	CRESCENT HEIGHTS	CRE	1983	5,621	3,028	1.86	
WILLOW PARK	WILLOW PARK	WIL	1996	5,787	2,215	2.61	
KILLARNEY/GLENGARRY	KILLARNEY/GLENGARRY	KIL	1996	6,148	2,982	2.06	
CHINOOK PARK	CHINOOK PARK	CHK	1994	1,716	574	2.99	
BELVEDERE	BELVEDERE	BVD	1978	0	0	0	
WHITEHORN	WHITEHORN	WHI	1974	0	0	0	
ROSEDALE	ROSEDALE	RDL	2014	1,579	582	2.71	
OGDEN	OGDEN	OGD	1977	8,898	2,708	3.29	
SUNNYSIDE	SUNNYSIDE	SSD	1992	3,479	2,141	1.62	
SCARBORO	SCARBORO	SCA	2001	888	330	2.69	
ELBOW PARK	ELBOW PARK	EPK	2005	3,452	1,151	3	
CHAPARRAL	CHAPARRAL	CHA	1990	0	0	0	
HAWKWOOD	HAWKWOOD	HAW	2014	9,773	3,289	2.97	
BEL-AIRE	BEL-AIRE	BEL	1970	590	128	4.61	
SHAWNEE SLOPES	SHAWNEE SLOPES	SHS	1975	25	7	3.57	
BANFF TRAIL	BANFF TRAIL	BNF	1972	4,573	1,505	3.04	
SHAWNEE SLOPES	SHAWNEE SLOPES	SHS	2009	1,510	602	2.51	
VALLEY RIDGE	VALLEY RIDGE	VAL	1979	0	0	0	
WEST SPRINGS	WEST SPRINGS	WSP	2011	7,849	2,558	3.07	
RAMSAY	RAMSAY	RAM	2007	2,037	1,039	1.96	
SHAGANAPPI	SHAGANAPPI	SHG	1977	1,849	740	2.5	
WEST SPRINGS	WEST SPRINGS	WSP	1994	0	0	0	
ROSSCARROCK	ROSSCARROCK	RCK	1971	3,868	1,189	3.25	
CITYSCAPE	CITYSCAPE	CSC	1986	0	0	0	
BRITANNIA	BRITANNIA	BRT	2012	803	293	2.74	
FALCONRIDGE	FALCONRIDGE	FAL	1989	10,184	3,090	3.3	
SHERWOOD	SHERWOOD	SHW	1991	0	0	0	
SANDSTONE VALLEY	SANDSTONE VALLEY	SAN	1970	0	0	0	
KINCORA	KINCORA	KCA	1999	0	0	0	
BAYVIEW	BAYVIEW	BYV	2002	694	247	2.81	
DOVER	DOVER	DOV	2017	10,484	4,520	2.32	
DISCOVERY RIDGE	DISCOVERY RIDGE	DIS	1979	0	0	0	
WOODBINE	WOODBINE	WBN	1996	10,945	3,297	3.32	
CANYON MEADOWS	CANYON MEADOWS	CAN	2002	8,435	3,124	2.7	
GARRISON WOODS	GARRISON WOODS	GAW	1990	0	0	0	
GLENDALE	GLENDALE	GDL	1971	3,787	957	3.96	
COUNTRY HILLS	COUNTRY HILLS	COU	2007	3,642	1,401	2.6	
CHAPARRAL	CHAPARRAL	CHA	1988	0	0	0	
KELVIN GROVE	KELVIN GROVE	KEL	1988	2,175	845	2.57	
NORTH HAVEN	NORTH HAVEN	NHV	2011	2,282	934	2.44	
HILLHURST	HILLHURST	HIL	1992	4,785	2,468	1.94	
EAU CLAIRE	EAU CLAIRE	EAU	2011	1,711	1,077	1.59	
PARKLAND	PARKLAND	PKL	2014	3,769	1,420	2.65	
BAYVIEW	BAYVIEW	BYV	2006	659	239	2.76	
BELVEDERE	BELVEDERE	BVD	1988	0	0	0	
SILVER SPRINGS	SILVER SPRINGS	SIL	2006	9,329	3,468	2.69	
KELVIN GROVE	KELVIN GROVE	KEL	2000	2,227	884	2.52	
RAMSAY	RAMSAY	RAM	1996	2,104	1,029	2.04	
LEGACY	LEGACY	LEG	1979	0	0	0	
HOUNSFIELD HEIGHTS/BRIAR HILL	HOUNSFIELD HEIGHTS/BRIAR HILL	HOU	2015	2,972	1,031	2.88	
ERIN WOODS	ERIN WOODS	ERI	1988	3,613	1,041	3.47	
DOVER	DOVER	DOV	2010	10,231	4,360	2.35	
BRENTWOOD	BRENTWOOD	BRE	1968	8,986	2,060	4.36	
BEL-AIRE	BEL-AIRE	BEL	2013	442	150	2.95	
MILLRISE	MILLRISE	MLR	2016	6,886	2,558	2.69	
DOWNTOWN WEST END	DOWNTOWN WEST END	DNW	2012	2,322	1,489	1.56	
NOLAN HILL	NOLAN HILL	NOL	1984	0	0	0	
UNIVERSITY HEIGHTS	UNIVERSITY HEIGHTS	UNI	1989	2,965	1,293	2.29	
GLAMORGAN	GLAMORGAN	GLA	1988	6,631	2,751	2.41	
UNIVERSITY OF CALGARY	UNIVERSITY OF CALGARY	UOC	1974	1,368	252	5.43	
CORAL SPRINGS	CORAL SPRINGS	COR	2006	6,166	1,465	4.21	
CASTLERIDGE	CASTLERIDGE	CAS	1986	5,253	1,561	3.37	
ROYAL OAK	ROYAL OAK	ROY	1969	0	0	0	
UPPER MOUNT ROYAL	UPPER MOUNT ROYAL	UMR	1990	2,686	1,032	2.6	
MCKENZIE TOWNE	MCKENZIE TOWNE	MCT	2003	5,363	2,120	2.53	
SHAWNESSY	SHAWNESSY	SHN	2002	9,015	2,944	3.06	
KILLARNEY/GLENGARRY	KILLARNEY/GLENGARRY	KIL	2013	6,909	3,349	2.06	
CRANSTON	CRANSTON	CRA	1978	0	0	0	
HAMPTONS	HAMPTONS	HAM	2006	8,175	2,412	3.39	
BONAVISTA DOWNS	BONAVISTA DOWNS	BDO	2005	995	363	2.74	
TUXEDO PARK	TUXEDO PARK	TUX	1988	4,205	2,075	2.03	
BAYVIEW	BAYVIEW	BYV	1990	704	236	2.98	
SHAWNEE SLOPES	SHAWNEE SLOPES	SHS	1987	330	103	3.2	
WINDSOR PARK	WINDSOR PARK	WND	1973	3,080	1,290	2.39	
EVANSTON	EVANSTON	EVN	1975	0	0	0	
MOUNT PLEASANT	MOUNT PLEASANT	MOP	1991	4,398	2,133	2.06	
SCENIC ACRES	SCENIC ACRES	SCE	1991	4,348	1,263	3.44	
CAPITOL HILL	CAPITOL HILL	CAP	1993	3,868	1,945	1.99	
LINCOLN PARK	LINCOLN PARK	LPK	2016	2,689	1,026	2.62	
BAYVIEW	BAYVIEW	BYV	1995	696	236	2.95	
SOUTHWOOD	SOUTHWOOD	SOW	1968	4,298	972	4.42	
CANYON MEADOWS	CANYON MEADOWS	CAN	2010	7,810	3,080	2.54	
GLENBROOK	GLENBROOK	GBK	1987	7,374	2,829	2.61	
EVERGREEN	EVERGREEN	EVE	1999	1,906	575	3.31	
LAKE BONAVISTA	LAKE BONAVISTA	LKB	1983	13,100	3,632	3.61	
WEST SPRINGS	WEST SPRINGS	WSP	1995	0	0	0	
DOWNTOWN EAST VILLAGE	DOWNTOWN EAST VILLAGE	DNE	1980	1,190	589	2.02	
COACH HILL	COACH HILL	COA	1999	3,238	1,347	2.4	
DEER RIDGE	DEER RIDGE	DRG	1994	4,690	1,438	3.26	
BRAESIDE	BRAESIDE	BRA	1995	6,807	2,500	2.72	
SHAWNEE SLOPES	SHAWNEE SLOPES	SHS	2010	1,535	623	2.46	
BELVEDERE	BELVEDERE	BVD	1973	0	0	0	
BEDDINGTON HEIGHTS	BEDDINGTON HEIGHTS	BED	1982	10,970	3,527	3.11	
EDGEMONT	EDGEMONT	EDG	2015	15,986	5,351	2.99	
SADDLE RIDGE	SADDLE RIDGE	SAD	1971	257	58	4.43	
CHRISTIE PARK	CHRISTIE PARK	CHR	1994	1,715	526	3.26	
DOUGLASDALE/GLEN	DOUGLASDALE/GLEN	DDG	1985	0	0	0	
BRITANNIA	BRITANNIA	BRT	1980	896	316	2.84	
HUNTINGTON HILLS	HUNTINGTON HILLS	HUN	1990	15,299	5,070	3.02	
ROSEDALE	ROSEDALE	RDL	1978	1,522	625	2.44	
ROYAL OAK	ROYAL OAK	ROY	1970	0	0	0	
EAU CLAIRE	EAU CLAIRE	EAU	1991	772	484	1.6	
COUNTRY HILLS	COUNTRY HILLS	COU	1985	0	0	0	
WALDEN	WALDEN	WAL	1994	0	0	0	
OAKRIDGE	OAKRIDGE	OAK	1997	6,750	2,271	2.97	
SOUTHVIEW	SOUTHVIEW	SOV	1986	2,356	831	2.84	
HUNTINGTON HILLS	HUNTINGTON HILLS	HUN	2001	14,590	5,360	2.72	
RIDEAU PARK	RIDEAU PARK	RID	2006	651	328	1.98	
COUNTRY HILLS	COUNTRY HILLS	COU	1986	0	0	0	
SOUTHWOOD	SOUTHWOOD	SOW	1991	6,742	2,514	2.68	
ASPEN WOODS	ASPEN WOODS	ASP	1996	154	51	3.02	
BANFF TRAIL	BANFF TRAIL	BNF	1978	3,709	1,440	2.58	
ROYAL OAK	ROYAL OAK	ROY	2006	7,303	2,607	2.8	
SHAWNEE SLOPES	SHAWNEE SLOPES	SHS	1992	1,417	453	3.13	
EDGEMONT	EDGEMONT	EDG	1987	7,987	2,385	3.35	
KINCORA	KINCORA	KCA	1976	0	0	0	
ROYAL OAK	ROYAL OAK	ROY	1968	0	0	0	
EAU CLAIRE	EAU CLAIRE	EAU	1993	790	486	1.63	
KINCORA	KINCORA	KCA	1989	0	0	0	
COUGAR RIDGE	COUGAR RIDGE	CGR	1972	0	0	0	
SKYVIEW RANCH	SKYVIEW RANCH	SKR	1968	0	0	0	
BOWNESS	BOWNESS	BOW	1985	11,983	4,519	2.65	
LAKEVIEW	LAKEVIEW	LKV	1994	5,772	2,276	2.54	
CORAL SPRINGS	CORAL SPRINGS	COR	1977	0	0	0	
PARKHILL	PARKHILL	PKH	1998	1,505	721	2.09	
VARSITY	VARSITY	VAR	1970	7,149	1,631	4.38	
EAGLE RIDGE	EAGLE RIDGE	EAG	2003	291	103	2.83	
PATTERSON	PATTERSON	PAT	1981	44	12	3.67	
WILDWOOD	WILDWOOD	WLD	1969	4,211	1,032	4.08	
KINCORA	KINCORA	KCA	1987	0	0	0	
PATTERSON	PATTERSON	PAT	1970	136	33	4.12	
BONAVISTA DOWNS	BONAVISTA DOWNS	BDO	1977	1,290	380	3.39	
DOVER	DOVER	DOV	2007	10,427	4,255	2.45	
BELVEDERE	BELVEDERE	BVD	1989	0	0	0	
KELVIN GROVE	KELVIN GROVE	KEL	1975	2,404	744	3.23	
TARADALE	TARADALE	TAR	1997	1,503	470	3.2	
HUNTINGTON HILLS	HUNTINGTON HILLS	HUN	1993	14,872	5,077	2.93	
RUNDLE	RUNDLE	RUN	2017	11,558	3,606	3.21	
CRESCENT HEIGHTS	CRESCENT HEIGHTS	CRE	1985	5,433	3,119	1.74	
RIDEAU PARK	RIDEAU PARK	RID	1999	667	320	2.08	
NORTH HAVEN UPPER	NORTH HAVEN UPPER	NHU	1970	0	0	0	
VALLEY RIDGE	VALLEY RIDGE	VAL	1981	0	0	0	
LAKEVIEW	LAKEVIEW	LKV	1972	8,041	1,936	4.15	
HUNTINGTON HILLS	HUNTINGTON HILLS	HUN	1989	15,175	5,007	3.03	
MIDNAPORE	MIDNAPORE	MID	1977	336	78	4.31	
RED CARPET	RED CARPET	RED	2006	1,777	913	1.95	
MISSION	MISSION	MIS	1993	3,336	2,312	1.44	
CLIFF BUNGALOW	CLIFF BUNGALOW	CLI	2005	1,999	1,252	1.6	
CAPITOL HILL	CAPITOL HILL	CAP	2011	4,003	1,974	2.03	
ROSEDALE	ROSEDALE	RDL	2016	1,490	575	2.59	
EDGEMONT	EDGEMONT	EDG	1974	0	0	0	
TEMPLE	TEMPLE	TEM	1982	10,689	3,218	3.32	
MANCHESTER	MANCHESTER	MAN	2017	1,052	499	2.11	
ROYAL OAK	ROYAL OAK	ROY	2017	11,682	4,001	2.92	
ERLTON	ERLTON	ERL	1983	580	251	2.31	
NORTH HAVEN	NORTH HAVEN	NHV	1987	2,540	914	2.78	
GLENBROOK	GLENBROOK	GBK	2001	7,034	2,992	2.35	
ROSEMONT	ROSEMONT	RMT	1978	1,450	510	2.84	
SHAGANAPPI	SHAGANAPPI	SHG	1986	1,666	781	2.13	
BONAVISTA DOWNS	BONAVISTA DOWNS	BDO	1984	1,233	359	3.43	
CURRIE BARRACKS	CURRIE BARRACKS	CUR	2003	81			
BANKVIEW	BANKVIEW	BNK	1973	5,034	2,284	2.2	
VALLEY RIDGE	VALLEY RIDGE	VAL	1976	0	0	0	
CRANSTON	CRANSTON	CRA	1972	0	0	0	
MARLBOROUGH PARK	MARLBOROUGH PARK	MPK	1969	0	0	0	
SUNDANCE	SUNDANCE	SDC	2017	9,994	3,345	2.99	
GLAMORGAN	GLAMORGAN	GLA	1997	6,546	2,801	2.34	
ACADIA	ACADIA	ACA	2008	10,697	4,848	2.21	
HAMPTONS	HAMPTONS	HAM	1971	0	0	0	
SHAWNEE SLOPES	SHAWNEE SLOPES	SHS	2002	1,658	612	2.71	
SADDLE RIDGE	SADDLE RIDGE	SAD	2005	5,177	1,557	3.32	
WEST SPRINGS	WEST SPRINGS	WSP	2013	8,616	2,748	3.14	
CHAPARRAL	CHAPARRAL	CHA	1998	1,647	520	3.17	
MANCHESTER	MANCHESTER	MAN	1977	503	198	2.54	
PALLISER	PALLISER	PAL	2009	3,220	1,642	1.96	
RENFREW	RENFREW	REN	1974	6,531	2,301	2.84	
COVENTRY HILLS	COVENTRY HILLS	COV	1970	0	0	0	
BRENTWOOD	BRENTWOOD	BRE	1981	7,650	2,508	3.05	
AUBURN BAY	AUBURN BAY	AUB	2013	8,885	2,925	3.04	
MARTINDALE	MARTINDALE	MRT	1981	13	4	3.25	
ROCKY RIDGE	ROCKY RIDGE	ROC	1994	135	50	2.7	
PUMP HILL	PUMP HILL	PUM	2006	1,806	552	3.27	
NORTH HAVEN UPPER	NORTH HAVEN UPPER	NHU	1985	831	243	3.42	
BOWNESS	BOWNESS	BOW	1994	12,110	4,756	2.55	
WOODBINE	WOODBINE	WBN	1970	50	15	3.33	
BRENTWOOD	BRENTWOOD	BRE	1987	6,700	2,509	2.67	
COPPERFIELD	COPPERFIELD	CPF	1994	0	0	0	
BRIDGELAND/RIVERSIDE	BRIDGELAND/RIVERSIDE	BRD	2012	5,594	2,807	1.99	
GREENVIEW	GREENVIEW	GRV	1971	1,258	295	4.26	
LINCOLN PARK	LINCOLN PARK	LPK	2001	1,525	782	1.95	
WINDSOR PARK	WINDSOR PARK	WND	1971	2,773	1,029	2.69	
COPPERFIELD	COPPERFIELD	CPF	1992	0	0	0	
RUTLAND PARK	RUTLAND PARK	RUT	1980	2,838	880	3.23	
MARTINDALE	MARTINDALE	MRT	2011	12,988	3,652	3.56	
WESTGATE	WESTGATE	WGT	1990	3,547	1,329	2.67	
TUXEDO PARK	TUXEDO PARK	TUX	2016	4,988	2,414	2.07	
QUEENS PARK VILLAGE	QUEENS PARK VILLAGE	QPK	1983	0	0	0	
CLIFF BUNGALOW	CLIFF BUNGALOW	CLI	1991	2,071	1,279	1.62	
SHAWNEE SLOPES	SHAWNEE SLOPES	SHS	2004	1,651	613	2.69	
DOVER	DOVER	DOV	1986	10,952	3,468	3.16	
BEDDINGTON HEIGHTS	BEDDINGTON HEIGHTS	BED	2008	11,854	4,189	2.83	
SOUTHVIEW	SOUTHVIEW	SOV	1973	3,193	848	3.77	
OAKRIDGE	OAKRIDGE	OAK	2005	6,112	2,270	2.69	
RENFREW	RENFREW	REN	1983	5,894	2,619	2.25	
SADDLE RIDGE	SADDLE RIDGE	SAD	2015	18,994	4,710	4.03	
UNIVERSITY OF CALGARY	UNIVERSITY OF CALGARY	UOC	1975	800	249	3.21	
EAGLE RIDGE	EAGLE RIDGE	EAG	2015	534	100	5.34	
COVENTRY HILLS	COVENTRY HILLS	COV	1977	0	0	0	
QUEENS PARK VILLAGE	QUEENS PARK VILLAGE	QPK	1994	354	162	2.19	
PANORAMA HILLS	PANORAMA HILLS	PAN	1998	533	166	3.21	
SIGNAL HILL	SIGNAL HILL	SIG	1986	55	13	4.23	
DEER RUN	DEER RUN	DRN	1979	763	242	3.15	
CHRISTIE PARK	CHRISTIE PARK	CHR	1982	20	8	2.5	
WINDSOR PARK	WINDSOR PARK	WND	1997	3,633	2,083	1.74	
INGLEWOOD	INGLEWOOD	ING	1997	2,695	1,364	1.98	
MIDNAPORE	MIDNAPORE	MID	1982	6,647	2,047	3.25	
CITYSCAPE	CITYSCAPE	CSC	1990	0	0	0	
ROSSCARROCK	ROSSCARROCK	RCK	2010	3,258	1,438	2.27	
GARRISON GREEN	GARRISON GREEN	GAG	1977	797	228	3.5	
STRATHCONA PARK	STRATHCONA PARK	STR	2017	7,043	2,404	2.93	
BRIDLEWOOD	BRIDLEWOOD	BRI	1993	24	9	2.67	
COUNTRY HILLS VILLAGE	COUNTRY HILLS VILLAGE	CHV	2012	2,615	1,427	1.83	
MEADOWLARK PARK	MEADOWLARK PARK	MEA	2012	623	261	2.39	
WESTGATE	WESTGATE	WGT	1976	3,599	1,000	3.6	
HILLHURST	HILLHURST	HIL	2016	6,737	2,648	2.54	
PALLISER	PALLISER	PAL	1978	3,040	1,064	2.86	
PANORAMA HILLS	PANORAMA HILLS	PAN	2005	8,129	2,524	3.22	
THORNCLIFFE	THORNCLIFFE	THO	1998	9,539	3,617	2.64	
PARKDALE	PARKDALE	PKD	1975	2,058	726	2.83	
COUNTRY HILLS	COUNTRY HILLS	COU	1972	0	0	0	
OAKRIDGE	OAKRIDGE	OAK	2016	5,734	2,245	2.55	
MISSION	MISSION	MIS	1975	3,468	2,018	1.72	
DIAMOND COVE	DIAMOND COVE	DIA	2012	699	267	2.62	
ALBERT PARK/RADISSON HEIGHTS	ALBERT PARK/RADISSON HEIGHTS	ALB	2004	6,098	2,384	2.56	
WILLOW PARK	WILLOW PARK	WIL	2014	5,440	2,242	2.43	
RENFREW	RENFREW	REN	1979	5,913	2,346	2.52	
CHAPARRAL	CHAPARRAL	CHA	1971	0	0	0	
GLENDALE	GLENDALE	GDL	1988	2,763	1,061	2.6	
ERLTON	ERLTON	ERL	1973	894	339	2.64	
SUNDANCE	SUNDANCE	SDC	1984	1,724	589	2.93	
RIVERBEND	RIVERBEND	RIV	2004	10,488	3,443	3.05	
ARBOUR LAKE	ARBOUR LAKE	ARB	1996	3,151	1,165	2.7	
BONAVISTA DOWNS	BONAVISTA DOWNS	BDO	2007	963	356	2.71	
CHINOOK PARK	CHINOOK PARK	CHK	2017	1,663	568	2.93	
DEER RUN	DEER RUN	DRN	2003	6,096	2,077	2.94	
CHAPARRAL	CHAPARRAL	CHA	1989	0	0	0	
SILVER SPRINGS	SILVER SPRINGS	SIL	1968	145	40	3.63	
HAWKWOOD	HAWKWOOD	HAW	2001	10,978	3,297	3.33	
WOODLANDS	WOODLANDS	WOO	1993	6,669	2,199	3.03	
MAYLAND HEIGHTS	MAYLAND HEIGHTS	MAL	1995	6,032	2,468	2.44	
ELBOW PARK	ELBOW PARK	EPK	1989	3,269	1,164	2.81	
RUTLAND PARK	RUTLAND PARK	RUT	2005	2,284	950	2.4	
BRAESIDE	BRAESIDE	BRA	1968	1,105	280	3.95	
MAPLE RIDGE	MAPLE RIDGE	MPL	1994	2,302	805	2.86	
NOLAN HILL	NOLAN HILL	NOL	1988	0	0	0	
GARRISON WOODS	GARRISON WOODS	GAW	1997	0	0	0	
DOWNTOWN WEST END	DOWNTOWN WEST END	DNW	1979	328	225	1.46	
LAKEVIEW	LAKEVIEW	LKV	1982	7,094	2,313	3.07	
SCARBORO	SCARBORO	SCA	1983	957	331	2.89	
BANFF TRAIL	BANFF TRAIL	BNF	2013	4,119	1,817	2.27	
BEL-AIRE	BEL-AIRE	BEL	1981	485	137	3.54	
CASTLERIDGE	CASTLERIDGE	CAS	2002	6,412	1,816	3.53	
SOMERSET	SOMERSET	SOM	2002	7,086	2,616	2.71	
WEST SPRINGS	WEST SPRINGS	WSP	2001	773	280	2.76	
FOREST HEIGHTS	FOREST HEIGHTS	FHT	2017	6,406	2,124	3.02	
CORNERSTONE	CORNERSTONE	CNS	1984	0	0	0	
CAMBRIAN HEIGHTS	CAMBRIAN HEIGHTS	CAM	1980	2,613	881	2.97	
MOUNT PLEASANT	MOUNT PLEASANT	MOP	1980	4,756	2,158	2.2	
PARKDALE	PARKDALE	PKD	2017	2,565	984	2.61	
MAYLAND HEIGHTS	MAYLAND HEIGHTS	MAL	1997	6,088	2,539	2.4	
MIDNAPORE	MIDNAPORE	MID	1984	7,048	2,262	3.12	
FAIRVIEW	FAIRVIEW	FAI	1985	4,168	1,497	2.78	
MISSION	MISSION	MIS	1969	3,771	1,803	2.09	
GREENWOOD/GREENBRIAR	GREENWOOD/GREENBRIAR	GRE	2008	993	484	2.05	
HAYSBORO	HAYSBORO	HAY	2017	7,076	3,417	2	
BELVEDERE	BELVEDERE	BVD	2000	0	0	0	
EVERGREEN	EVERGREEN	EVE	2002	3,130	1,002	3.12	
GARRISON GREEN	GARRISON GREEN	GAG	1998	365	132	2.77	
NORTH HAVEN UPPER	NORTH HAVEN UPPER	NHU	1994	743	246	3.02	
SUNNYSIDE	SUNNYSIDE	SSD	2010	3,633	2,165	1.68	
DOWNTOWN WEST END	DOWNTOWN WEST END	DNW	1971	980	381	2.57	
CRESTMONT	CRESTMONT	CRM	2014	1,514	460	3.29	
FOREST LAWN	FOREST LAWN	FLN	1978	8,950	2,745	3.26	
HAMPTONS	HAMPTONS	HAM	2014	7,775	2,443	3.18	
ROSEDALE	ROSEDALE	RDL	2012	1,569	593	2.65	
MCKENZIE LAKE	MCKENZIE LAKE	MCK	2010	14,189	4,554	3.12	
COUNTRY HILLS	COUNTRY HILLS	COU	1983	0	0	0	
WEST HILLHURST	WEST HILLHURST	WHL	1982	5,303	2,380	2.23	
SCARBORO/SUNALTA WEST	SCARBORO	SSW	1988	405	164	2.47	
QUEENS PARK VILLAGE	QUEENS PARK VILLAGE	QPK	1980	0	0	0	
SHAWNESSY	SHAWNESSY	SHN	1984	2,218	737	3.01	
PALLISER	PALLISER	PAL	1981	3,229	1,283	2.52	
CLIFF BUNGALOW	CLIFF BUNGALOW	CLI	2000	1,999	1,285	1.56	
CASTLERIDGE	CASTLERIDGE	CAS	2007	6,237	1,832	3.4	
MONTEREY PARK	MONTEREY PARK	MOR	1989	1,102	356	3.1	
ROCKY RIDGE	ROCKY RIDGE	ROC	1997	388	143	2.71	
PARKDALE	PARKDALE	PKD	1968	2,581	728	3.55	
RIVERBEND	RIVERBEND	RIV	1998	10,400	3,381	3.08	
COUNTRY HILLS	COUNTRY HILLS	COU	2010	3,674	1,400	2.62	
FOREST HEIGHTS	FOREST HEIGHTS	FHT	2002	6,640	2,061	3.22	
SCENIC ACRES	SCENIC ACRES	SCE	1981	0	0	0	
ROYAL OAK	ROYAL OAK	ROY	1993	55	24	2.29	
LAKE BONAVISTA	LAKE BONAVISTA	LKB	1992	11,974	3,627	3.3	
BOWNESS	BOWNESS	BOW	1983	12,553	4,493	2.79	
COVENTRY HILLS	COVENTRY HILLS	COV	1980	0	0	0	
SIGNAL HILL	SIGNAL HILL	SIG	1990	1,621	510	3.18	
SIGNAL HILL	SIGNAL HILL	SIG	1976	57	19	3	
CHRISTIE PARK	CHRISTIE PARK	CHR	1973	36	8	4.5	
SUNALTA	SUNALTA	SNA	1969	2,937	1,148	2.56	
RAMSAY	RAMSAY	RAM	1983	2,353	1,032	2.28	
ROSEMONT	ROSEMONT	RMT	2010	1,234	529	2.33	
DALHOUSIE	DALHOUSIE	DAL	2004	9,021	3,581	2.52	
SHERWOOD	SHERWOOD	SHW	1978	0	0	0	
CHARLESWOOD/COLLINGWOOD	CHARLESWOOD		1979	7,520	2,365	3.18	Combined communities of CHARLESWOOD (CHW) and COLLINGWOOD (COL)
BRIDLEWOOD	BRIDLEWOOD	BRI	2008	9,967	3,460	2.88	
ERIN WOODS	ERIN WOODS	ERI	1998	6,385	1,973	3.24	
SOUTH CALGARY	SOUTH CALGARY	SOC	2012	3,698	2,015	1.84	
LEGACY	LEGACY	LEG	2011	11	4	2.75	
LAKE BONAVISTA	LAKE BONAVISTA	LKB	1976	10,901	2,711	4.02	
OGDEN	OGDEN	OGD	2010	8,554	3,626	2.36	
DOVER	DOVER	DOV	1975	9,128	2,462	3.71	
PINERIDGE	PINERIDGE	PIN	1978	6,625	2,009	3.3	
BAYVIEW	BAYVIEW	BYV	1986	759	237	3.2	
BRENTWOOD	BRENTWOOD	BRE	2003	6,265	2,453	2.55	
GREENWOOD/GREENBRIAR	GREENWOOD/GREENBRIAR	GRE	1994	926	428	2.16	
ASPEN WOODS	ASPEN WOODS	ASP	1995	0	0	0	
DISCOVERY RIDGE	DISCOVERY RIDGE	DIS	2004	1,898	629	3.02	
SILVERADO	SILVERADO	SVO	2002	33	13	2.54	
CHARLESWOOD/COLLINGWOOD	CHARLESWOOD		1999	6,026	2,416	2.49	Combined communities of CHARLESWOOD (CHW) and COLLINGWOOD (COL)
NORTH HAVEN	NORTH HAVEN	NHV	1977	2,787	773	3.61	
MACEWAN GLEN	MACEWAN GLEN	MAC	2001	5,660	1,760	3.22	
ERIN WOODS	ERIN WOODS	ERI	2010	6,876	2,348	2.93	
THORNCLIFFE	THORNCLIFFE	THO	1976	10,314	3,099	3.33	
DOVER	DOVER	DOV	2005	10,227	4,132	2.48	
PARKLAND	PARKLAND	PKL	2002	4,179	1,412	2.96	
CRESCENT HEIGHTS	CRESCENT HEIGHTS	CRE	1988	5,725	3,249	1.76	
GARRISON GREEN	GARRISON GREEN	GAG	1984	711	215	3.31	
COUNTRY HILLS VILLAGE	COUNTRY HILLS VILLAGE	CHV	2009	2,211	1,199	1.84	
WHITEHORN	WHITEHORN	WHI	1976	2,101	655	3.21	
WINSTON HEIGHTS/MOUNTVIEW	WINSTON HEIGHTS/MOUNTVIEW	WIN	1977	4,141	1,513	2.74	
EDGEMONT	EDGEMONT	EDG	2011	16,082	5,304	3.03	
APPLEWOOD PARK	APPLEWOOD PARK	APP	2016	6,764	2,120	3.19	
PATTERSON	PATTERSON	PAT	1972	124	34	3.65	
BEL-AIRE	BEL-AIRE	BEL	1968	534	117	4.56	
NOLAN HILL	NOLAN HILL	NOL	1992	0	0	0	
BEDDINGTON HEIGHTS	BEDDINGTON HEIGHTS	BED	1978	12	3	4	
NEW BRIGHTON	NEW BRIGHTON	NEB	2013	9,715	3,385	2.87	
RUTLAND PARK	RUTLAND PARK	RUT	1995	2,495	943	2.65	
PARKHILL	PARKHILL	PKH	2007	1,545	776	1.99	
MACEWAN GLEN	MACEWAN GLEN	MAC	1978	0	0	0	
CAMBRIAN HEIGHTS	CAMBRIAN HEIGHTS	CAM	2001	2,104	884	2.38	
RENFREW	RENFREW	REN	1984	5,612	2,592	2.17	
COVENTRY HILLS	COVENTRY HILLS	COV	1988	0	0	0	
LINCOLN PARK	LINCOLN PARK	LPK	1999	1,449	693	2.09	
RANCHLANDS	RANCHLANDS	RAN	1985	8,367	2,764	3.03	
ROXBORO	ROXBORO	ROX	1982	450	161	2.8	
SILVERADO	SILVERADO	SVO	1988	0	0	0	
ELBOYA	ELBOYA	EYA	1991	1,705	718	2.37	
PARKDALE	PARKDALE	PKD	1969	2,535	720	3.52	
NOLAN HILL	NOLAN HILL	NOL	1974	0	0	0	
RANCHLANDS	RANCHLANDS	RAN	1981	6,569	2,268	2.9	
SOUTHVIEW	SOUTHVIEW	SOV	2017	1,841	776	2.37	
MONTGOMERY	MONTGOMERY	MON	2000	4,057	1,605	2.53	
VARSITY	VARSITY	VAR	1979	13,001	4,178	3.11	
INGLEWOOD	INGLEWOOD	ING	2005	3,306	1,766	1.87	
BELVEDERE	BELVEDERE	BVD	2017	46	14	3.29	
ROCKY RIDGE	ROCKY RIDGE	ROC	1973	0	0	0	
BOWNESS	BOWNESS	BOW	1973	11,450	3,159	3.62	
ELBOYA	ELBOYA	EYA	1984	1,402	565	2.48	
TUSCANY	TUSCANY	TUS	1998	1,602	568	2.82	
NORTH HAVEN	NORTH HAVEN	NHV	1995	2,453	938	2.62	
FAIRVIEW	FAIRVIEW	FAI	1975	5,510	1,541	3.58	
UNIVERSITY OF CALGARY	UNIVERSITY OF CALGARY	UOC	2010	2,294	685	3.35	
HARVEST HILLS	HARVEST HILLS	HAR	1991	445	137	3.25	
KELVIN GROVE	KELVIN GROVE	KEL	2007	2,301	879	2.62	
CHARLESWOOD/COLLINGWOOD	CHARLESWOOD		1984	6,616	2,345	2.82	Combined communities of CHARLESWOOD (CHW) and COLLINGWOOD (COL)
MONTEREY PARK	MONTEREY PARK	MOR	1972	0	0	0	
MARTINDALE	MARTINDALE	MRT	1985	424	143	2.97	
OAKRIDGE	OAKRIDGE	OAK	1992	7,020	2,251	3.12	
BRIDLEWOOD	BRIDLEWOOD	BRI	2016	12,711	4,114	3.09	
HAYSBORO	HAYSBORO	HAY	1968	8,044	1,831	4	
HIGHLAND PARK	HIGHLAND PARK	HPK	1996	3,651	1,809	2.02	
RAMSAY	RAMSAY	RAM	1980	2,405	984	2.44	
WESTGATE	WESTGATE	WGT	2011	3,101	1,288	2.41	
COUNTRY HILLS VILLAGE	COUNTRY HILLS VILLAGE	CHV	1972	0	0	0	
ROSEDALE	ROSEDALE	RDL	1996	1,637	640	2.56	
ASPEN WOODS	ASPEN WOODS	ASP	2008	2,054	634	3.24	
MACEWAN GLEN	MACEWAN GLEN	MAC	1985	1,531	527	2.91	
ASPEN WOODS	ASPEN WOODS	ASP	2015	8,271	2,636	3.14	
SOUTHWOOD	SOUTHWOOD	SOW	1972	5,886	1,403	4.2	
RUTLAND PARK	RUTLAND PARK	RUT	1976	3,090	846	3.65	
SILVER SPRINGS	SILVER SPRINGS	SIL	2000	10,043	3,465	2.9	
EAU CLAIRE	EAU CLAIRE	EAU	2009	1,716	1,041	1.65	
GARRISON WOODS	GARRISON WOODS	GAW	1968	0	0	0	
ROSEMONT	ROSEMONT	RMT	1968	1,864	501	3.72	
COUNTRY HILLS	COUNTRY HILLS	COU	2014	3,787	1,406	2.69	
MAYFAIR	MAYFAIR	MAF	1990	581	186	3.12	
WESTGATE	WESTGATE	WGT	1978	3,623	1,071	3.38	
SUNALTA	SUNALTA	SNA	1986	2,845	1,786	1.59	
WHITEHORN	WHITEHORN	WHI	1989	11,790	3,312	3.56	
NOLAN HILL	NOLAN HILL	NOL	2015	1,723	558	3.09	
CORNERSTONE	CORNERSTONE	CNS	1991	0	0	0	
RENFREW	RENFREW	REN	1989	5,051	2,449	2.06	
MANCHESTER	MANCHESTER	MAN	1998	271	160	1.69	
SUNALTA	SUNALTA	SNA	2006	3,354	1,996	1.68	
MAHOGANY	MAHOGANY	MAH	1973	0	0	0	
VISTA HEIGHTS	VISTA HEIGHTS	VIS	1979	1,825	536	3.4	
UNIVERSITY OF CALGARY	UNIVERSITY OF CALGARY	UOC	2017	2,057	9	228.56	Community boundaries were changed to create UNIVERSITY DISTRICT (UND)
SCARBORO	SCARBORO	SCA	2015	917	324	2.83	
CHAPARRAL	CHAPARRAL	CHA	1972	0	0	0	
PARKLAND	PARKLAND	PKL	1975	1,668	475	3.51	
MISSION	MISSION	MIS	2011	4,363	3,054	1.43	
GARRISON WOODS	GARRISON WOODS	GAW	1973	0	0	0	
QUEENS PARK VILLAGE	QUEENS PARK VILLAGE	QPK	2015	486	184	2.64	
LOWER MOUNT ROYAL	LOWER MOUNT ROYAL	LMR	1999	3,082	2,065	1.49	
CHINATOWN	CHINATOWN	CHN	1969	873	309	2.83	
BRAESIDE	BRAESIDE	BRA	2011	5,978	2,478	2.41	
BRIDLEWOOD	BRIDLEWOOD	BRI	2010	11,317	3,924	2.88	
MONTGOMERY	MONTGOMERY	MON	1993	4,056	1,601	2.53	
RUNDLE	RUNDLE	RUN	2009	11,252	3,649	3.08	
GLENDALE	GLENDALE	GDL	1992	2,804	1,074	2.61	
SPRUCE CLIFF	SPRUCE CLIFF	SPR	2005	2,859	1,313	2.18	
SHAWNESSY	SHAWNESSY	SHN	1980	0	0	0	
SHAWNESSY	SHAWNESSY	SHN	1983	1,803	616	2.93	
GREENWOOD/GREENBRIAR	GREENWOOD/GREENBRIAR	GRE	1979	1,197	472	2.54	
SUNNYSIDE	SUNNYSIDE	SSD	2000	3,729	2,219	1.68	
MARTINDALE	MARTINDALE	MRT	2007	12,126	3,500	3.46	
GARRISON GREEN	GARRISON GREEN	GAG	2002	666	213	3.13	At this time community was referred to as CFB - LINCOLN PARK PMQ (CFL)
DALHOUSIE	DALHOUSIE	DAL	2013	9,075	3,630	2.5	
ROSEDALE	ROSEDALE	RDL	1988	1,587	654	2.43	
HAMPTONS	HAMPTONS	HAM	1969	0	0	0	
WINSTON HEIGHTS/MOUNTVIEW	WINSTON HEIGHTS/MOUNTVIEW	WIN	2000	3,744	1,655	2.26	
CLIFF BUNGALOW	CLIFF BUNGALOW	CLI	1974	2,049	1,088	1.88	
UNIVERSITY HEIGHTS	UNIVERSITY HEIGHTS	UNI	2010	3,006	1,347	2.23	
CAMBRIAN HEIGHTS	CAMBRIAN HEIGHTS	CAM	1985	2,293	894	2.56	
COPPERFIELD	COPPERFIELD	CPF	2017	13,017	4,715	2.76	
RENFREW	RENFREW	REN	1982	6,151	2,654	2.32	
ROSEDALE	ROSEDALE	RDL	2010	1,528	590	2.59	
ROSSCARROCK	ROSSCARROCK	RCK	1993	3,293	1,427	2.31	
CHRISTIE PARK	CHRISTIE PARK	CHR	2005	2,241	716	3.13	
WEST SPRINGS	WEST SPRINGS	WSP	2017	10,031	3,131	3.2	
SOMERSET	SOMERSET	SOM	1968	0	0	0	
UNIVERSITY HEIGHTS	UNIVERSITY HEIGHTS	UNI	1988	2,974	1,292	2.3	
PENBROOKE MEADOWS	PENBROOKE MEADOWS	PEN	1978	9,348	2,526	3.7	
TUSCANY	TUSCANY	TUS	1983	0	0	0	
DIAMOND COVE	DIAMOND COVE	DIA	2015	711	270	2.63	
SPRINGBANK HILL	SPRINGBANK HILL	SPH	1997	453	143	3.17	
MOUNT PLEASANT	MOUNT PLEASANT	MOP	1971	5,673	2,108	2.69	
ELBOYA	ELBOYA	EYA	2015	1,849	726	2.55	
SOUTH CALGARY	SOUTH CALGARY	SOC	2001	3,485	1,795	1.94	
UNIVERSITY OF CALGARY	UNIVERSITY OF CALGARY	UOC	2000	2,352	1,071	2.2	
LAKEVIEW	LAKEVIEW	LKV	2007	5,610	2,298	2.44	
CORAL SPRINGS	CORAL SPRINGS	COR	1981	0	0	0	
OGDEN	OGDEN	OGD	1989	10,628	3,717	2.86	
GLENDALE	GLENDALE	GDL	2007	2,764	1,082	2.55	
CANYON MEADOWS	CANYON MEADOWS	CAN	1970	810	200	4.05	
GARRISON WOODS	GARRISON WOODS	GAW	2010	0	0	0	
MILLRISE	MILLRISE	MLR	2009	6,746	2,451	2.75	
SOMERSET	SOMERSET	SOM	1975	0	0	0	
PARKDALE	PARKDALE	PKD	1993	1,710	809	2.11	
DEER RUN	DEER RUN	DRN	1969	0	0	0	
WOODLANDS	WOODLANDS	WOO	1974	90	3	30	
FAIRVIEW	FAIRVIEW	FAI	1973	5,817	1,510	3.85	
MAHOGANY	MAHOGANY	MAH	1999	0	0	0	
CURRIE BARRACKS	CURRIE BARRACKS	CUR	1999	140			
SOUTHVIEW	SOUTHVIEW	SOV	2008	2,096	848	2.47	
SCARBORO/SUNALTA WEST	SCARBORO	SSW	1976	501	166	3.02	
DOWNTOWN COMMERCIAL CORE	DOWNTOWN COMMERCIAL CORE	DNC	1990	6,292	4,453	1.41	
CRANSTON	CRANSTON	CRA	1983	0	0	0	
ROSEDALE	ROSEDALE	RDL	2007	1,586	584	2.72	
SKYVIEW RANCH	SKYVIEW RANCH	SKR	1990	0	0	0	
UNIVERSITY OF CALGARY	UNIVERSITY OF CALGARY	UOC	1987	1,603	469	3.42	
ROSEMONT	ROSEMONT	RMT	1973	1,723	507	3.4	
DIAMOND COVE	DIAMOND COVE	DIA	2009	766	270	2.84	
EDGEMONT	EDGEMONT	EDG	2000	16,788	5,049	3.33	
HUNTINGTON HILLS	HUNTINGTON HILLS	HUN	1979	15,279	4,383	3.49	
ROYAL OAK	ROYAL OAK	ROY	2016	11,705	4,003	2.92	
ST. ANDREWS HEIGHTS	ST. ANDREWS HEIGHTS	STA	1975	2,222	626	3.55	
COUGAR RIDGE	COUGAR RIDGE	CGR	2011	5,813	1,874	3.1	
HAMPTONS	HAMPTONS	HAM	1979	0	0	0	
ALBERT PARK/RADISSON HEIGHTS	ALBERT PARK/RADISSON HEIGHTS	ALB	2012	6,234	2,546	2.45	
SCENIC ACRES	SCENIC ACRES	SCE	1969	0	0	0	
VALLEY RIDGE	VALLEY RIDGE	VAL	1993	149	49	3.04	
CITADEL	CITADEL	CIT	1989	0	0	0	
EAU CLAIRE	EAU CLAIRE	EAU	2013	1,739	1,146	1.52	
WOODBINE	WOODBINE	WBN	2003	10,529	3,332	3.16	
SOUTHVIEW	SOUTHVIEW	SOV	1979	2,551	774	3.3	
BRIDLEWOOD	BRIDLEWOOD	BRI	2007	8,929	3,107	2.87	
PATTERSON	PATTERSON	PAT	2008	4,179	1,910	2.19	
GLENBROOK	GLENBROOK	GBK	1977	6,085	1,910	3.19	
EDGEMONT	EDGEMONT	EDG	2004	17,274	5,316	3.25	
SUNALTA	SUNALTA	SNA	1983	2,802	1,596	1.76	
APPLEWOOD PARK	APPLEWOOD PARK	APP	2003	5,448	1,457	3.74	
GREENWOOD/GREENBRIAR	GREENWOOD/GREENBRIAR	GRE	2005	953	460	2.07	
COPPERFIELD	COPPERFIELD	CPF	2010	6,428	2,296	2.8	
CRESTMONT	CRESTMONT	CRM	1984	0	0	0	
VALLEY RIDGE	VALLEY RIDGE	VAL	2002	3,589	1,180	3.04	
BANKVIEW	BANKVIEW	BNK	2017	5,090	3,046	1.67	
BRIDLEWOOD	BRIDLEWOOD	BRI	1995	25	9	2.78	
LINCOLN PARK	LINCOLN PARK	LPK	1988	324	167	1.94	
MCKENZIE LAKE	MCKENZIE LAKE	MCK	1981	0	0	0	
PINERIDGE	PINERIDGE	PIN	1996	10,076	3,314	3.04	
SILVERADO	SILVERADO	SVO	2010	3,355	1,193	2.81	
OGDEN	OGDEN	OGD	1974	6,198	1,790	3.46	
HAWKWOOD	HAWKWOOD	HAW	2004	10,812	3,291	3.29	
GARRISON GREEN	GARRISON GREEN	GAG	1969	1,024	234	4.38	
SANDSTONE VALLEY	SANDSTONE VALLEY	SAN	1997	6,923	2,056	3.37	
UPPER MOUNT ROYAL	UPPER MOUNT ROYAL	UMR	2005	2,628	1,011	2.6	
HAMPTONS	HAMPTONS	HAM	2010	7,991	2,446	3.27	
SHERWOOD	SHERWOOD	SHW	1974	0	0	0	
ALTADORE	ALTADORE	ALT	2005	7,894	3,817	2.07	
ROCKY RIDGE	ROCKY RIDGE	ROC	1996	179	64	2.8	
BAYVIEW	BAYVIEW	BYV	1974	698	165	4.23	
LEGACY	LEGACY	LEG	1981	0	0	0	
SPRUCE CLIFF	SPRUCE CLIFF	SPR	1969	3,532	1,068	3.31	
ACADIA	ACADIA	ACA	2017	10,660	4,738	2.25	
KELVIN GROVE	KELVIN GROVE	KEL	1999	2,219	891	2.49	
GLENDALE	GLENDALE	GDL	1976	3,297	959	3.44	
FOREST LAWN	FOREST LAWN	FLN	2000	8,260	3,038	2.72	
BOWNESS	BOWNESS	BOW	1997	12,049	4,911	2.45	
CHINATOWN	CHINATOWN	CHN	1996	1,387	773	1.79	
MAPLE RIDGE	MAPLE RIDGE	MPL	1982	2,877	805	3.57	
DOWNTOWN EAST VILLAGE	DOWNTOWN EAST VILLAGE	DNE	2016	3,242	1,401	2.31	
NOLAN HILL	NOLAN HILL	NOL	1990	0	0	0	
SPRUCE CLIFF	SPRUCE CLIFF	SPR	2013	4,175	2,030	2.06	
HIGHWOOD	HIGHWOOD	HIW	1981	2,390	887	2.69	
SCARBORO	SCARBORO	SCA	2010	859	303	2.83	
WEST HILLHURST	WEST HILLHURST	WHL	1977	5,518	2,202	2.51	
BELVEDERE	BELVEDERE	BVD	1976	0	0	0	
RED CARPET	RED CARPET	RED	1980	1,196	414	2.89	
CHARLESWOOD/COLLINGWOOD	CHARLESWOOD		1997	6,017	2,419	2.49	Combined communities of CHARLESWOOD (CHW) and COLLINGWOOD (COL)
ALTADORE	ALTADORE	ALT	2007	8,442	4,008	2.11	
DOWNTOWN COMMERCIAL CORE	DOWNTOWN COMMERCIAL CORE	DNC	1987	6,016	4,406	1.37	
GREENWOOD/GREENBRIAR	GREENWOOD/GREENBRIAR	GRE	2011	932	473	1.97	
CURRIE BARRACKS	CURRIE BARRACKS	CUR	1989	0			
DOVER	DOVER	DOV	1990	11,252	3,597	3.13	
CHARLESWOOD/COLLINGWOOD	CHARLESWOOD		2004	5,894	2,388	2.47	Combined communities of CHARLESWOOD (CHW) and COLLINGWOOD (COL)
SHAWNESSY	SHAWNESSY	SHN	1978	0	0	0	
WALDEN	WALDEN	WAL	2001	0	0	0	
TARADALE	TARADALE	TAR	1993	1,541	464	3.32	
SILVER SPRINGS	SILVER SPRINGS	SIL	2017	8,774	3,439	2.55	
EVANSTON	EVANSTON	EVN	2013	8,326	2,740	3.04	
ST. ANDREWS HEIGHTS	ST. ANDREWS HEIGHTS	STA	2005	1,555	595	2.61	
TEMPLE	TEMPLE	TEM	1968	18	4	4.5	
LAKE BONAVISTA	LAKE BONAVISTA	LKB	2008	10,534	3,835	2.75	
MARTINDALE	MARTINDALE	MRT	2005	11,569	3,482	3.32	
GREENWOOD/GREENBRIAR	GREENWOOD/GREENBRIAR	GRE	1970	0	0	0	
LINCOLN PARK	LINCOLN PARK	LPK	1984	229	66	3.47	
DOWNTOWN WEST END	DOWNTOWN WEST END	DNW	2004	1,789	1,082	1.65	
LAKEVIEW	LAKEVIEW	LKV	1973	8,062	2,022	3.99	
ROCKY RIDGE	ROCKY RIDGE	ROC	1977	0	0	0	
BAYVIEW	BAYVIEW	BYV	1980	802	223	3.6	
SOUTHVIEW	SOUTHVIEW	SOV	1972	3,275	833	3.93	
RUNDLE	RUNDLE	RUN	1970	0	0	0	
BRENTWOOD	BRENTWOOD	BRE	1977	8,244	2,216	3.72	
CITYSCAPE	CITYSCAPE	CSC	2010	0	0	0	
COUNTRY HILLS VILLAGE	COUNTRY HILLS VILLAGE	CHV	1988	0	0	0	
RANCHLANDS	RANCHLANDS	RAN	1970	17	5	3.4	
SUNALTA	SUNALTA	SNA	1970	3,135	1,258	2.49	
MARLBOROUGH	MARLBOROUGH	MRL	1995	9,102	2,983	3.05	
SILVERADO	SILVERADO	SVO	1994	11	5	2.2	
MISSION	MISSION	MIS	1973	3,498	1,877	1.86	
MIDNAPORE	MIDNAPORE	MID	1992	7,522	2,469	3.05	
ERIN WOODS	ERIN WOODS	ERI	2008	7,087	2,373	2.99	
REDSTONE	REDSTONE	RSN	1968	0	0	0	
UNIVERSITY DISTRICT	UNIVERSITY DISTRICT	UND	2017	667	187	3.57	
COACH HILL	COACH HILL	COA	1981	2,143	835	2.57	
WHITEHORN	WHITEHORN	WHI	1995	12,011	3,315	3.62	
NOLAN HILL	NOLAN HILL	NOL	1980	0	0	0	
KELVIN GROVE	KELVIN GROVE	KEL	1980	2,350	786	2.99	
DEER RIDGE	DEER RIDGE	DRG	2009	3,954	1,380	2.87	
PARKDALE	PARKDALE	PKD	1974	2,156	730	2.95	
PENBROOKE MEADOWS	PENBROOKE MEADOWS	PEN	2008	8,361	2,877	2.91	
ROYAL OAK	ROYAL OAK	ROY	1977	0	0	0	
CRANSTON	CRANSTON	CRA	2005	3,857	1,391	2.77	
REDSTONE	REDSTONE	RSN	1990	0	0	0	
HOUNSFIELD HEIGHTS/BRIAR HILL	HOUNSFIELD HEIGHTS/BRIAR HILL	HOU	1987	2,726	928	2.94	
ERLTON	ERLTON	ERL	1994	553	267	2.07	
MACEWAN GLEN	MACEWAN GLEN	MAC	1993	4,701	1,501	3.13	
ELBOW PARK	ELBOW PARK	EPK	2006	3,471	1,132	3.07	
CASTLERIDGE	CASTLERIDGE	CAS	2012	6,096	1,861	3.28	
SUNALTA	SUNALTA	SNA	2001	3,341	1,932	1.73	
STRATHCONA PARK	STRATHCONA PARK	STR	1981	1,151	407	2.83	
DISCOVERY RIDGE	DISCOVERY RIDGE	DIS	1971	0	0	0	
DEER RIDGE	DEER RIDGE	DRG	2008	3,896	1,359	2.87	
CRESTMONT	CRESTMONT	CRM	2006	927	304	3.05	
SADDLE RIDGE	SADDLE RIDGE	SAD	1991	132	38	3.47	
CORNERSTONE	CORNERSTONE	CNS	1992	0	0	0	
STRATHCONA PARK	STRATHCONA PARK	STR	2006	7,290	2,401	3.04	
SIGNAL HILL	SIGNAL HILL	SIG	2006	14,076	5,201	2.71	
MARLBOROUGH PARK	MARLBOROUGH PARK	MPK	1985	9,183	2,642	3.48	
CASTLERIDGE	CASTLERIDGE	CAS	1991	6,462	1,785	3.62	
ERIN WOODS	ERIN WOODS	ERI	1996	5,992	1,820	3.29	
HARVEST HILLS	HARVEST HILLS	HAR	2013	7,492	2,535	2.96	
HIDDEN VALLEY	HIDDEN VALLEY	HID	1971	0	0	0	
UPPER MOUNT ROYAL	UPPER MOUNT ROYAL	UMR	2015	2,510	1,002	2.5	
CHINATOWN	CHINATOWN	CHN	1977	388	179	2.17	
BELTLINE	BELTLINE	BLN	1980	12,386	7,722	1.6	Combined communities of CONNAUGHT (CON) and VICTORIA PARK (VIC)
CAPITOL HILL	CAPITOL HILL	CAP	1978	3,803	1,650	2.3	
WOODBINE	WOODBINE	WBN	1999	10,915	3,343	3.27	
CITADEL	CITADEL	CIT	2006	10,166	3,455	2.94	
CANYON MEADOWS	CANYON MEADOWS	CAN	1972	2,865	754	3.8	
SOUTH CALGARY	SOUTH CALGARY	SOC	1968	4,009	1,437	2.79	
UPPER MOUNT ROYAL	UPPER MOUNT ROYAL	UMR	1982	2,736	989	2.77	
ALTADORE	ALTADORE	ALT	1997	5,914	2,607	2.27	
ABBEYDALE	ABBEYDALE	ABB	1996	6,593	1,918	3.44	
MARLBOROUGH	MARLBOROUGH	MRL	1972	3,977	971	4.1	
WEST SPRINGS	WEST SPRINGS	WSP	1981	0	0	0	
DOWNTOWN COMMERCIAL CORE	DOWNTOWN COMMERCIAL CORE	DNC	1999	6,490	4,262	1.52	
DEER RIDGE	DEER RIDGE	DRG	2011	3,991	1,389	2.87	
ERIN WOODS	ERIN WOODS	ERI	1981	505	153	3.3	
RIDEAU PARK	RIDEAU PARK	RID	1989	642	326	1.97	
BEL-AIRE	BEL-AIRE	BEL	1991	500	156	3.21	
MAHOGANY	MAHOGANY	MAH	2008	10	3	3.33	
CEDARBRAE	CEDARBRAE	CED	2007	6,426	2,559	2.51	
RENFREW	RENFREW	REN	2008	5,646	2,884	1.96	
BONAVISTA DOWNS	BONAVISTA DOWNS	BDO	2010	976	365	2.67	
MCKENZIE TOWNE	MCKENZIE TOWNE	MCT	1969	0	0	0	
INGLEWOOD	INGLEWOOD	ING	2011	3,473	1,904	1.82	
CRESCENT HEIGHTS	CRESCENT HEIGHTS	CRE	1976	5,400	2,656	2.03	
WILLOW PARK	WILLOW PARK	WIL	2016	5,353	2,219	2.41	
ABBEYDALE	ABBEYDALE	ABB	2014	6,071	1,982	3.06	
CRESTMONT	CRESTMONT	CRM	1968	0	0	0	
HARVEST HILLS	HARVEST HILLS	HAR	2004	7,443	2,534	2.94	
EAU CLAIRE	EAU CLAIRE	EAU	1974	587	266	2.21	
CEDARBRAE	CEDARBRAE	CED	1993	6,730	2,239	3.01	
SOUTHWOOD	SOUTHWOOD	SOW	2002	6,466	2,584	2.5	
SHAWNESSY	SHAWNESSY	SHN	1970	0	0	0	
PANORAMA HILLS	PANORAMA HILLS	PAN	1989	0	0	0	
CAMBRIAN HEIGHTS	CAMBRIAN HEIGHTS	CAM	1969	3,301	853	3.87	
HIDDEN VALLEY	HIDDEN VALLEY	HID	1994	1,225	379	3.23	
WHITEHORN	WHITEHORN	WHI	1999	12,406	3,382	3.67	
CASTLERIDGE	CASTLERIDGE	CAS	2011	6,098	1,850	3.3	
APPLEWOOD PARK	APPLEWOOD PARK	APP	1984	502	147	3.41	
SHAWNEE SLOPES	SHAWNEE SLOPES	SHS	2005	1,624	611	2.66	
MCKENZIE TOWNE	MCKENZIE TOWNE	MCT	1997	342	143	2.39	
PATTERSON	PATTERSON	PAT	2000	3,860	1,685	2.29	
DALHOUSIE	DALHOUSIE	DAL	1997	9,213	3,439	2.68	
CHARLESWOOD/COLLINGWOOD	CHARLESWOOD		1976	8,157	2,360	3.46	Data from community of Triwood
HIGHWOOD	HIGHWOOD	HIW	2015	2,314	947	2.44	
SETON	SETON	SET	1970	0	0	0	
RUTLAND PARK	RUTLAND PARK	RUT	1975	3,037	843	3.6	
LOWER MOUNT ROYAL	LOWER MOUNT ROYAL	LMR	1981	3,079	1,819	1.69	
RICHMOND	RICHMOND	RIC	1988	3,656	1,753	2.09	
LAKE BONAVISTA	LAKE BONAVISTA	LKB	1974	9,210	2,278	4.04	
UPPER MOUNT ROYAL	UPPER MOUNT ROYAL	UMR	1995	2,570	1,017	2.53	
REDSTONE	REDSTONE	RSN	1980	0	0	0	
PARKDALE	PARKDALE	PKD	1973	2,242	726	3.09	
BOWNESS	BOWNESS	BOW	1995	11,938	4,799	2.49	
POINT MCKAY	POINT MCKAY	POI	1978	0	0	0	
COUNTRY HILLS	COUNTRY HILLS	COU	1988	0	0	0	
MONTEREY PARK	MONTEREY PARK	MOR	1970	0	0	0	
MAHOGANY	MAHOGANY	MAH	1975	0	0	0	
SUNALTA	SUNALTA	SNA	1979	2,723	1,505	1.81	
SIGNAL HILL	SIGNAL HILL	SIG	2010	13,972	5,163	2.71	
WINSTON HEIGHTS/MOUNTVIEW	WINSTON HEIGHTS/MOUNTVIEW	WIN	2006	3,631	1,682	2.16	
MEADOWLARK PARK	MEADOWLARK PARK	MEA	1985	738	294	2.51	
SANDSTONE VALLEY	SANDSTONE VALLEY	SAN	2014	6,190	2,100	2.95	
HIGHLAND PARK	HIGHLAND PARK	HPK	2004	3,504	1,808	1.94	
EAGLE RIDGE	EAGLE RIDGE	EAG	1988	508	106	4.79	
ELBOYA	ELBOYA	EYA	2003	1,705	730	2.34	
CRESTMONT	CRESTMONT	CRM	1997	0	0	0	
RUTLAND PARK	RUTLAND PARK	RUT	1986	2,692	937	2.87	
PUMP HILL	PUMP HILL	PUM	1985	1,321	370	3.57	
DEER RIDGE	DEER RIDGE	DRG	1968	0	0	0	
HILLHURST	HILLHURST	HIL	1976	5,320	2,470	2.15	
AUBURN BAY	AUBURN BAY	AUB	2017	16,429	5,453	3.01	
RENFREW	RENFREW	REN	2015	6,550	3,190	2.05	
ERIN WOODS	ERIN WOODS	ERI	1969	0	0	0	
DOWNTOWN COMMERCIAL CORE	DOWNTOWN COMMERCIAL CORE	DNC	2012	8,015	4,663	1.72	
ROSEDALE	ROSEDALE	RDL	1979	1,489	621	2.4	
QUEENS PARK VILLAGE	QUEENS PARK VILLAGE	QPK	1988	374	175	2.14	
HAMPTONS	HAMPTONS	HAM	1988	0	0	0	
BANKVIEW	BANKVIEW	BNK	1980	5,177	2,846	1.82	
CHINATOWN	CHINATOWN	CHN	2015	1,906	1,263	1.51	
RIVERBEND	RIVERBEND	RIV	2016	9,430	3,386	2.78	
WINSTON HEIGHTS/MOUNTVIEW	WINSTON HEIGHTS/MOUNTVIEW	WIN	2017	3,835	1,680	2.28	
FAIRVIEW	FAIRVIEW	FAI	1982	4,663	1,557	2.99	
CASTLERIDGE	CASTLERIDGE	CAS	1983	4,633	1,470	3.15	
EAGLE RIDGE	EAGLE RIDGE	EAG	1999	463	108	4.29	
CORAL SPRINGS	CORAL SPRINGS	COR	2004	6,095	1,458	4.18	
KINCORA	KINCORA	KCA	1996	0	0	0	
RUTLAND PARK	RUTLAND PARK	RUT	2003	2,335	957	2.44	
MAYLAND HEIGHTS	MAYLAND HEIGHTS	MAL	2003	5,916	2,561	2.31	
MAYFAIR	MAYFAIR	MAF	2012	481	149	3.23	
SOUTHWOOD	SOUTHWOOD	SOW	1977	7,677	2,190	3.51	
SPRUCE CLIFF	SPRUCE CLIFF	SPR	2007	3,027	1,416	2.14	
PENBROOKE MEADOWS	PENBROOKE MEADOWS	PEN	2007	8,523	2,917	2.92	
PANORAMA HILLS	PANORAMA HILLS	PAN	2010	17,899	5,620	3.18	
HAMPTONS	HAMPTONS	HAM	2012	7,905	2,452	3.22	
STRATHCONA PARK	STRATHCONA PARK	STR	1995	5,037	1,631	3.09	
PALLISER	PALLISER	PAL	2016	3,490	1,714	2.04	
WINDSOR PARK	WINDSOR PARK	WND	1981	3,135	1,593	1.97	
HUNTINGTON HILLS	HUNTINGTON HILLS	HUN	1973	11,110	2,903	3.83	
CITYSCAPE	CITYSCAPE	CSC	1987	0	0	0	
FOREST LAWN	FOREST LAWN	FLN	1987	8,232	2,899	2.84	
POINT MCKAY	POINT MCKAY	POI	2005	1,334	813	1.64	
DOWNTOWN EAST VILLAGE	DOWNTOWN EAST VILLAGE	DNE	1993	1,023	668	1.53	
TEMPLE	TEMPLE	TEM	1989	11,891	3,436	3.46	
DOWNTOWN EAST VILLAGE	DOWNTOWN EAST VILLAGE	DNE	1996	1,080	643	1.68	
SANDSTONE VALLEY	SANDSTONE VALLEY	SAN	2013	6,230	2,097	2.97	
HOUNSFIELD HEIGHTS/BRIAR HILL	HOUNSFIELD HEIGHTS/BRIAR HILL	HOU	1970	3,065	871	3.52	
NORTH HAVEN UPPER	NORTH HAVEN UPPER	NHU	2006	653	244	2.68	
EVERGREEN	EVERGREEN	EVE	1990	47	18	2.61	
DEER RIDGE	DEER RIDGE	DRG	1985	3,832	1,148	3.34	
SCENIC ACRES	SCENIC ACRES	SCE	1989	2,916	881	3.31	
HIGHLAND PARK	HIGHLAND PARK	HPK	1989	3,665	1,797	2.04	
NOLAN HILL	NOLAN HILL	NOL	1991	12	4	3	
SANDSTONE VALLEY	SANDSTONE VALLEY	SAN	1986	1,244	404	3.08	
CHINOOK PARK	CHINOOK PARK	CHK	1991	1,724	574	3	
MARLBOROUGH PARK	MARLBOROUGH PARK	MPK	2010	8,248	2,855	2.89	
EVANSTON	EVANSTON	EVN	1980	0	0	0	
ROSEMONT	ROSEMONT	RMT	1991	1,239	524	2.36	
HILLHURST	HILLHURST	HIL	2005	5,567	2,755	2.02	
ROSSCARROCK	ROSSCARROCK	RCK	2009	3,213	1,425	2.25	
MAPLE RIDGE	MAPLE RIDGE	MPL	1986	2,591	801	3.23	
BELVEDERE	BELVEDERE	BVD	2003	0	0	0	
WEST SPRINGS	WEST SPRINGS	WSP	2007	5,749	1,944	2.96	
MACEWAN GLEN	MACEWAN GLEN	MAC	2009	5,233	1,756	2.98	
QUEENS PARK VILLAGE	QUEENS PARK VILLAGE	QPK	1978	0	0	0	
RIVERBEND	RIVERBEND	RIV	2017	9,338	3,395	2.75	
SUNDANCE	SUNDANCE	SDC	1978	0	0	0	
SETON	SETON	SET	1980	0	0	0	
CORNERSTONE	CORNERSTONE	CNS	2017	54	15	3.6	
SIGNAL HILL	SIGNAL HILL	SIG	2016	13,616	5,131	2.65	
RIDEAU PARK	RIDEAU PARK	RID	2015	623	301	2.07	
QUEENSLAND	QUEENSLAND	QLD	1980	5,270	1,472	3.58	
NORTH HAVEN UPPER	NORTH HAVEN UPPER	NHU	1979	842	242	3.48	
VARSITY	VARSITY	VAR	1981	13,645	4,761	2.87	
WILLOW PARK	WILLOW PARK	WIL	1978	7,490	2,181	3.43	
PINERIDGE	PINERIDGE	PIN	2010	9,743	3,613	2.7	
SPRUCE CLIFF	SPRUCE CLIFF	SPR	1992	3,197	1,335	2.39	
PARKDALE	PARKDALE	PKD	1992	1,728	810	2.13	
GLAMORGAN	GLAMORGAN	GLA	1971	4,765	1,198	3.98	
SHAWNEE SLOPES	SHAWNEE SLOPES	SHS	2006	1,617	613	2.64	
TUXEDO PARK	TUXEDO PARK	TUX	2010	4,539	2,330	1.95	
MARLBOROUGH	MARLBOROUGH	MRL	2008	8,356	2,991	2.79	
MARTINDALE	MARTINDALE	MRT	1971	0	0	0	
MANCHESTER	MANCHESTER	MAN	1978	217	82	2.65	
ROSSCARROCK	ROSSCARROCK	RCK	1991	3,385	1,441	2.35	
BONAVISTA DOWNS	BONAVISTA DOWNS	BDO	1972	0	0	0	
CHAPARRAL	CHAPARRAL	CHA	1978	0	0	0	
MACEWAN GLEN	MACEWAN GLEN	MAC	1974	0	0	0	
WINDSOR PARK	WINDSOR PARK	WND	1977	3,026	1,438	2.1	
NORTH GLENMORE PARK	NORTH GLENMORE PARK	NGM	2006	2,412	971	2.48	
SPRUCE CLIFF	SPRUCE CLIFF	SPR	1972	3,927	1,297	3.03	
DEER RUN	DEER RUN	DRN	2004	5,984	2,059	2.91	
HIDDEN VALLEY	HIDDEN VALLEY	HID	1968	0	0	0	
BRENTWOOD	BRENTWOOD	BRE	1988	6,568	2,502	2.63	
SADDLE RIDGE	SADDLE RIDGE	SAD	1992	117	39	3	
SHAWNEE SLOPES	SHAWNEE SLOPES	SHS	2011	1,529	627	2.44	
PARKDALE	PARKDALE	PKD	1971	2,464	740	3.33	
AUBURN BAY	AUBURN BAY	AUB	1992	0	0	0	
KINCORA	KINCORA	KCA	2007	2,470	804	3.07	
TUXEDO PARK	TUXEDO PARK	TUX	1983	4,191	1,964	2.13	
RUTLAND PARK	RUTLAND PARK	RUT	1981	2,786	879	3.17	
MANCHESTER	MANCHESTER	MAN	2006	542	329	1.65	
CHINOOK PARK	CHINOOK PARK	CHK	1993	1,731	570	3.04	
BOWNESS	BOWNESS	BOW	2007	11,173	5,005	2.23	
UPPER MOUNT ROYAL	UPPER MOUNT ROYAL	UMR	1987	2,629	1,016	2.59	
ROSEMONT	ROSEMONT	RMT	2000	1,285	527	2.44	
CAPITOL HILL	CAPITOL HILL	CAP	1976	3,766	1,606	2.34	
GLAMORGAN	GLAMORGAN	GLA	1993	6,312	2,730	2.31	
CAPITOL HILL	CAPITOL HILL	CAP	2014	4,413	2,139	2.06	
RED CARPET	RED CARPET	RED	1986	1,102	429	2.57	
COUGAR RIDGE	COUGAR RIDGE	CGR	1973	0	0	0	
SUNDANCE	SUNDANCE	SDC	1972	0	0	0	
MONTGOMERY	MONTGOMERY	MON	1978	4,171	1,392	3	
SUNNYSIDE	SUNNYSIDE	SSD	1981	3,872	2,139	1.81	
SHAWNESSY	SHAWNESSY	SHN	2003	9,382	3,122	3.01	
WILDWOOD	WILDWOOD	WLD	1981	3,160	1,050	3.01	
HAMPTONS	HAMPTONS	HAM	1974	0	0	0	
ROCKY RIDGE	ROCKY RIDGE	ROC	1978	0	0	0	
OGDEN	OGDEN	OGD	1990	10,729	3,769	2.85	
KILLARNEY/GLENGARRY	KILLARNEY/GLENGARRY	KIL	1987	5,586	2,657	2.1	
STRATHCONA PARK	STRATHCONA PARK	STR	1970	17	4	4.25	
PINERIDGE	PINERIDGE	PIN	1993	10,306	3,353	3.07	
CHINATOWN	CHINATOWN	CHN	1992	1,388	772	1.8	
BRIDLEWOOD	BRIDLEWOOD	BRI	1969	0	0	0	
GREENWOOD/GREENBRIAR	GREENWOOD/GREENBRIAR	GRE	1982	1,127	474	2.38	
RENFREW	RENFREW	REN	2014	6,045	3,006	2.01	
ROSSCARROCK	ROSSCARROCK	RCK	2014	3,408	1,508	2.26	
WINSTON HEIGHTS/MOUNTVIEW	WINSTON HEIGHTS/MOUNTVIEW	WIN	2015	4,035	1,771	2.28	
SCARBORO/SUNALTA WEST	SCARBORO	SSW	1972	557	163	3.42	
ROSEDALE	ROSEDALE	RDL	1976	1,582	638	2.48	
MILLRISE	MILLRISE	MLR	2004	6,362	2,259	2.82	
BRAESIDE	BRAESIDE	BRA	1975	3,834	1,055	3.63	
MEADOWLARK PARK	MEADOWLARK PARK	MEA	1976	934	294	3.18	
ROSEMONT	ROSEMONT	RMT	1990	1,237	527	2.35	
THORNCLIFFE	THORNCLIFFE	THO	1999	9,419	3,601	2.62	
FOREST LAWN	FOREST LAWN	FLN	1999	8,344	3,027	2.76	
PARKHILL	PARKHILL	PKH	1969	1,733	561	3.09	
BELVEDERE	BELVEDERE	BVD	1998	0	0	0	
RANCHLANDS	RANCHLANDS	RAN	1972	0	0	0	
SOMERSET	SOMERSET	SOM	1978	0	0	0	
CORNERSTONE	CORNERSTONE	CNS	2007	0	0	0	
RUTLAND PARK	RUTLAND PARK	RUT	2015	2,344	954	2.46	
SOUTHWOOD	SOUTHWOOD	SOW	1996	6,498	2,517	2.58	
ELBOYA	ELBOYA	EYA	2010	1,607	684	2.35	
MAYLAND HEIGHTS	MAYLAND HEIGHTS	MAL	1989	6,337	2,472	2.56	
BANFF TRAIL	BANFF TRAIL	BNF	2011	3,582	1,628	2.2	
RIVERBEND	RIVERBEND	RIV	2009	10,081	3,415	2.95	
DALHOUSIE	DALHOUSIE	DAL	1972	4,244	1,082	3.92	
SETON	SETON	SET	2008	0	0	0	
STRATHCONA PARK	STRATHCONA PARK	STR	1982	1,739	609	2.86	
PINERIDGE	PINERIDGE	PIN	1977	5,511	1,655	3.33	
NORTH HAVEN	NORTH HAVEN	NHV	1998	2,526	947	2.67	
INGLEWOOD	INGLEWOOD	ING	1970	3,557	1,243	2.86	
CRANSTON	CRANSTON	CRA	2016	18,013	6,217	2.9	
ASPEN WOODS	ASPEN WOODS	ASP	1978	0	0	0	
FOREST LAWN	FOREST LAWN	FLN	2005	7,597	2,955	2.57	
BEL-AIRE	BEL-AIRE	BEL	2012	424	144	2.94	
CORAL SPRINGS	CORAL SPRINGS	COR	2008	6,007	1,466	4.1	
FALCONRIDGE	FALCONRIDGE	FAL	1976	0	0	0	
RICHMOND	RICHMOND	RIC	2017	4,781	2,127	2.25	
HILLHURST	HILLHURST	HIL	1996	4,887	2,526	1.93	
COUNTRY HILLS	COUNTRY HILLS	COU	1989	0	0	0	
TEMPLE	TEMPLE	TEM	2012	10,894	3,516	3.1	
CHINATOWN	CHINATOWN	CHN	2004	1,199	724	1.66	
HIGHLAND PARK	HIGHLAND PARK	HPK	1991	3,757	1,812	2.07	
SHERWOOD	SHERWOOD	SHW	1993	0	0	0	
CITYSCAPE	CITYSCAPE	CSC	2017	2,529	676	3.74	
HIGHWOOD	HIGHWOOD	HIW	2010	2,104	909	2.31	
MONTEREY PARK	MONTEREY PARK	MOR	1980	0	0	0	
UNIVERSITY OF CALGARY	UNIVERSITY OF CALGARY	UOC	2007	2,259	626	3.61	
MARLBOROUGH PARK	MARLBOROUGH PARK	MPK	1987	9,286	2,692	3.45	
BRENTWOOD	BRENTWOOD	BRE	2012	6,059	2,503	2.42	
EVANSTON	EVANSTON	EVN	2016	14,264	4,448	3.21	
SPRINGBANK HILL	SPRINGBANK HILL	SPH	2004	3,567	1,205	2.96	
UNIVERSITY HEIGHTS	UNIVERSITY HEIGHTS	UNI	1999	2,850	1,221	2.33	
SOUTHVIEW	SOUTHVIEW	SOV	2009	2,079	840	2.48	
POINT MCKAY	POINT MCKAY	POI	1990	1,453	801	1.81	
ASPEN WOODS	ASPEN WOODS	ASP	1979	0	0	0	
QUEENS PARK VILLAGE	QUEENS PARK VILLAGE	QPK	1995	374	182	2.05	
COUGAR RIDGE	COUGAR RIDGE	CGR	1979	0	0	0	
QUEENSLAND	QUEENSLAND	QLD	2009	4,962	1,837	2.7	
ROSSCARROCK	ROSSCARROCK	RCK	2005	3,229	1,475	2.19	
HOUNSFIELD HEIGHTS/BRIAR HILL	HOUNSFIELD HEIGHTS/BRIAR HILL	HOU	1994	2,576	904	2.85	
CORAL SPRINGS	CORAL SPRINGS	COR	1980	0	0	0	
VARSITY	VARSITY	VAR	1989	12,929	5,104	2.53	
PANORAMA HILLS	PANORAMA HILLS	PAN	1991	13	3	4.33	
SHAGANAPPI	SHAGANAPPI	SHG	1991	1,642	775	2.12	
UNIVERSITY OF CALGARY	UNIVERSITY OF CALGARY	UOC	1976	1,379	252	5.47	
SKYVIEW RANCH	SKYVIEW RANCH	SKR	1981	0	0	0	
CLIFF BUNGALOW	CLIFF BUNGALOW	CLI	2001	1,976	1,306	1.51	
DOWNTOWN WEST END	DOWNTOWN WEST END	DNW	1976	635	355	1.79	
BELVEDERE	BELVEDERE	BVD	1984	0	0	0	
LOWER MOUNT ROYAL	LOWER MOUNT ROYAL	LMR	1987	2,868	1,929	1.49	
EVERGREEN	EVERGREEN	EVE	2000	2,052	620	3.31	
WINSTON HEIGHTS/MOUNTVIEW	WINSTON HEIGHTS/MOUNTVIEW	WIN	1983	3,922	1,538	2.55	
GREENWOOD/GREENBRIAR	GREENWOOD/GREENBRIAR	GRE	1975	0	0	0	
SPRUCE CLIFF	SPRUCE CLIFF	SPR	2010	3,874	1,878	2.06	
MOUNT PLEASANT	MOUNT PLEASANT	MOP	1970	5,775	2,117	2.73	
APPLEWOOD PARK	APPLEWOOD PARK	APP	2010	6,361	1,972	3.23	
MILLRISE	MILLRISE	MLR	1977	52	16	3.25	
GARRISON WOODS	GARRISON WOODS	GAW	2008	0	0	0	
VISTA HEIGHTS	VISTA HEIGHTS	VIS	1977	1,987	533	3.73	
WINDSOR PARK	WINDSOR PARK	WND	1983	3,296	1,758	1.87	
HILLHURST	HILLHURST	HIL	2002	5,345	2,662	2.01	
HAWKWOOD	HAWKWOOD	HAW	1993	9,239	2,703	3.42	
ASPEN WOODS	ASPEN WOODS	ASP	1987	0	0	0	
CEDARBRAE	CEDARBRAE	CED	2017	6,075	2,496	2.43	
RENFREW	RENFREW	REN	1994	5,448	2,626	2.07	
MIDNAPORE	MIDNAPORE	MID	1976	323	74	4.36	
SILVER SPRINGS	SILVER SPRINGS	SIL	1986	10,251	3,261	3.14	
ALBERT PARK/RADISSON HEIGHTS	ALBERT PARK/RADISSON HEIGHTS	ALB	1997	6,484	2,392	2.71	
HIGHLAND PARK	HIGHLAND PARK	HPK	1975	4,102	1,588	2.58	
HUNTINGTON HILLS	HUNTINGTON HILLS	HUN	2013	13,651	5,354	2.55	
LINCOLN PARK	LINCOLN PARK	LPK	1970	16	3	5.33	
CANYON MEADOWS	CANYON MEADOWS	CAN	2016	7,855	3,137	2.5	
VARSITY	VARSITY	VAR	2014	12,553	5,423	2.31	
GARRISON GREEN	GARRISON GREEN	GAG	1974	868	211	4.11	
EVANSTON	EVANSTON	EVN	1978	0	0	0	
RUNDLE	RUNDLE	RUN	1997	11,671	3,503	3.33	
MCKENZIE LAKE	MCKENZIE LAKE	MCK	1970	0	0	0	
DOWNTOWN WEST END	DOWNTOWN WEST END	DNW	1975	627	353	1.78	
DOWNTOWN COMMERCIAL CORE	DOWNTOWN COMMERCIAL CORE	DNC	1981	6,053	4,389	1.38	
HOUNSFIELD HEIGHTS/BRIAR HILL	HOUNSFIELD HEIGHTS/BRIAR HILL	HOU	1999	2,630	906	2.9	
KELVIN GROVE	KELVIN GROVE	KEL	1978	2,404	761	3.16	
MISSION	MISSION	MIS	1991	3,263	2,248	1.45	
MAPLE RIDGE	MAPLE RIDGE	MPL	2003	2,111	802	2.63	
ROSEMONT	ROSEMONT	RMT	1972	1,773	505	3.51	
AUBURN BAY	AUBURN BAY	AUB	2010	4,217	1,403	3.01	
ROSEDALE	ROSEDALE	RDL	2009	1,644	614	2.68	
EVANSTON	EVANSTON	EVN	1989	0	0	0	
NORTH HAVEN UPPER	NORTH HAVEN UPPER	NHU	2015	624	243	2.57	
PARKDALE	PARKDALE	PKD	2011	2,317	923	2.51	
NORTH GLENMORE PARK	NORTH GLENMORE PARK	NGM	1986	2,693	971	2.77	
BONAVISTA DOWNS	BONAVISTA DOWNS	BDO	1998	1,115	369	3.02	
RUTLAND PARK	RUTLAND PARK	RUT	1992	2,594	952	2.72	
HIGHLAND PARK	HIGHLAND PARK	HPK	2000	3,821	1,908	2	
THORNCLIFFE	THORNCLIFFE	THO	2006	8,862	3,630	2.44	
VARSITY	VARSITY	VAR	1971	7,675	1,806	4.25	
MCKENZIE LAKE	MCKENZIE LAKE	MCK	1968	0	0	0	
RICHMOND	RICHMOND	RIC	1985	3,700	1,749	2.12	
KINCORA	KINCORA	KCA	2012	4,876	1,508	3.23	
CRANSTON	CRANSTON	CRA	2011	10,831	3,793	2.86	
ST. ANDREWS HEIGHTS	ST. ANDREWS HEIGHTS	STA	1992	2,106	702	3	
MEADOWLARK PARK	MEADOWLARK PARK	MEA	1988	728	292	2.49	
WALDEN	WALDEN	WAL	1983	0	0	0	
ELBOW PARK	ELBOW PARK	EPK	1991	3,328	1,167	2.85	
SOUTHWOOD	SOUTHWOOD	SOW	1989	6,720	2,497	2.69	
STRATHCONA PARK	STRATHCONA PARK	STR	1973	11	5	2.2	
WINDSOR PARK	WINDSOR PARK	WND	2005	3,834	2,186	1.75	
OGDEN	OGDEN	OGD	1986	10,652	3,637	2.93	
ERLTON	ERLTON	ERL	2007	1,263	722	1.75	
MIDNAPORE	MIDNAPORE	MID	1970	374	84	4.45	
CRESCENT HEIGHTS	CRESCENT HEIGHTS	CRE	1978	5,083	2,566	1.98	
HIGHWOOD	HIGHWOOD	HIW	1992	2,105	883	2.38	
WILDWOOD	WILDWOOD	WLD	1979	3,329	1,050	3.17	
COUGAR RIDGE	COUGAR RIDGE	CGR	2017	7,072	2,178	3.25	
VALLEY RIDGE	VALLEY RIDGE	VAL	1989	0	0	0	
NOLAN HILL	NOLAN HILL	NOL	2014	550	196	2.81	
LAKEVIEW	LAKEVIEW	LKV	2014	5,476	2,287	2.39	
WILDWOOD	WILDWOOD	WLD	1992	2,707	1,040	2.6	
BOWNESS	BOWNESS	BOW	1996	12,089	4,816	2.51	
NOLAN HILL	NOLAN HILL	NOL	2002	0	0	0	
WOODLANDS	WOODLANDS	WOO	1971	79	12	6.58	
RICHMOND	RICHMOND	RIC	2004	3,897	1,879	2.07	
BOWNESS	BOWNESS	BOW	1971	11,409	2,907	3.92	
PUMP HILL	PUMP HILL	PUM	1998	1,910	667	2.86	
FOREST LAWN	FOREST LAWN	FLN	1979	8,728	2,755	3.17	
CLIFF BUNGALOW	CLIFF BUNGALOW	CLI	1972	2,155	1,090	1.98	
PENBROOKE MEADOWS	PENBROOKE MEADOWS	PEN	2014	8,760	3,122	2.81	
SCARBORO	SCARBORO	SCA	1972	1,088	348	3.13	
MAPLE RIDGE	MAPLE RIDGE	MPL	1979	3,014	801	3.76	
ARBOUR LAKE	ARBOUR LAKE	ARB	2003	9,968	3,496	2.85	
BRENTWOOD	BRENTWOOD	BRE	1986	6,776	2,495	2.72	
MARLBOROUGH	MARLBOROUGH	MRL	1986	9,478	2,889	3.28	
CORAL SPRINGS	CORAL SPRINGS	COR	1968	0	0	0	
RUTLAND PARK	RUTLAND PARK	RUT	1984	2,652	898	2.95	
CHRISTIE PARK	CHRISTIE PARK	CHR	1978	27	7	3.86	
RANCHLANDS	RANCHLANDS	RAN	2015	7,873	3,014	2.61	
ROCKY RIDGE	ROCKY RIDGE	ROC	1982	0	0	0	
RIDEAU PARK	RIDEAU PARK	RID	1995	645	328	1.97	
SHERWOOD	SHERWOOD	SHW	2017	5,312	1,584	3.35	
LOWER MOUNT ROYAL	LOWER MOUNT ROYAL	LMR	2017	3,239	2,178	1.49	
BOWNESS	BOWNESS	BOW	1968	9,709	2,375	4.09	
WINDSOR PARK	WINDSOR PARK	WND	1975	2,945	1,361	2.16	
VARSITY	VARSITY	VAR	2000	12,520	5,197	2.41	
ERLTON	ERLTON	ERL	1969	991	353	2.81	
SHAWNESSY	SHAWNESSY	SHN	1985	2,431	808	3.01	
EAGLE RIDGE	EAGLE RIDGE	EAG	2011	443	97	4.57	
CASTLERIDGE	CASTLERIDGE	CAS	1989	6,228	1,773	3.51	
WOODBINE	WOODBINE	WBN	1992	11,133	3,272	3.4	
DISCOVERY RIDGE	DISCOVERY RIDGE	DIS	2007	3,804	1,408	2.7	
FOREST LAWN	FOREST LAWN	FLN	2010	7,269	2,913	2.5	
ST. ANDREWS HEIGHTS	ST. ANDREWS HEIGHTS	STA	2004	1,500	585	2.56	
SHAWNEE SLOPES	SHAWNEE SLOPES	SHS	1988	547	183	2.99	
HAYSBORO	HAYSBORO	HAY	1992	6,258	2,738	2	
STRATHCONA PARK	STRATHCONA PARK	STR	1987	3,989	1,319	3.02	
CHRISTIE PARK	CHRISTIE PARK	CHR	1968	27	8	3.38	
PARKDALE	PARKDALE	PKD	1978	1,960	739	2.65	
MARLBOROUGH PARK	MARLBOROUGH PARK	MPK	1996	9,043	2,791	3.24	
SHAGANAPPI	SHAGANAPPI	SHG	1978	1,827	774	2.36	
HAWKWOOD	HAWKWOOD	HAW	2006	10,559	3,304	3.2	
SOMERSET	SOMERSET	SOM	2000	5,023	1,785	2.81	
PARKDALE	PARKDALE	PKD	1981	1,940	793	2.45	
MARLBOROUGH PARK	MARLBOROUGH PARK	MPK	2000	9,181	2,884	3.18	
BANFF TRAIL	BANFF TRAIL	BNF	1992	3,472	1,584	2.19	
NEW BRIGHTON	NEW BRIGHTON	NEB	2016	12,060	4,076	2.96	
TUXEDO PARK	TUXEDO PARK	TUX	1974	4,298	1,809	2.38	
SKYVIEW RANCH	SKYVIEW RANCH	SKR	1989	0	0	0	
BANKVIEW	BANKVIEW	BNK	2012	5,221	3,267	1.6	
CEDARBRAE	CEDARBRAE	CED	1975	2,286	674	3.39	
EDGEMONT	EDGEMONT	EDG	1992	12,635	3,760	3.36	
SANDSTONE VALLEY	SANDSTONE VALLEY	SAN	1990	4,229	1,281	3.3	
SOUTHVIEW	SOUTHVIEW	SOV	1984	2,413	815	2.96	
ARBOUR LAKE	ARBOUR LAKE	ARB	1971	0	0	0	
MCKENZIE LAKE	MCKENZIE LAKE	MCK	1997	9,675	2,825	3.42	
PARKHILL	PARKHILL	PKH	1996	1,471	711	2.07	
NEW BRIGHTON	NEW BRIGHTON	NEB	1971	0	0	0	
HAYSBORO	HAYSBORO	HAY	2003	6,109	2,816	2	
HUNTINGTON HILLS	HUNTINGTON HILLS	HUN	1976	14,427	3,999	3.61	
ARBOUR LAKE	ARBOUR LAKE	ARB	1987	0	0	0	
COUNTRY HILLS VILLAGE	COUNTRY HILLS VILLAGE	CHV	1987	0	0	0	
NORTH GLENMORE PARK	NORTH GLENMORE PARK	NGM	2000	2,522	982	2.57	
NEW BRIGHTON	NEW BRIGHTON	NEB	2001	0	0	0	
AUBURN BAY	AUBURN BAY	AUB	1986	15	5	3	
MACEWAN GLEN	MACEWAN GLEN	MAC	2006	5,372	1,760	3.05	
HIGHWOOD	HIGHWOOD	HIW	1987	2,098	880	2.38	
WOODBINE	WOODBINE	WBN	1994	11,080	3,300	3.36	
QUEENSLAND	QUEENSLAND	QLD	1995	5,619	1,744	3.22	
DEER RIDGE	DEER RIDGE	DRG	1992	4,587	1,393	3.29	
SCARBORO	SCARBORO	SCA	1970	1,101	347	3.17	
SPRINGBANK HILL	SPRINGBANK HILL	SPH	1970	0	0	0	
CRESTMONT	CRESTMONT	CRM	1969	0	0	0	
KINCORA	KINCORA	KCA	1998	0	0	0	
ST. ANDREWS HEIGHTS	ST. ANDREWS HEIGHTS	STA	2009	1,571	596	2.64	
ROSSCARROCK	ROSSCARROCK	RCK	1997	3,371	1,468	2.3	
BONAVISTA DOWNS	BONAVISTA DOWNS	BDO	2009	975	367	2.66	
ACADIA	ACADIA	ACA	1969	10,259	2,309	4.44	
ROSEMONT	ROSEMONT	RMT	1986	1,247	519	2.4	
SADDLE RIDGE	SADDLE RIDGE	SAD	1970	251	56	4.48	
COACH HILL	COACH HILL	COA	2010	3,236	1,422	2.28	
PARKHILL	PARKHILL	PKH	1987	1,159	587	1.97	
CEDARBRAE	CEDARBRAE	CED	1989	6,679	2,171	3.08	
VISTA HEIGHTS	VISTA HEIGHTS	VIS	1978	1,899	542	3.5	
SCARBORO/SUNALTA WEST	SCARBORO	SSW	1983	428	164	2.61	
UPPER MOUNT ROYAL	UPPER MOUNT ROYAL	UMR	1970	3,105	963	3.22	
CAMBRIAN HEIGHTS	CAMBRIAN HEIGHTS	CAM	2010	2,123	876	2.42	
CHAPARRAL	CHAPARRAL	CHA	1975	0	0	0	
INGLEWOOD	INGLEWOOD	ING	1969	3,669	1,251	2.93	
CHINOOK PARK	CHINOOK PARK	CHK	2011	1,703	568	3	
CORAL SPRINGS	CORAL SPRINGS	COR	2012	5,868	1,483	3.96	
MILLRISE	MILLRISE	MLR	1984	1,318	434	3.04	
GREENVIEW	GREENVIEW	GRV	1982	1,744	634	2.75	
WOODLANDS	WOODLANDS	WOO	1991	6,316	2,102	3	
BRAESIDE	BRAESIDE	BRA	1977	4,186	1,209	3.46	
NORTH GLENMORE PARK	NORTH GLENMORE PARK	NGM	1983	2,896	974	2.97	
BANKVIEW	BANKVIEW	BNK	2001	5,189	3,188	1.63	
DOWNTOWN COMMERCIAL CORE	DOWNTOWN COMMERCIAL CORE	DNC	1968	3,935	2,212	1.78	
EAU CLAIRE	EAU CLAIRE	EAU	2006	1,717	1,013	1.69	
RIVERBEND	RIVERBEND	RIV	2008	10,080	3,406	2.96	
SUNNYSIDE	SUNNYSIDE	SSD	2003	3,740	2,258	1.66	
ROSEMONT	ROSEMONT	RMT	2002	1,290	532	2.42	
STRATHCONA PARK	STRATHCONA PARK	STR	1985	3,107	1,041	2.98	
SADDLE RIDGE	SADDLE RIDGE	SAD	1990	122	38	3.21	
BAYVIEW	BAYVIEW	BYV	2001	691	242	2.86	
HOUNSFIELD HEIGHTS/BRIAR HILL	HOUNSFIELD HEIGHTS/BRIAR HILL	HOU	2017	3,016	1,038	2.91	
DIAMOND COVE	DIAMOND COVE	DIA	2004	833	271	3.07	
PARKDALE	PARKDALE	PKD	1972	2,390	735	3.25	
ROCKY RIDGE	ROCKY RIDGE	ROC	2007	6,605	2,588	2.55	
CURRIE BARRACKS	CURRIE BARRACKS	CUR	2001	123			
CORNERSTONE	CORNERSTONE	CNS	2012	0	0	0	
DISCOVERY RIDGE	DISCOVERY RIDGE	DIS	1996	20	6	3.33	
BEL-AIRE	BEL-AIRE	BEL	1986	497	152	3.27	
WILDWOOD	WILDWOOD	WLD	1986	2,839	1,041	2.73	
RED CARPET	RED CARPET	RED	2016	1,727	890	1.94	
CURRIE BARRACKS	CURRIE BARRACKS	CUR	1969	0			
RED CARPET	RED CARPET	RED	1974	492	139	3.54	
INGLEWOOD	INGLEWOOD	ING	1988	2,530	1,225	2.07	
COUNTRY HILLS VILLAGE	COUNTRY HILLS VILLAGE	CHV	2002	163	100	1.63	
RIDEAU PARK	RIDEAU PARK	RID	1970	677	325	2.08	
EVANSTON	EVANSTON	EVN	1968	0	0	0	
WALDEN	WALDEN	WAL	2007	0	0	0	
NORTH HAVEN	NORTH HAVEN	NHV	1983	2,610	825	3.16	
MCKENZIE LAKE	MCKENZIE LAKE	MCK	1978	0	0	0	
CRANSTON	CRANSTON	CRA	2009	9,140	3,288	2.78	
HIGHWOOD	HIGHWOOD	HIW	2001	2,137	908	2.35	
ELBOYA	ELBOYA	EYA	1992	1,620	697	2.32	
HAWKWOOD	HAWKWOOD	HAW	1986	3,132	965	3.25	
MARTINDALE	MARTINDALE	MRT	2017	14,708	3,959	3.72	
WINDSOR PARK	WINDSOR PARK	WND	1999	3,714	2,120	1.75	
MANCHESTER	MANCHESTER	MAN	2004	227	141	1.61	
QUEENS PARK VILLAGE	QUEENS PARK VILLAGE	QPK	2008	450	183	2.46	
PUMP HILL	PUMP HILL	PUM	1973	198	19	10.42	
CASTLERIDGE	CASTLERIDGE	CAS	1996	6,413	1,784	3.59	
POINT MCKAY	POINT MCKAY	POI	1981	1,107	545	2.03	
WHITEHORN	WHITEHORN	WHI	1987	11,461	3,246	3.53	
POINT MCKAY	POINT MCKAY	POI	2002	1,362	814	1.67	
DALHOUSIE	DALHOUSIE	DAL	2009	9,104	3,593	2.53	
CANYON MEADOWS	CANYON MEADOWS	CAN	2013	7,851	3,141	2.5	
DEER RUN	DEER RUN	DRN	2012	5,341	2,074	2.58	
CANYON MEADOWS	CANYON MEADOWS	CAN	1971	1,856	473	3.92	
CAMBRIAN HEIGHTS	CAMBRIAN HEIGHTS	CAM	1978	2,677	872	3.07	
ROSSCARROCK	ROSSCARROCK	RCK	1969	3,847	1,123	3.43	
HAMPTONS	HAMPTONS	HAM	1976	0	0	0	
SPRUCE CLIFF	SPRUCE CLIFF	SPR	1979	3,207	1,276	2.51	
DOUGLASDALE/GLEN	DOUGLASDALE/GLEN	DDG	1973	0	0	0	
CITYSCAPE	CITYSCAPE	CSC	1968	0	0	0	
SHAWNEE SLOPES	SHAWNEE SLOPES	SHS	2001	1,559	567	2.75	
VALLEY RIDGE	VALLEY RIDGE	VAL	2001	3,139	1,046	3	
HOUNSFIELD HEIGHTS/BRIAR HILL	HOUNSFIELD HEIGHTS/BRIAR HILL	HOU	1973	3,079	882	3.49	
HAYSBORO	HAYSBORO	HAY	2016	7,086	3,413	2	
PARKLAND	PARKLAND	PKL	1968	0	0	0	
WALDEN	WALDEN	WAL	1996	0	0	0	
PUMP HILL	PUMP HILL	PUM	1969	73	21	3.48	
NORTH HAVEN	NORTH HAVEN	NHV	2005	2,350	928	2.53	
FOREST LAWN	FOREST LAWN	FLN	1991	8,446	2,956	2.86	
UNIVERSITY OF CALGARY	UNIVERSITY OF CALGARY	UOC	1977	1,383	253	5.47	
SOUTH CALGARY	SOUTH CALGARY	SOC	1991	3,353	1,652	2.03	
ROSSCARROCK	ROSSCARROCK	RCK	1987	3,461	1,442	2.4	
ALTADORE	ALTADORE	ALT	2002	6,407	2,972	2.16	
EAGLE RIDGE	EAGLE RIDGE	EAG	1974	571	99	5.77	
HAYSBORO	HAYSBORO	HAY	1998	6,125	2,748	2	
RED CARPET	RED CARPET	RED	1977	1,252	410	3.05	
ERIN WOODS	ERIN WOODS	ERI	1994	5,888	1,758	3.35	
ASPEN WOODS	ASPEN WOODS	ASP	1973	0	0	0	
MARLBOROUGH	MARLBOROUGH	MRL	1998	8,971	2,993	3	
SAGE HILL	SAGE HILL	SGH	2010	707	256	2.76	
SOUTHWOOD	SOUTHWOOD	SOW	1983	7,229	2,392	3.02	
HAMPTONS	HAMPTONS	HAM	1986	0	0	0	
SCARBORO	SCARBORO	SCA	1978	1,006	342	2.94	
ELBOW PARK	ELBOW PARK	EPK	1985	3,261	1,177	2.77	
BEL-AIRE	BEL-AIRE	BEL	1975	521	137	3.8	
CORAL SPRINGS	CORAL SPRINGS	COR	1991	0	0	0	
BRITANNIA	BRITANNIA	BRT	2010	753	291	2.59	
SIGNAL HILL	SIGNAL HILL	SIG	1971	84	24	3.5	
KINCORA	KINCORA	KCA	1975	0	0	0	
SILVER SPRINGS	SILVER SPRINGS	SIL	1999	10,166	3,469	2.93	
SAGE HILL	SAGE HILL	SGH	2007	75	24	3.13	
SUNDANCE	SUNDANCE	SDC	1982	632	200	3.16	
DOWNTOWN EAST VILLAGE	DOWNTOWN EAST VILLAGE	DNE	2015	2,838	1,145	2.48	
GLAMORGAN	GLAMORGAN	GLA	1995	6,336	2,754	2.3	
HIDDEN VALLEY	HIDDEN VALLEY	HID	1980	0	0	0	
HIDDEN VALLEY	HIDDEN VALLEY	HID	1969	0	0	0	
WHITEHORN	WHITEHORN	WHI	2017	11,985	3,627	3.3	
COUNTRY HILLS VILLAGE	COUNTRY HILLS VILLAGE	CHV	1986	0	0	0	
EVANSTON	EVANSTON	EVN	2008	3,751	1,224	3.06	
BRITANNIA	BRITANNIA	BRT	2005	745	283	2.63	
DOWNTOWN COMMERCIAL CORE	DOWNTOWN COMMERCIAL CORE	DNC	2002	6,780	4,439	1.53	
DOWNTOWN WEST END	DOWNTOWN WEST END	DNW	2007	2,635	1,564	1.68	
SADDLE RIDGE	SADDLE RIDGE	SAD	1986	107	34	3.15	
OGDEN	OGDEN	OGD	1982	11,548	3,758	3.07	
BELVEDERE	BELVEDERE	BVD	2011	0	0	0	
MCKENZIE TOWNE	MCKENZIE TOWNE	MCT	1986	0	0	0	
PANORAMA HILLS	PANORAMA HILLS	PAN	1982	0	0	0	
NORTH HAVEN UPPER	NORTH HAVEN UPPER	NHU	2001	692	242	2.86	
WILDWOOD	WILDWOOD	WLD	2007	2,614	1,029	2.54	
REDSTONE	REDSTONE	RSN	1996	0	0	0	
SHAWNESSY	SHAWNESSY	SHN	2000	8,560	2,659	3.22	
ROYAL OAK	ROYAL OAK	ROY	1988	15	7	2.14	
BEL-AIRE	BEL-AIRE	BEL	1969	559	123	4.54	
WILDWOOD	WILDWOOD	WLD	1976	3,519	1,041	3.38	
KINGSLAND	KINGSLAND	KIN	2007	4,239	2,117	2	
HIDDEN VALLEY	HIDDEN VALLEY	HID	2015	11,900	3,839	3.1	
AUBURN BAY	AUBURN BAY	AUB	1979	0	0	0	
RANCHLANDS	RANCHLANDS	RAN	1986	8,407	2,820	2.98	
ROSSCARROCK	ROSSCARROCK	RCK	1975	3,636	1,292	2.81	
DOWNTOWN COMMERCIAL CORE	DOWNTOWN COMMERCIAL CORE	DNC	1979	5,609	4,077	1.38	
PUMP HILL	PUMP HILL	PUM	2014	1,666	541	3.08	
DEER RIDGE	DEER RIDGE	DRG	1998	4,866	1,580	3.08	
DOWNTOWN COMMERCIAL CORE	DOWNTOWN COMMERCIAL CORE	DNC	2001	6,638	4,411	1.5	
GLENBROOK	GLENBROOK	GBK	2011	6,893	3,080	2.24	
CITADEL	CITADEL	CIT	1972	0	0	0	
SPRINGBANK HILL	SPRINGBANK HILL	SPH	1996	431	140	3.08	
POINT MCKAY	POINT MCKAY	POI	1992	1,442	811	1.78	
WALDEN	WALDEN	WAL	1987	0	0	0	
ROSEMONT	ROSEMONT	RMT	2014	1,241	534	2.32	
SHAWNEE SLOPES	SHAWNEE SLOPES	SHS	1979	14	4	3.5	
HOUNSFIELD HEIGHTS/BRIAR HILL	HOUNSFIELD HEIGHTS/BRIAR HILL	HOU	2011	2,927	1,021	2.87	
VARSITY	VARSITY	VAR	2002	12,378	5,146	2.41	
FAIRVIEW	FAIRVIEW	FAI	2000	3,897	1,565	2.49	
FOREST HEIGHTS	FOREST HEIGHTS	FHT	1974	4,533	1,085	4.18	
SPRUCE CLIFF	SPRUCE CLIFF	SPR	2016	4,583	2,235	2.05	
MOUNT PLEASANT	MOUNT PLEASANT	MOP	2004	4,680	2,234	2.09	
MONTGOMERY	MONTGOMERY	MON	1986	4,075	1,587	2.57	
HIGHWOOD	HIGHWOOD	HIW	1975	2,841	859	3.31	
PALLISER	PALLISER	PAL	2015	3,516	1,675	2.1	
HIDDEN VALLEY	HIDDEN VALLEY	HID	1977	0	0	0	
NOLAN HILL	NOLAN HILL	NOL	1968	0	0	0	
ROSSCARROCK	ROSSCARROCK	RCK	2001	3,350	1,484	2.26	
CURRIE BARRACKS	CURRIE BARRACKS	CUR	1998	0			
BONAVISTA DOWNS	BONAVISTA DOWNS	BDO	1995	1,090	367	2.97	
PALLISER	PALLISER	PAL	1990	3,284	1,455	2.26	
WALDEN	WALDEN	WAL	1992	0	0	0	
SUNDANCE	SUNDANCE	SDC	1980	0	0	0	
SIGNAL HILL	SIGNAL HILL	SIG	2004	13,699	5,029	2.72	
INGLEWOOD	INGLEWOOD	ING	1976	2,711	1,083	2.5	
PINERIDGE	PINERIDGE	PIN	1979	8,667	2,808	3.09	
SUNDANCE	SUNDANCE	SDC	1974	0	0	0	
ARBOUR LAKE	ARBOUR LAKE	ARB	2010	10,710	3,821	2.8	
BAYVIEW	BAYVIEW	BYV	2010	630	233	2.7	
MAYLAND HEIGHTS	MAYLAND HEIGHTS	MAL	1990	6,270	2,473	2.54	
APPLEWOOD PARK	APPLEWOOD PARK	APP	1991	1,092	309	3.53	
BRIDLEWOOD	BRIDLEWOOD	BRI	2006	7,928	2,822	2.81	
BRIDGELAND/RIVERSIDE	BRIDGELAND/RIVERSIDE	BRD	2013	5,560	2,816	1.97	
UNIVERSITY OF CALGARY	UNIVERSITY OF CALGARY	UOC	2015	2,968	961	3.09	
LAKE BONAVISTA	LAKE BONAVISTA	LKB	1990	12,275	3,651	3.36	
MARLBOROUGH	MARLBOROUGH	MRL	2014	8,989	3,076	2.92	
HIGHWOOD	HIGHWOOD	HIW	2009	2,165	902	2.4	
CHAPARRAL	CHAPARRAL	CHA	2003	5,736	1,879	3.05	
ROXBORO	ROXBORO	ROX	1980	456	162	2.81	
COUGAR RIDGE	COUGAR RIDGE	CGR	2008	5,233	1,755	2.98	
MISSION	MISSION	MIS	1982	3,444	2,161	1.59	
CRESCENT HEIGHTS	CRESCENT HEIGHTS	CRE	1977	5,402	2,713	1.99	
UNIVERSITY DISTRICT	UNIVERSITY DISTRICT	UND	1996	0	0	0	
UNIVERSITY OF CALGARY	UNIVERSITY OF CALGARY	UOC	1988	1,437	406	3.54	
SCARBORO/SUNALTA WEST	SCARBORO	SSW	2015	390	150	2.6	
DOWNTOWN WEST END	DOWNTOWN WEST END	DNW	2009	2,288	1,421	1.61	
TEMPLE	TEMPLE	TEM	2016	11,142	3,540	3.15	
ALBERT PARK/RADISSON HEIGHTS	ALBERT PARK/RADISSON HEIGHTS	ALB	1971	4,445	1,164	3.82	
PENBROOKE MEADOWS	PENBROOKE MEADOWS	PEN	1983	9,626	2,700	3.57	
SOUTH CALGARY	SOUTH CALGARY	SOC	1992	3,379	1,682	2.01	
THORNCLIFFE	THORNCLIFFE	THO	1983	10,207	3,571	2.86	
SOUTHWOOD	SOUTHWOOD	SOW	1975	6,886	1,853	3.72	
BEDDINGTON HEIGHTS	BEDDINGTON HEIGHTS	BED	1987	12,792	4,017	3.18	
KINCORA	KINCORA	KCA	1982	0	0	0	
HIGHLAND PARK	HIGHLAND PARK	HPK	1979	3,912	1,643	2.38	
ACADIA	ACADIA	ACA	2007	10,792	4,910	2.2	
VISTA HEIGHTS	VISTA HEIGHTS	VIS	1970	2,387	580	4.12	
MILLRISE	MILLRISE	MLR	2011	6,717	2,465	2.72	
STRATHCONA PARK	STRATHCONA PARK	STR	2002	6,572	2,143	3.07	
SCARBORO/SUNALTA WEST	SCARBORO	SSW	1975	520	167	3.11	
TUSCANY	TUSCANY	TUS	2011	18,838	6,337	2.97	
WHITEHORN	WHITEHORN	WHI	1993	12,097	3,311	3.65	
ALTADORE	ALTADORE	ALT	1985	6,616	2,690	2.46	
NORTH GLENMORE PARK	NORTH GLENMORE PARK	NGM	2002	2,462	973	2.53	
SPRUCE CLIFF	SPRUCE CLIFF	SPR	2015	4,677	2,288	2.04	
MARLBOROUGH	MARLBOROUGH	MRL	1970	2,046	491	4.17	
TEMPLE	TEMPLE	TEM	1996	11,823	3,429	3.45	
PARKDALE	PARKDALE	PKD	1987	1,762	808	2.18	
ASPEN WOODS	ASPEN WOODS	ASP	1969	0	0	0	
NORTH HAVEN	NORTH HAVEN	NHV	2007	2,359	934	2.53	
MIDNAPORE	MIDNAPORE	MID	1983	6,696	2,061	3.25	
BEL-AIRE	BEL-AIRE	BEL	1976	510	137	3.72	
PANORAMA HILLS	PANORAMA HILLS	PAN	1997	174	61	2.85	
DEER RUN	DEER RUN	DRN	1980	1,993	647	3.08	
SOUTHVIEW	SOUTHVIEW	SOV	1969	3,232	786	4.11	
BONAVISTA DOWNS	BONAVISTA DOWNS	BDO	1985	1,215	359	3.38	
RED CARPET	RED CARPET	RED	1991	1,311	503	2.61	
PALLISER	PALLISER	PAL	1987	3,083	1,324	2.33	
PARKDALE	PARKDALE	PKD	1989	1,668	789	2.11	
SCARBORO	SCARBORO	SCA	2013	898	321	2.8	
WEST HILLHURST	WEST HILLHURST	WHL	1995	4,900	2,453	2	
ABBEYDALE	ABBEYDALE	ABB	2011	5,700	1,903	3	
HAYSBORO	HAYSBORO	HAY	2004	5,908	2,756	2	
BANKVIEW	BANKVIEW	BNK	1993	4,868	2,943	1.65	
EAU CLAIRE	EAU CLAIRE	EAU	1989	737	455	1.62	
BANFF TRAIL	BANFF TRAIL	BNF	1968	4,883	1,452	3.36	
NORTH HAVEN UPPER	NORTH HAVEN UPPER	NHU	1969	0	0	0	
COVENTRY HILLS	COVENTRY HILLS	COV	1979	0	0	0	
MACEWAN GLEN	MACEWAN GLEN	MAC	2010	5,114	1,745	2.93	
GARRISON WOODS	GARRISON WOODS	GAW	1983	0	0	0	
LEGACY	LEGACY	LEG	1971	0	0	0	
GREENWOOD/GREENBRIAR	GREENWOOD/GREENBRIAR	GRE	1973	0	0	0	
CURRIE BARRACKS	CURRIE BARRACKS	CUR	1982	11			
RANCHLANDS	RANCHLANDS	RAN	1984	8,125	2,707	3	
MCKENZIE LAKE	MCKENZIE LAKE	MCK	1989	2,449	775	3.16	
COUNTRY HILLS	COUNTRY HILLS	COU	2017	3,806	1,389	2.74	
NOLAN HILL	NOLAN HILL	NOL	1999	0	0	0	
TARADALE	TARADALE	TAR	1995	1,520	473	3.21	
EVANSTON	EVANSTON	EVN	2017	15,885	4,916	3.23	
MAYFAIR	MAYFAIR	MAF	1995	557	183	3.04	
DOWNTOWN EAST VILLAGE	DOWNTOWN EAST VILLAGE	DNE	1981	1,140	604	1.89	
GREENWOOD/GREENBRIAR	GREENWOOD/GREENBRIAR	GRE	2007	989	489	2.02	
UNIVERSITY DISTRICT	UNIVERSITY DISTRICT	UND	2006	0	0	0	
NORTH HAVEN UPPER	NORTH HAVEN UPPER	NHU	1976	61	18	3.39	
DIAMOND COVE	DIAMOND COVE	DIA	2011	716	267	2.68	
HIGHLAND PARK	HIGHLAND PARK	HPK	1988	3,731	1,779	2.1	
CHINATOWN	CHINATOWN	CHN	2013	1,600	1,106	1.45	
WOODBINE	WOODBINE	WBN	1986	8,082	2,457	3.29	
WOODLANDS	WOODLANDS	WOO	2004	6,615	2,273	2.91	
SHERWOOD	SHERWOOD	SHW	1969	0	0	0	
DOWNTOWN WEST END	DOWNTOWN WEST END	DNW	1973	713	385	1.85	
SPRINGBANK HILL	SPRINGBANK HILL	SPH	2012	8,731	2,969	2.94	
EAGLE RIDGE	EAGLE RIDGE	EAG	1982	539	106	5.08	
BELVEDERE	BELVEDERE	BVD	1993	0	0	0	
ST. ANDREWS HEIGHTS	ST. ANDREWS HEIGHTS	STA	1983	2,151	709	3.03	
MANCHESTER	MANCHESTER	MAN	2003	216	143	1.51	
CHAPARRAL	CHAPARRAL	CHA	1982	0	0	0	
SPRUCE CLIFF	SPRUCE CLIFF	SPR	1999	3,064	1,293	2.37	
SHAWNESSY	SHAWNESSY	SHN	1981	0	0	0	
MIDNAPORE	MIDNAPORE	MID	2010	6,978	2,652	2.63	
WINSTON HEIGHTS/MOUNTVIEW	WINSTON HEIGHTS/MOUNTVIEW	WIN	2004	3,668	1,675	2.19	
LINCOLN PARK	LINCOLN PARK	LPK	1985	317	149	2.13	
GLENDALE	GLENDALE	GDL	1986	2,806	1,068	2.63	
MILLRISE	MILLRISE	MLR	1986	1,801	584	3.08	
RIVERBEND	RIVERBEND	RIV	2006	10,319	3,447	2.99	
BANKVIEW	BANKVIEW	BNK	1987	4,985	3,049	1.63	
MISSION	MISSION	MIS	2015	4,494	3,007	1.49	
CAMBRIAN HEIGHTS	CAMBRIAN HEIGHTS	CAM	1982	2,532	889	2.85	
MARLBOROUGH	MARLBOROUGH	MRL	2015	9,080	3,099	2.93	
SUNDANCE	SUNDANCE	SDC	1970	0	0	0	
MILLRISE	MILLRISE	MLR	2007	6,417	2,267	2.83	
UNIVERSITY DISTRICT	UNIVERSITY DISTRICT	UND	2015	0	0	0	
MCKENZIE TOWNE	MCKENZIE TOWNE	MCT	1985	0	0	0	
REDSTONE	REDSTONE	RSN	1972	0	0	0	
OAKRIDGE	OAKRIDGE	OAK	1980	7,004	2,014	3.48	
WALDEN	WALDEN	WAL	2008	0	0	0	
DOUGLASDALE/GLEN	DOUGLASDALE/GLEN	DDG	2006	11,847	3,949	3	
SILVERADO	SILVERADO	SVO	2004	24	11	2.18	
SPRINGBANK HILL	SPRINGBANK HILL	SPH	1988	0	0	0	
PALLISER	PALLISER	PAL	2013	3,402	1,658	2.05	
KINGSLAND	KINGSLAND	KIN	1979	4,580	2,053	2.23	
UPPER MOUNT ROYAL	UPPER MOUNT ROYAL	UMR	1996	2,586	1,025	2.52	
WOODBINE	WOODBINE	WBN	1979	0	0	0	
DOVER	DOVER	DOV	1994	11,208	3,761	2.98	
SCARBORO	SCARBORO	SCA	2002	905	337	2.69	
TARADALE	TARADALE	TAR	2010	15,404	4,090	3.77	
CHINATOWN	CHINATOWN	CHN	1997	1,275	753	1.69	
WOODLANDS	WOODLANDS	WOO	2014	6,237	2,354	2.65	
VISTA HEIGHTS	VISTA HEIGHTS	VIS	1972	2,372	580	4.09	
BRAESIDE	BRAESIDE	BRA	2003	6,382	2,510	2.54	
COUNTRY HILLS VILLAGE	COUNTRY HILLS VILLAGE	CHV	2010	2,318	1,262	1.84	
SUNDANCE	SUNDANCE	SDC	1983	1,207	400	3.02	
SUNDANCE	SUNDANCE	SDC	2008	11,061	3,346	3.31	
BAYVIEW	BAYVIEW	BYV	1988	750	237	3.16	
SUNALTA	SUNALTA	SNA	1987	2,828	1,769	1.6	
HARVEST HILLS	HARVEST HILLS	HAR	1981	0	0	0	
MARTINDALE	MARTINDALE	MRT	1972	0	0	0	
BANFF TRAIL	BANFF TRAIL	BNF	1997	3,441	1,586	2.17	
CORAL SPRINGS	CORAL SPRINGS	COR	1994	1,061	268	3.96	
GREENWOOD/GREENBRIAR	GREENWOOD/GREENBRIAR	GRE	2002	998	474	2.11	
BRITANNIA	BRITANNIA	BRT	2017	668	285	2.34	
CANYON MEADOWS	CANYON MEADOWS	CAN	1987	8,365	2,735	3.06	
HAMPTONS	HAMPTONS	HAM	1998	3,847	1,131	3.4	
DALHOUSIE	DALHOUSIE	DAL	1969	986	254	3.88	
DISCOVERY RIDGE	DISCOVERY RIDGE	DIS	2008	4,107	1,524	2.69	
CRANSTON	CRANSTON	CRA	1976	0	0	0	
SIGNAL HILL	SIGNAL HILL	SIG	1974	73	20	3.65	
UNIVERSITY DISTRICT	UNIVERSITY DISTRICT	UND	1986	0	0	0	
PINERIDGE	PINERIDGE	PIN	1994	10,192	3,302	3.09	
WILDWOOD	WILDWOOD	WLD	1996	2,651	1,035	2.56	
HAWKWOOD	HAWKWOOD	HAW	2003	10,879	3,295	3.3	
BEDDINGTON HEIGHTS	BEDDINGTON HEIGHTS	BED	1976	0	0	0	
LAKEVIEW	LAKEVIEW	LKV	1975	8,012	2,147	3.73	
MARLBOROUGH PARK	MARLBOROUGH PARK	MPK	2013	8,479	2,926	2.9	
MIDNAPORE	MIDNAPORE	MID	2016	7,099	2,704	2.63	
TUXEDO PARK	TUXEDO PARK	TUX	1992	4,237	2,118	2	
GLAMORGAN	GLAMORGAN	GLA	1976	5,773	1,675	3.45	
CRANSTON	CRANSTON	CRA	1970	0	0	0	
ALBERT PARK/RADISSON HEIGHTS	ALBERT PARK/RADISSON HEIGHTS	ALB	1974	4,130	1,151	3.59	
COPPERFIELD	COPPERFIELD	CPF	2015	11,434	3,968	2.88	
QUEENS PARK VILLAGE	QUEENS PARK VILLAGE	QPK	1971	0	0	0	
SCARBORO	SCARBORO	SCA	1982	974	342	2.85	
MOUNT PLEASANT	MOUNT PLEASANT	MOP	1978	4,783	2,092	2.29	
NEW BRIGHTON	NEW BRIGHTON	NEB	1992	0	0	0	
WALDEN	WALDEN	WAL	1982	0	0	0	
WOODLANDS	WOODLANDS	WOO	2010	6,208	2,275	2.73	
GLENBROOK	GLENBROOK	GBK	1983	7,383	2,730	2.7	
UNIVERSITY HEIGHTS	UNIVERSITY HEIGHTS	UNI	1996	2,924	1,313	2.23	
PALLISER	PALLISER	PAL	1988	3,108	1,351	2.3	
HAMPTONS	HAMPTONS	HAM	1999	5,006	1,506	3.32	
GARRISON WOODS	GARRISON WOODS	GAW	2012	0	0	0	
ACADIA	ACADIA	ACA	2011	10,615	4,848	2.19	
BOWNESS	BOWNESS	BOW	2011	10,700	4,875	2.19	
UNIVERSITY DISTRICT	UNIVERSITY DISTRICT	UND	2002	0	0	0	
HOUNSFIELD HEIGHTS/BRIAR HILL	HOUNSFIELD HEIGHTS/BRIAR HILL	HOU	2012	2,954	1,032	2.86	
BANKVIEW	BANKVIEW	BNK	1976	5,028	2,555	1.97	
MAHOGANY	MAHOGANY	MAH	2002	0	0	0	
OAKRIDGE	OAKRIDGE	OAK	1989	7,191	2,265	3.17	
MOUNT PLEASANT	MOUNT PLEASANT	MOP	2016	5,665	2,510	2.26	
SCARBORO	SCARBORO	SCA	1973	1,079	346	3.12	
RENFREW	RENFREW	REN	1997	5,412	2,679	2.02	
KINGSLAND	KINGSLAND	KIN	1973	5,237	1,882	2.78	
DISCOVERY RIDGE	DISCOVERY RIDGE	DIS	1975	0	0	0	
DOWNTOWN WEST END	DOWNTOWN WEST END	DNW	1981	336	225	1.49	
PARKLAND	PARKLAND	PKL	1987	4,841	1,346	3.6	
DALHOUSIE	DALHOUSIE	DAL	1990	10,087	3,707	2.72	
ROXBORO	ROXBORO	ROX	1976	455	167	2.72	
PATTERSON	PATTERSON	PAT	2016	4,258	1,926	2.21	
MANCHESTER	MANCHESTER	MAN	1993	237	155	1.53	
ACADIA	ACADIA	ACA	1975	12,973	3,599	3.6	
PANORAMA HILLS	PANORAMA HILLS	PAN	1973	0	0	0	
WEST HILLHURST	WEST HILLHURST	WHL	1998	5,076	2,515	2.02	
RANCHLANDS	RANCHLANDS	RAN	1997	8,501	2,920	2.91	
GLENDALE	GLENDALE	GDL	1996	2,789	1,084	2.57	
BONAVISTA DOWNS	BONAVISTA DOWNS	BDO	2008	959	361	2.66	
CRESTMONT	CRESTMONT	CRM	2008	1,298	408	3.18	
MAHOGANY	MAHOGANY	MAH	1977	0	0	0	
KINCORA	KINCORA	KCA	2005	1,212	416	2.91	
RUNDLE	RUNDLE	RUN	1999	11,780	3,459	3.41	
ROSSCARROCK	ROSSCARROCK	RCK	1994	3,255	1,407	2.31	
SKYVIEW RANCH	SKYVIEW RANCH	SKR	2014	6,284	2,027	3.1	
GLENBROOK	GLENBROOK	GBK	1995	6,886	2,851	2.42	
ALTADORE	ALTADORE	ALT	1988	6,442	2,682	2.4	
COUNTRY HILLS VILLAGE	COUNTRY HILLS VILLAGE	CHV	2011	2,342	1,276	1.84	
NORTH GLENMORE PARK	NORTH GLENMORE PARK	NGM	2005	2,404	972	2.47	
RIDEAU PARK	RIDEAU PARK	RID	1987	630	330	1.91	
ROCKY RIDGE	ROCKY RIDGE	ROC	2010	7,093	2,709	2.62	
LINCOLN PARK	LINCOLN PARK	LPK	1976	54	7	7.71	
WEST HILLHURST	WEST HILLHURST	WHL	1973	6,099	2,167	2.81	
HIDDEN VALLEY	HIDDEN VALLEY	HID	1997	5,084	1,705	2.98	
LAKEVIEW	LAKEVIEW	LKV	1983	6,854	2,252	3.04	
KINCORA	KINCORA	KCA	2002	0	0	0	
HILLHURST	HILLHURST	HIL	1969	5,055	1,846	2.74	
LAKEVIEW	LAKEVIEW	LKV	1997	5,805	2,304	2.52	
ABBEYDALE	ABBEYDALE	ABB	1968	0	0	0	
MANCHESTER	MANCHESTER	MAN	1983	134	59	2.27	
MACEWAN GLEN	MACEWAN GLEN	MAC	1991	3,818	1,226	3.11	
LOWER MOUNT ROYAL	LOWER MOUNT ROYAL	LMR	2001	2,986	2,014	1.48	
MONTGOMERY	MONTGOMERY	MON	2016	4,358	1,766	2.47	
THORNCLIFFE	THORNCLIFFE	THO	1985	9,856	3,532	2.79	
CHAPARRAL	CHAPARRAL	CHA	2006	8,134	2,543	3.2	
LEGACY	LEGACY	LEG	2006	13	7	1.86	
EAGLE RIDGE	EAGLE RIDGE	EAG	1986	533	107	4.98	
ROYAL OAK	ROYAL OAK	ROY	2001	713	238	3	
CHARLESWOOD/COLLINGWOOD	CHARLESWOOD		2010	5,671	2,358	2.41	Combined communities of CHARLESWOOD (CHW) and COLLINGWOOD (COL)
ASPEN WOODS	ASPEN WOODS	ASP	1980	0	0	0	
WOODLANDS	WOODLANDS	WOO	2001	6,986	2,365	2.95	
SHERWOOD	SHERWOOD	SHW	1996	0	0	0	
GLENBROOK	GLENBROOK	GBK	1999	7,049	2,935	2.4	
THORNCLIFFE	THORNCLIFFE	THO	2017	8,474	3,520	2.41	
ABBEYDALE	ABBEYDALE	ABB	1981	3,455	1,087	3.18	
GARRISON GREEN	GARRISON GREEN	GAG	1991	674	203	3.32	
MCKENZIE LAKE	MCKENZIE LAKE	MCK	1996	8,072	2,339	3.45	
DEER RIDGE	DEER RIDGE	DRG	2010	3,927	1,363	2.88	
WEST SPRINGS	WEST SPRINGS	WSP	2016	9,785	3,082	3.17	
CEDARBRAE	CEDARBRAE	CED	1970	61	15	4.07	
GREENVIEW	GREENVIEW	GRV	2015	2,113	1,057	2	
MEADOWLARK PARK	MEADOWLARK PARK	MEA	2014	632	260	2.43	
NOLAN HILL	NOLAN HILL	NOL	2000	0	0	0	
MAYLAND HEIGHTS	MAYLAND HEIGHTS	MAL	2001	6,046	2,531	2.39	
MEADOWLARK PARK	MEADOWLARK PARK	MEA	1991	686	293	2.34	
BRENTWOOD	BRENTWOOD	BRE	1983	7,239	2,449	2.96	
GARRISON WOODS	GARRISON WOODS	GAW	2016	3,188	1,377	2.32	Newly created from part of ALTADORE (ALT)
GLENBROOK	GLENBROOK	GBK	1997	6,918	2,902	2.38	
BANFF TRAIL	BANFF TRAIL	BNF	1980	3,529	1,473	2.4	
DEER RUN	DEER RUN	DRN	2002	6,224	2,081	2.99	
BELTLINE	BELTLINE	BLN	1987	15,212	9,664	1.57	Combined communities of CONNAUGHT (CON) and VICTORIA PARK (VIC)
KINGSLAND	KINGSLAND	KIN	1978	4,590	2,000	2.3	
CHINOOK PARK	CHINOOK PARK	CHK	2012	1,707	575	2.97	
BRAESIDE	BRAESIDE	BRA	1993	6,944	2,489	2.79	
SILVER SPRINGS	SILVER SPRINGS	SIL	1971	138	39	3.54	
CLIFF BUNGALOW	CLIFF BUNGALOW	CLI	1996	2,009	1,288	1.56	
EAU CLAIRE	EAU CLAIRE	EAU	2008	1,638	993	1.65	
OAKRIDGE	OAKRIDGE	OAK	1986	7,230	2,202	3.28	
COPPERFIELD	COPPERFIELD	CPF	1986	0	0	0	
CRANSTON	CRANSTON	CRA	1981	0	0	0	
FOREST HEIGHTS	FOREST HEIGHTS	FHT	2011	6,185	2,078	2.98	
CEDARBRAE	CEDARBRAE	CED	2011	6,264	2,558	2.45	
VARSITY	VARSITY	VAR	2011	12,021	5,280	2.28	
MACEWAN GLEN	MACEWAN GLEN	MAC	1969	0	0	0	
FOREST HEIGHTS	FOREST HEIGHTS	FHT	1995	6,598	1,991	3.31	
WHITEHORN	WHITEHORN	WHI	1969	3	1	3	
RICHMOND	RICHMOND	RIC	2011	4,113	1,959	2.1	
SHAWNESSY	SHAWNESSY	SHN	1976	0	0	0	
SCARBORO/SUNALTA WEST	SCARBORO	SSW	2011	397	156	2.54	
OAKRIDGE	OAKRIDGE	OAK	1985	7,169	2,169	3.31	
COPPERFIELD	COPPERFIELD	CPF	2016	12,571	4,544	2.77	
CITYSCAPE	CITYSCAPE	CSC	1997	0	0	0	
CHINOOK PARK	CHINOOK PARK	CHK	1992	1,762	580	3.04	
NORTH HAVEN	NORTH HAVEN	NHV	1970	3,246	755	4.3	
ALBERT PARK/RADISSON HEIGHTS	ALBERT PARK/RADISSON HEIGHTS	ALB	2000	6,415	2,414	2.66	
CRESCENT HEIGHTS	CRESCENT HEIGHTS	CRE	1990	5,778	3,261	1.77	
CURRIE BARRACKS	CURRIE BARRACKS	CUR	1981	0			
LOWER MOUNT ROYAL	LOWER MOUNT ROYAL	LMR	2006	3,288	2,184	1.51	
MONTGOMERY	MONTGOMERY	MON	1995	4,023	1,563	2.57	
REDSTONE	REDSTONE	RSN	2007	0	0	0	
DOUGLASDALE/GLEN	DOUGLASDALE/GLEN	DDG	1990	1,685	541	3.11	
SCARBORO/SUNALTA WEST	SCARBORO	SSW	1977	495	166	2.98	
TEMPLE	TEMPLE	TEM	2001	11,784	3,465	3.4	
CRESCENT HEIGHTS	CRESCENT HEIGHTS	CRE	1993	5,572	3,197	1.74	
WESTGATE	WESTGATE	WGT	2010	3,121	1,289	2.42	
ELBOW PARK	ELBOW PARK	EPK	1997	3,474	1,175	2.96	
THORNCLIFFE	THORNCLIFFE	THO	1992	9,711	3,566	2.72	
CEDARBRAE	CEDARBRAE	CED	2016	6,177	2,524	2.45	
LAKEVIEW	LAKEVIEW	LKV	1998	5,847	2,307	2.53	
SPRINGBANK HILL	SPRINGBANK HILL	SPH	2003	2,801	961	2.91	
BANFF TRAIL	BANFF TRAIL	BNF	2006	3,639	1,625	2.24	
BRITANNIA	BRITANNIA	BRT	1999	778	303	2.57	
KILLARNEY/GLENGARRY	KILLARNEY/GLENGARRY	KIL	1969	7,601	2,359	3.22	
SHAWNEE SLOPES	SHAWNEE SLOPES	SHS	1977	34	9	3.78	
HARVEST HILLS	HARVEST HILLS	HAR	1968	0	0	0	
EAU CLAIRE	EAU CLAIRE	EAU	1985	790	488	1.62	
BEDDINGTON HEIGHTS	BEDDINGTON HEIGHTS	BED	1995	13,167	4,110	3.2	
CORNERSTONE	CORNERSTONE	CNS	1975	0	0	0	
UPPER MOUNT ROYAL	UPPER MOUNT ROYAL	UMR	1992	2,593	1,023	2.53	
DOUGLASDALE/GLEN	DOUGLASDALE/GLEN	DDG	1992	2,981	951	3.13	
WINSTON HEIGHTS/MOUNTVIEW	WINSTON HEIGHTS/MOUNTVIEW	WIN	2009	3,632	1,672	2.17	
MILLRISE	MILLRISE	MLR	2000	5,128	1,760	2.91	
HOUNSFIELD HEIGHTS/BRIAR HILL	HOUNSFIELD HEIGHTS/BRIAR HILL	HOU	1996	2,633	901	2.92	
HOUNSFIELD HEIGHTS/BRIAR HILL	HOUNSFIELD HEIGHTS/BRIAR HILL	HOU	2007	2,940	1,059	2.78	
ALTADORE	ALTADORE	ALT	2009	8,723	4,037	2.16	
DIAMOND COVE	DIAMOND COVE	DIA	1991	123	39	3.15	
QUEENSLAND	QUEENSLAND	QLD	1998	5,519	1,794	3.08	
NOLAN HILL	NOLAN HILL	NOL	1996	0	0	0	
ROXBORO	ROXBORO	ROX	1968	515	166	3.1	
NORTH GLENMORE PARK	NORTH GLENMORE PARK	NGM	1992	2,504	972	2.58	
EAGLE RIDGE	EAGLE RIDGE	EAG	1987	550	109	5.05	
QUEENSLAND	QUEENSLAND	QLD	1982	6,053	1,712	3.54	
COPPERFIELD	COPPERFIELD	CPF	2013	9,006	3,101	2.9	
BAYVIEW	BAYVIEW	BYV	1976	787	195	4.04	
WINSTON HEIGHTS/MOUNTVIEW	WINSTON HEIGHTS/MOUNTVIEW	WIN	1987	3,746	1,572	2.38	
BELTLINE	BELTLINE	BLN	1991	15,750	9,810	1.61	Combined communities of CONNAUGHT (CON) and VICTORIA PARK (VIC)
WESTGATE	WESTGATE	WGT	1979	3,525	1,078	3.27	
INGLEWOOD	INGLEWOOD	ING	2003	3,174	1,645	1.93	
OGDEN	OGDEN	OGD	2002	9,591	3,653	2.63	
GREENWOOD/GREENBRIAR	GREENWOOD/GREENBRIAR	GRE	2015	957	482	1.99	
ABBEYDALE	ABBEYDALE	ABB	2003	6,400	1,961	3.26	
SCENIC ACRES	SCENIC ACRES	SCE	1992	4,984	1,446	3.45	
KELVIN GROVE	KELVIN GROVE	KEL	2001	2,232	892	2.5	
COUNTRY HILLS VILLAGE	COUNTRY HILLS VILLAGE	CHV	2001	81	51	1.59	
BRIDGELAND/RIVERSIDE	BRIDGELAND/RIVERSIDE	BRD	1983	4,860	2,325	2.09	
RAMSAY	RAMSAY	RAM	1970	2,961	1,021	2.9	
PALLISER	PALLISER	PAL	2011	3,301	1,664	1.98	
CHAPARRAL	CHAPARRAL	CHA	2015	13,000	4,093	3.18	
BONAVISTA DOWNS	BONAVISTA DOWNS	BDO	2004	1,021	363	2.81	
MACEWAN GLEN	MACEWAN GLEN	MAC	1976	0	0	0	
VARSITY	VARSITY	VAR	2001	12,278	5,095	2.41	
MARLBOROUGH PARK	MARLBOROUGH PARK	MPK	1983	9,392	2,680	3.5	
WEST HILLHURST	WEST HILLHURST	WHL	2016	6,449	2,764	2.33	
SADDLE RIDGE	SADDLE RIDGE	SAD	1976	291	72	4.04	
CEDARBRAE	CEDARBRAE	CED	1972	63	17	3.71	
UNIVERSITY HEIGHTS	UNIVERSITY HEIGHTS	UNI	2014	3,016	1,342	2.25	
WESTGATE	WESTGATE	WGT	1991	3,510	1,306	2.69	
ABBEYDALE	ABBEYDALE	ABB	1980	2,337	736	3.18	
FOREST LAWN	FOREST LAWN	FLN	1977	8,477	2,527	3.35	
MARLBOROUGH	MARLBOROUGH	MRL	2011	8,310	2,966	2.8	
ALBERT PARK/RADISSON HEIGHTS	ALBERT PARK/RADISSON HEIGHTS	ALB	2017	6,745	2,703	2.5	
GREENVIEW	GREENVIEW	GRV	2014	2,142	1,073	2	
DIAMOND COVE	DIAMOND COVE	DIA	1990	0	0	0	
RIVERBEND	RIVERBEND	RIV	1976	74	22	3.36	
VARSITY	VARSITY	VAR	1983	13,163	4,702	2.8	
SHAGANAPPI	SHAGANAPPI	SHG	1998	1,728	805	2.15	
QUEENS PARK VILLAGE	QUEENS PARK VILLAGE	QPK	1989	391	181	2.16	
ELBOW PARK	ELBOW PARK	EPK	1970	4,048	1,186	3.41	
GLENBROOK	GLENBROOK	GBK	2015	7,599	3,096	2.45	
EVERGREEN	EVERGREEN	EVE	2009	18,148	6,251	2.9	
DALHOUSIE	DALHOUSIE	DAL	1998	9,443	3,546	2.66	
ALBERT PARK/RADISSON HEIGHTS	ALBERT PARK/RADISSON HEIGHTS	ALB	1972	4,402	1,164	3.78	
PENBROOKE MEADOWS	PENBROOKE MEADOWS	PEN	1987	9,400	2,727	3.45	
ROXBORO	ROXBORO	ROX	1975	465	169	2.75	
CHINOOK PARK	CHINOOK PARK	CHK	2010	1,704	574	2.97	
LINCOLN PARK	LINCOLN PARK	LPK	1981	32	4	8	
ACADIA	ACADIA	ACA	2015	11,053	4,870	2.27	
HIDDEN VALLEY	HIDDEN VALLEY	HID	1973	0	0	0	
SILVER SPRINGS	SILVER SPRINGS	SIL	1972	139	39	3.56	
DALHOUSIE	DALHOUSIE	DAL	1995	9,683	3,682	2.63	
WOODBINE	WOODBINE	WBN	2004	10,232	3,281	3.12	
CASTLERIDGE	CASTLERIDGE	CAS	2006	6,216	1,831	3.39	
SUNNYSIDE	SUNNYSIDE	SSD	1987	3,501	2,147	1.63	
BRIDGELAND/RIVERSIDE	BRIDGELAND/RIVERSIDE	BRD	1984	4,670	2,266	2.06	
HILLHURST	HILLHURST	HIL	2009	6,074	3,050	1.99	
CORAL SPRINGS	CORAL SPRINGS	COR	2000	4,869	1,191	4.09	
LOWER MOUNT ROYAL	LOWER MOUNT ROYAL	LMR	1977	3,193	1,903	1.68	
DOUGLASDALE/GLEN	DOUGLASDALE/GLEN	DDG	2001	11,590	3,803	3.05	
WINDSOR PARK	WINDSOR PARK	WND	2011	3,858	2,257	1.71	
NOLAN HILL	NOLAN HILL	NOL	1971	0	0	0	
MAYLAND HEIGHTS	MAYLAND HEIGHTS	MAL	1996	6,087	2,535	2.4	
KILLARNEY/GLENGARRY	KILLARNEY/GLENGARRY	KIL	2017	7,423	3,426	2.17	
CORAL SPRINGS	CORAL SPRINGS	COR	2003	6,141	1,460	4.21	
MILLRISE	MILLRISE	MLR	1994	4,116	1,349	3.05	
CITYSCAPE	CITYSCAPE	CSC	2004	0	0	0	
MEADOWLARK PARK	MEADOWLARK PARK	MEA	1990	713	294	2.43	
CORNERSTONE	CORNERSTONE	CNS	2000	0	0	0	
TUXEDO PARK	TUXEDO PARK	TUX	1979	4,069	1,832	2.22	
WINDSOR PARK	WINDSOR PARK	WND	2002	3,804	2,163	1.76	
MCKENZIE LAKE	MCKENZIE LAKE	MCK	2016	13,709	4,564	3	
CHAPARRAL	CHAPARRAL	CHA	1995	0	0	0	
BRIDGELAND/RIVERSIDE	BRIDGELAND/RIVERSIDE	BRD	1985	4,588	2,267	2.02	
SHAGANAPPI	SHAGANAPPI	SHG	2017	1,693	719	2.35	
MAPLE RIDGE	MAPLE RIDGE	MPL	1968	2,040	480	4.25	
CAPITOL HILL	CAPITOL HILL	CAP	1969	4,511	1,561	2.89	
WHITEHORN	WHITEHORN	WHI	1975	603	192	3.14	
COUNTRY HILLS VILLAGE	COUNTRY HILLS VILLAGE	CHV	1977	0	0	0	
OAKRIDGE	OAKRIDGE	OAK	2006	6,041	2,253	2.68	
SPRUCE CLIFF	SPRUCE CLIFF	SPR	1976	3,508	1,303	2.69	
EAU CLAIRE	EAU CLAIRE	EAU	2004	1,568	942	1.66	
HIGHWOOD	HIGHWOOD	HIW	1990	2,074	880	2.36	
RANCHLANDS	RANCHLANDS	RAN	2002	8,117	2,924	2.78	
RICHMOND	RICHMOND	RIC	1990	3,802	1,798	2.11	
QUEENSLAND	QUEENSLAND	QLD	1997	5,411	1,769	3.06	
MAPLE RIDGE	MAPLE RIDGE	MPL	2005	2,047	793	2.58	
SILVERADO	SILVERADO	SVO	1969	0	0	0	
BONAVISTA DOWNS	BONAVISTA DOWNS	BDO	1975	1,130	329	3.43	
ELBOYA	ELBOYA	EYA	2007	1,707	722	2.36	
GLAMORGAN	GLAMORGAN	GLA	1998	6,638	2,802	2.37	
SOUTH CALGARY	SOUTH CALGARY	SOC	2000	3,434	1,793	1.92	
ROSEMONT	ROSEMONT	RMT	2016	1,240	518	2.39	
WINSTON HEIGHTS/MOUNTVIEW	WINSTON HEIGHTS/MOUNTVIEW	WIN	1992	3,912	1,648	2.37	
PARKLAND	PARKLAND	PKL	2001	4,172	1,347	3.1	
ROSSCARROCK	ROSSCARROCK	RCK	2002	3,371	1,482	2.27	
COUGAR RIDGE	COUGAR RIDGE	CGR	2004	2,147	785	2.74	
EAU CLAIRE	EAU CLAIRE	EAU	1983	590	402	1.47	
RICHMOND	RICHMOND	RIC	1970	4,985	1,705	2.92	
COVENTRY HILLS	COVENTRY HILLS	COV	1973	0	0	0	
RICHMOND	RICHMOND	RIC	1984	3,799	1,757	2.16	
GLAMORGAN	GLAMORGAN	GLA	2002	6,500	2,836	2.29	
SOUTHWOOD	SOUTHWOOD	SOW	2003	6,409	2,559	2.5	
SUNDANCE	SUNDANCE	SDC	2001	11,821	3,364	3.51	
SCARBORO/SUNALTA WEST	SCARBORO	SSW	2004	390	162	2.41	
MAYFAIR	MAYFAIR	MAF	2014	473	153	3.09	
MARLBOROUGH	MARLBOROUGH	MRL	1985	9,436	2,856	3.3	
MONTEREY PARK	MONTEREY PARK	MOR	2014	10,703	3,112	3.44	
WEST SPRINGS	WEST SPRINGS	WSP	1970	0	0	0	
MONTGOMERY	MONTGOMERY	MON	1982	4,418	1,593	2.77	
SILVERADO	SILVERADO	SVO	1992	14	5	2.8	
NOLAN HILL	NOLAN HILL	NOL	1969	0	0	0	
GARRISON GREEN	GARRISON GREEN	GAG	1993	729	218	3.34	
HAWKWOOD	HAWKWOOD	HAW	1984	1,892	580	3.26	
GLENDALE	GLENDALE	GDL	1982	2,868	962	2.98	
HIDDEN VALLEY	HIDDEN VALLEY	HID	1999	8,716	2,923	2.98	
WEST SPRINGS	WEST SPRINGS	WSP	1986	0	0	0	
TUXEDO PARK	TUXEDO PARK	TUX	1989	4,160	2,072	2.01	
OAKRIDGE	OAKRIDGE	OAK	2015	5,759	2,251	2.56	
EAGLE RIDGE	EAGLE RIDGE	EAG	1969	462	79	5.85	
NORTH HAVEN UPPER	NORTH HAVEN UPPER	NHU	1996	746	246	3.03	
BRIDGELAND/RIVERSIDE	BRIDGELAND/RIVERSIDE	BRD	1991	4,781	2,402	1.99	
BEL-AIRE	BEL-AIRE	BEL	1993	477	155	3.08	
CAMBRIAN HEIGHTS	CAMBRIAN HEIGHTS	CAM	2007	2,060	872	2.36	
SPRUCE CLIFF	SPRUCE CLIFF	SPR	1980	3,365	1,326	2.54	
BRAESIDE	BRAESIDE	BRA	2005	6,133	2,471	2.48	
EVANSTON	EVANSTON	EVN	1986	0	0	0	
AUBURN BAY	AUBURN BAY	AUB	2012	7,193	2,467	2.92	
NORTH GLENMORE PARK	NORTH GLENMORE PARK	NGM	1985	2,749	962	2.86	
GARRISON WOODS	GARRISON WOODS	GAW	1979	0	0	0	
SETON	SETON	SET	1983	0	0	0	
HOUNSFIELD HEIGHTS/BRIAR HILL	HOUNSFIELD HEIGHTS/BRIAR HILL	HOU	1969	2,873	749	3.84	
RICHMOND	RICHMOND	RIC	2006	3,830	1,889	2.03	
BELVEDERE	BELVEDERE	BVD	2010	0	0	0	
QUEENS PARK VILLAGE	QUEENS PARK VILLAGE	QPK	2004	357	179	1.99	
PINERIDGE	PINERIDGE	PIN	1970	56	15	3.73	
SILVER SPRINGS	SILVER SPRINGS	SIL	2004	9,438	3,443	2.74	
TARADALE	TARADALE	TAR	1987	716	206	3.48	
WOODBINE	WOODBINE	WBN	1989	10,308	3,030	3.4	
WOODLANDS	WOODLANDS	WOO	1968	66	5	13.2	
VARSITY	VARSITY	VAR	1999	12,548	5,187	2.42	
SKYVIEW RANCH	SKYVIEW RANCH	SKR	1996	0	0	0	
CORNERSTONE	CORNERSTONE	CNS	1995	0	0	0	
MAPLE RIDGE	MAPLE RIDGE	MPL	1985	2,670	800	3.34	
ROCKY RIDGE	ROCKY RIDGE	ROC	2004	4,487	1,700	2.64	
ABBEYDALE	ABBEYDALE	ABB	1991	6,786	1,881	3.61	
SPRUCE CLIFF	SPRUCE CLIFF	SPR	1975	3,587	1,303	2.75	
BONAVISTA DOWNS	BONAVISTA DOWNS	BDO	1983	1,216	361	3.37	
CITADEL	CITADEL	CIT	1974	0	0	0	
EVANSTON	EVANSTON	EVN	2000	31	9	3.44	
TARADALE	TARADALE	TAR	1990	1,125	341	3.3	
CAPITOL HILL	CAPITOL HILL	CAP	2005	3,947	2,005	1.97	
WINSTON HEIGHTS/MOUNTVIEW	WINSTON HEIGHTS/MOUNTVIEW	WIN	1985	3,772	1,521	2.48	
COUGAR RIDGE	COUGAR RIDGE	CGR	1980	0	0	0	
CORNERSTONE	CORNERSTONE	CNS	2010	0	0	0	
SPRINGBANK HILL	SPRINGBANK HILL	SPH	1968	0	0	0	
COPPERFIELD	COPPERFIELD	CPF	1980	0	0	0	
BELVEDERE	BELVEDERE	BVD	1983	0	0	0	
COUGAR RIDGE	COUGAR RIDGE	CGR	2012	5,874	1,878	3.13	
HIGHWOOD	HIGHWOOD	HIW	1979	2,596	875	2.97	
NORTH HAVEN UPPER	NORTH HAVEN UPPER	NHU	2017	620	241	2.57	
COUNTRY HILLS	COUNTRY HILLS	COU	1982	0	0	0	
WHITEHORN	WHITEHORN	WHI	2000	12,257	3,399	3.61	
EVERGREEN	EVERGREEN	EVE	2006	11,475	4,163	2.76	
WALDEN	WALDEN	WAL	1989	0	0	0	
SETON	SETON	SET	1978	0	0	0	
WEST SPRINGS	WEST SPRINGS	WSP	2004	3,899	1,369	2.85	
MCKENZIE TOWNE	MCKENZIE TOWNE	MCT	1992	0	0	0	
SUNNYSIDE	SUNNYSIDE	SSD	1997	3,656	2,210	1.65	
WOODLANDS	WOODLANDS	WOO	1988	6,262	2,074	3.02	
ROXBORO	ROXBORO	ROX	2009	428	154	2.78	
ROSEMONT	ROSEMONT	RMT	2007	1,270	530	2.4	
HARVEST HILLS	HARVEST HILLS	HAR	1995	2,358	807	2.92	
SOUTH CALGARY	SOUTH CALGARY	SOC	1989	3,210	1,595	2.01	
PALLISER	PALLISER	PAL	2001	3,275	1,618	2.02	
MAPLE RIDGE	MAPLE RIDGE	MPL	1998	2,187	808	2.71	
MCKENZIE TOWNE	MCKENZIE TOWNE	MCT	1989	0	0	0	
SPRINGBANK HILL	SPRINGBANK HILL	SPH	1978	0	0	0	
EVANSTON	EVANSTON	EVN	1998	18	6	3	
GLAMORGAN	GLAMORGAN	GLA	1985	6,613	2,621	2.52	
SOMERSET	SOMERSET	SOM	2016	8,596	3,061	2.81	
VARSITY	VARSITY	VAR	1976	11,152	3,170	3.52	
SCARBORO/SUNALTA WEST	SCARBORO	SSW	2000	417	164	2.54	
MAHOGANY	MAHOGANY	MAH	1969	0	0	0	
COACH HILL	COACH HILL	COA	1989	2,899	1,110	2.61	
QUEENSLAND	QUEENSLAND	QLD	1991	5,947	1,778	3.34	
GREENWOOD/GREENBRIAR	GREENWOOD/GREENBRIAR	GRE	1981	1,116	469	2.38	
OGDEN	OGDEN	OGD	2004	8,860	3,585	2.47	
BANKVIEW	BANKVIEW	BNK	2005	4,982	3,112	1.6	
UNIVERSITY DISTRICT	UNIVERSITY DISTRICT	UND	1972	0	0	0	
WOODBINE	WOODBINE	WBN	1997	10,694	3,307	3.23	
MAYFAIR	MAYFAIR	MAF	1992	559	187	2.99	
WOODBINE	WOODBINE	WBN	1981	2,118	718	2.95	
SUNALTA	SUNALTA	SNA	2005	3,227	1,922	1.68	
LAKEVIEW	LAKEVIEW	LKV	1984	6,647	2,266	2.93	
HUNTINGTON HILLS	HUNTINGTON HILLS	HUN	2000	14,617	5,287	2.76	
BAYVIEW	BAYVIEW	BYV	2015	648	240	2.7	
WOODBINE	WOODBINE	WBN	1984	6,375	1,982	3.22	
BELTLINE	BELTLINE	BLN	1973	14,484	8,117	1.78	Combined communities of CONNAUGHT (CON) and VICTORIA PARK (VIC)
SIGNAL HILL	SIGNAL HILL	SIG	1979	36	12	3	
SCARBORO	SCARBORO	SCA	1993	891	336	2.65	
MEADOWLARK PARK	MEADOWLARK PARK	MEA	1996	658	292	2.25	
SCENIC ACRES	SCENIC ACRES	SCE	1971	0	0	0	
RIDEAU PARK	RIDEAU PARK	RID	2007	649	325	2	
PARKHILL	PARKHILL	PKH	1972	1,631	574	2.84	
HARVEST HILLS	HARVEST HILLS	HAR	1978	0	0	0	
AUBURN BAY	AUBURN BAY	AUB	1970	0	0	0	
ROCKY RIDGE	ROCKY RIDGE	ROC	1976	0	0	0	
FALCONRIDGE	FALCONRIDGE	FAL	2003	10,423	3,137	3.32	
CAMBRIAN HEIGHTS	CAMBRIAN HEIGHTS	CAM	1988	2,200	895	2.46	
VALLEY RIDGE	VALLEY RIDGE	VAL	1980	0	0	0	
RUNDLE	RUNDLE	RUN	1976	3,182	943	3.37	
HOUNSFIELD HEIGHTS/BRIAR HILL	HOUNSFIELD HEIGHTS/BRIAR HILL	HOU	1992	2,670	881	3.03	
POINT MCKAY	POINT MCKAY	POI	2006	1,344	818	1.64	
UNIVERSITY HEIGHTS	UNIVERSITY HEIGHTS	UNI	1990	2,960	1,295	2.29	
OGDEN	OGDEN	OGD	1983	11,071	3,643	3.04	
WESTGATE	WESTGATE	WGT	2002	3,285	1,331	2.47	
MARLBOROUGH PARK	MARLBOROUGH PARK	MPK	1982	9,735	2,744	3.55	
MANCHESTER	MANCHESTER	MAN	1987	268	163	1.64	
MAYLAND HEIGHTS	MAYLAND HEIGHTS	MAL	2008	5,986	2,672	2.24	
NEW BRIGHTON	NEW BRIGHTON	NEB	1991	0	0	0	
ELBOYA	ELBOYA	EYA	1990	1,685	726	2.32	
WEST HILLHURST	WEST HILLHURST	WHL	1972	6,283	2,160	2.91	
MAHOGANY	MAHOGANY	MAH	1981	0	0	0	
ELBOW PARK	ELBOW PARK	EPK	2012	3,377	1,123	3.01	
BRENTWOOD	BRENTWOOD	BRE	2017	7,132	3,105	2.3	
MONTEREY PARK	MONTEREY PARK	MOR	2013	10,689	3,098	3.45	
PARKHILL	PARKHILL	PKH	1995	1,367	684	2	
SCARBORO/SUNALTA WEST	SCARBORO	SSW	2010	355	150	2.37	
NOLAN HILL	NOLAN HILL	NOL	1985	0	0	0	
RENFREW	RENFREW	REN	2001	5,508	2,782	1.98	
WEST HILLHURST	WEST HILLHURST	WHL	1979	5,202	2,185	2.38	
SOUTH CALGARY	SOUTH CALGARY	SOC	1987	3,172	1,610	1.97	
CHAPARRAL	CHAPARRAL	CHA	1993	0	0	0	
ASPEN WOODS	ASPEN WOODS	ASP	1972	0	0	0	
MCKENZIE TOWNE	MCKENZIE TOWNE	MCT	1970	0	0	0	
CHINATOWN	CHINATOWN	CHN	2005	1,248	743	1.68	
SILVERADO	SILVERADO	SVO	1993	12	5	2.4	
DALHOUSIE	DALHOUSIE	DAL	1978	9,470	2,817	3.36	
MISSION	MISSION	MIS	2013	4,297	3,027	1.42	
MISSION	MISSION	MIS	2008	4,159	2,889	1.44	
WOODLANDS	WOODLANDS	WOO	1977	247	58	4.26	
RIDEAU PARK	RIDEAU PARK	RID	2012	636	313	2.03	
WESTGATE	WESTGATE	WGT	1981	3,352	1,083	3.1	
MARLBOROUGH PARK	MARLBOROUGH PARK	MPK	1972	0	0	0	
GLENBROOK	GLENBROOK	GBK	2017	7,209	3,096	2.33	
BRITANNIA	BRITANNIA	BRT	2016	717	289	2.48	
SHAGANAPPI	SHAGANAPPI	SHG	1981	1,819	802	2.27	
CITADEL	CITADEL	CIT	2008	10,127	3,434	2.95	
CANYON MEADOWS	CANYON MEADOWS	CAN	1989	8,670	2,883	3.01	
EVERGREEN	EVERGREEN	EVE	1971	0	0	0	
WOODBINE	WOODBINE	WBN	1982	4,784	1,582	3.02	
DOWNTOWN EAST VILLAGE	DOWNTOWN EAST VILLAGE	DNE	2014	2,705	1,111	2.43	
ERIN WOODS	ERIN WOODS	ERI	1978	0	0	0	
BRIDGELAND/RIVERSIDE	BRIDGELAND/RIVERSIDE	BRD	1997	4,546	2,288	1.99	
WOODBINE	WOODBINE	WBN	2016	8,998	3,320	2.71	
SILVERADO	SILVERADO	SVO	1971	0	0	0	
MARLBOROUGH PARK	MARLBOROUGH PARK	MPK	1997	9,171	2,820	3.25	
SHAWNESSY	SHAWNESSY	SHN	1992	6,336	1,999	3.17	
ROCKY RIDGE	ROCKY RIDGE	ROC	1995	125	45	2.78	
CORNERSTONE	CORNERSTONE	CNS	1972	0	0	0	
ROCKY RIDGE	ROCKY RIDGE	ROC	2016	8,268	2,999	2.76	
MARTINDALE	MARTINDALE	MRT	1975	0	0	0	
SOUTHVIEW	SOUTHVIEW	SOV	1996	2,272	858	2.65	
COUGAR RIDGE	COUGAR RIDGE	CGR	1989	0	0	0	
COACH HILL	COACH HILL	COA	1978	77	26	2.96	
PATTERSON	PATTERSON	PAT	1994	1,872	895	2.09	
BRAESIDE	BRAESIDE	BRA	2017	5,960	2,490	2.39	
ROYAL OAK	ROYAL OAK	ROY	2011	10,979	3,753	2.93	
BEL-AIRE	BEL-AIRE	BEL	1974	516	135	3.82	
MARLBOROUGH	MARLBOROUGH	MRL	1992	9,276	2,944	3.15	
DOUGLASDALE/GLEN	DOUGLASDALE/GLEN	DDG	1987	379	112	3.38	
MEADOWLARK PARK	MEADOWLARK PARK	MEA	1982	804	293	2.74	
MCKENZIE LAKE	MCKENZIE LAKE	MCK	2017	13,616	4,589	2.97	
NORTH HAVEN UPPER	NORTH HAVEN UPPER	NHU	2002	684	244	2.8	
CAPITOL HILL	CAPITOL HILL	CAP	1968	4,457	1,537	2.9	
BANKVIEW	BANKVIEW	BNK	1979	4,698	2,561	1.83	
LAKEVIEW	LAKEVIEW	LKV	1985	6,539	2,287	2.86	
GLENDALE	GLENDALE	GDL	1994	2,839	1,083	2.62	
EDGEMONT	EDGEMONT	EDG	1984	5,025	1,565	3.21	
BANFF TRAIL	BANFF TRAIL	BNF	1982	3,514	1,523	2.31	
MISSION	MISSION	MIS	2010	4,253	2,978	1.43	
ALBERT PARK/RADISSON HEIGHTS	ALBERT PARK/RADISSON HEIGHTS	ALB	1991	6,491	2,304	2.82	
RED CARPET	RED CARPET	RED	2014	1,705	895	1.91	
DOVER	DOVER	DOV	1981	11,642	3,385	3.44	
BELTLINE	BELTLINE	BLN	2012	19,681	12,466	1.58	
ROCKY RIDGE	ROCKY RIDGE	ROC	1993	132	50	2.64	
BRIDGELAND/RIVERSIDE	BRIDGELAND/RIVERSIDE	BRD	2001	4,768	2,270	2.1	
CHARLESWOOD/COLLINGWOOD	CHARLESWOOD		1983	6,841	2,342	2.92	Combined communities of CHARLESWOOD (CHW) and COLLINGWOOD (COL)
PANORAMA HILLS	PANORAMA HILLS	PAN	2002	3,588	1,078	3.33	
NORTH HAVEN	NORTH HAVEN	NHV	2004	2,394	923	2.59	
SILVERADO	SILVERADO	SVO	1984	0	0	0	
FAIRVIEW	FAIRVIEW	FAI	2013	3,789	1,584	2.39	
ELBOW PARK	ELBOW PARK	EPK	1990	3,336	1,183	2.82	
CITYSCAPE	CITYSCAPE	CSC	1991	0	0	0	
NORTH HAVEN	NORTH HAVEN	NHV	2017	2,376	960	2.48	
FAIRVIEW	FAIRVIEW	FAI	2008	3,609	1,539	2.35	
CORNERSTONE	CORNERSTONE	CNS	1986	0	0	0	
CEDARBRAE	CEDARBRAE	CED	1978	2,606	738	3.53	
FALCONRIDGE	FALCONRIDGE	FAL	2000	10,643	3,177	3.35	
BOWNESS	BOWNESS	BOW	1986	12,317	4,711	2.61	
TUSCANY	TUSCANY	TUS	2008	17,205	6,015	2.86	
OGDEN	OGDEN	OGD	1992	10,601	3,702	2.86	
WEST HILLHURST	WEST HILLHURST	WHL	1984	5,011	2,317	2.16	
VALLEY RIDGE	VALLEY RIDGE	VAL	1973	0	0	0	
BELVEDERE	BELVEDERE	BVD	1969	0	0	0	
SILVERADO	SILVERADO	SVO	1979	0	0	0	
MAYFAIR	MAYFAIR	MAF	2001	532	173	3.08	
POINT MCKAY	POINT MCKAY	POI	1988	1,402	768	1.83	
CHINOOK PARK	CHINOOK PARK	CHK	1995	1,710	572	2.99	
MCKENZIE TOWNE	MCKENZIE TOWNE	MCT	2006	10,092	4,060	2.49	
WILLOW PARK	WILLOW PARK	WIL	2009	5,296	2,229	2.38	
SHERWOOD	SHERWOOD	SHW	2009	1,553	424	3.66	
CITYSCAPE	CITYSCAPE	CSC	1974	0	0	0	
CORNERSTONE	CORNERSTONE	CNS	1981	0	0	0	
SHAWNEE SLOPES	SHAWNEE SLOPES	SHS	1989	728	244	2.98	
SUNNYSIDE	SUNNYSIDE	SSD	1971	3,516	1,432	2.46	
RICHMOND	RICHMOND	RIC	1978	3,840	1,624	2.36	
PARKLAND	PARKLAND	PKL	1995	4,479	1,344	3.33	
CITYSCAPE	CITYSCAPE	CSC	1993	0	0	0	
COVENTRY HILLS	COVENTRY HILLS	COV	1968	0	0	0	
FALCONRIDGE	FALCONRIDGE	FAL	2011	10,043	3,220	3.12	
FALCONRIDGE	FALCONRIDGE	FAL	1986	8,434	2,551	3.31	
TUXEDO PARK	TUXEDO PARK	TUX	1991	4,200	2,110	1.99	
BAYVIEW	BAYVIEW	BYV	1984	815	241	3.38	
MARTINDALE	MARTINDALE	MRT	1976	0	0	0	
PARKHILL	PARKHILL	PKH	1981	1,296	570	2.27	
CHINATOWN	CHINATOWN	CHN	2003	1,246	739	1.69	
MCKENZIE TOWNE	MCKENZIE TOWNE	MCT	2013	17,168	6,672	2.57	
CORAL SPRINGS	CORAL SPRINGS	COR	2010	5,899	1,468	4.02	
FOREST LAWN	FOREST LAWN	FLN	1998	8,432	3,014	2.8	
EVERGREEN	EVERGREEN	EVE	1993	504	154	3.27	
MCKENZIE TOWNE	MCKENZIE TOWNE	MCT	1968	0	0	0	
GREENVIEW	GREENVIEW	GRV	1994	2,253	1,043	2.16	
HILLHURST	HILLHURST	HIL	2004	5,578	2,727	2.05	
RUTLAND PARK	RUTLAND PARK	RUT	2014	2,276	949	2.4	
DOWNTOWN WEST END	DOWNTOWN WEST END	DNW	2011	2,483	1,537	1.62	
WINSTON HEIGHTS/MOUNTVIEW	WINSTON HEIGHTS/MOUNTVIEW	WIN	1970	4,972	1,521	3.27	
CRESTMONT	CRESTMONT	CRM	1976	0	0	0	
WINSTON HEIGHTS/MOUNTVIEW	WINSTON HEIGHTS/MOUNTVIEW	WIN	1968	4,458	1,316	3.39	
COPPERFIELD	COPPERFIELD	CPF	2011	7,162	2,557	2.8	
WHITEHORN	WHITEHORN	WHI	1968	3	1	3	
MAPLE RIDGE	MAPLE RIDGE	MPL	1990	2,414	805	3	
CHINATOWN	CHINATOWN	CHN	1974	620	274	2.26	
SOUTHVIEW	SOUTHVIEW	SOV	2015	1,874	787	2.38	
COACH HILL	COACH HILL	COA	1996	3,059	1,238	2.47	
WINSTON HEIGHTS/MOUNTVIEW	WINSTON HEIGHTS/MOUNTVIEW	WIN	1994	3,833	1,633	2.35	
ASPEN WOODS	ASPEN WOODS	ASP	1983	0	0	0	
MONTGOMERY	MONTGOMERY	MON	2004	3,801	1,556	2.44	
DOWNTOWN EAST VILLAGE	DOWNTOWN EAST VILLAGE	DNE	2010	2,634	923	2.85	
FOREST HEIGHTS	FOREST HEIGHTS	FHT	2004	6,248	2,030	3.08	
SIGNAL HILL	SIGNAL HILL	SIG	2005	14,117	5,190	2.72	
ERIN WOODS	ERIN WOODS	ERI	2017	6,974	2,400	2.91	
SANDSTONE VALLEY	SANDSTONE VALLEY	SAN	2017	5,965	2,091	2.85	
MILLRISE	MILLRISE	MLR	2006	6,509	2,288	2.84	
UNIVERSITY OF CALGARY	UNIVERSITY OF CALGARY	UOC	2014	2,841	854	3.33	
UNIVERSITY OF CALGARY	UNIVERSITY OF CALGARY	UOC	1972	1,416	253	5.6	
KELVIN GROVE	KELVIN GROVE	KEL	1993	2,170	846	2.57	
WOODBINE	WOODBINE	WBN	2009	9,557	3,316	2.88	
FAIRVIEW	FAIRVIEW	FAI	1996	3,744	1,518	2.47	
SHERWOOD	SHERWOOD	SHW	1971	0	0	0	
LINCOLN PARK	LINCOLN PARK	LPK	1998	1,314	589	2.23	
EVERGREEN	EVERGREEN	EVE	1984	39	16	2.44	
MONTGOMERY	MONTGOMERY	MON	1987	4,033	1,597	2.53	
BONAVISTA DOWNS	BONAVISTA DOWNS	BDO	1970	0	0	0	
EDGEMONT	EDGEMONT	EDG	2006	16,955	5,363	3.16	
VALLEY RIDGE	VALLEY RIDGE	VAL	1968	0	0	0	
HAWKWOOD	HAWKWOOD	HAW	1988	4,323	1,285	3.36	
MILLRISE	MILLRISE	MLR	1988	2,495	808	3.09	
DOVER	DOVER	DOV	1980	11,189	3,263	3.43	
SKYVIEW RANCH	SKYVIEW RANCH	SKR	2007	0	0	0	
EDGEMONT	EDGEMONT	EDG	2010	16,190	5,303	3.05	
MAHOGANY	MAHOGANY	MAH	1971	0	0	0	
LAKEVIEW	LAKEVIEW	LKV	1974	7,836	2,025	3.87	
DOWNTOWN WEST END	DOWNTOWN WEST END	DNW	1984	244	178	1.37	
VISTA HEIGHTS	VISTA HEIGHTS	VIS	2014	2,336	825	2.83	
CRESCENT HEIGHTS	CRESCENT HEIGHTS	CRE	1975	5,371	2,608	2.06	
MARLBOROUGH	MARLBOROUGH	MRL	2000	8,735	3,014	2.9	
SKYVIEW RANCH	SKYVIEW RANCH	SKR	1979	0	0	0	
PARKDALE	PARKDALE	PKD	2010	2,252	898	2.51	
CASTLERIDGE	CASTLERIDGE	CAS	1985	4,864	1,481	3.28	
PANORAMA HILLS	PANORAMA HILLS	PAN	2014	25,130	7,719	3.26	
BRIDGELAND/RIVERSIDE	BRIDGELAND/RIVERSIDE	BRD	1996	4,553	2,206	2.06	
CRESCENT HEIGHTS	CRESCENT HEIGHTS	CRE	2015	6,380	3,405	1.87	
SOUTHWOOD	SOUTHWOOD	SOW	1986	6,929	2,456	2.82	
DOWNTOWN COMMERCIAL CORE	DOWNTOWN COMMERCIAL CORE	DNC	1972	5,839	3,587	1.63	
APPLEWOOD PARK	APPLEWOOD PARK	APP	1975	0	0	0	
SILVERADO	SILVERADO	SVO	2003	36	15	2.4	
HAMPTONS	HAMPTONS	HAM	1985	0	0	0	
BRAESIDE	BRAESIDE	BRA	2006	6,182	2,517	2.46	
MIDNAPORE	MIDNAPORE	MID	1996	7,353	2,479	2.97	
LAKE BONAVISTA	LAKE BONAVISTA	LKB	2009	10,813	3,977	2.72	
FOREST HEIGHTS	FOREST HEIGHTS	FHT	1998	6,795	2,037	3.34	
OGDEN	OGDEN	OGD	2009	8,692	3,654	2.38	
MAYFAIR	MAYFAIR	MAF	2002	556	181	3.07	
SETON	SETON	SET	2016	0	0	0	
WOODLANDS	WOODLANDS	WOO	1999	7,125	2,373	3	
ASPEN WOODS	ASPEN WOODS	ASP	1992	0	0	0	
CHAPARRAL	CHAPARRAL	CHA	2009	10,537	3,273	3.22	
BANFF TRAIL	BANFF TRAIL	BNF	1988	3,400	1,580	2.15	
DEER RUN	DEER RUN	DRN	2005	5,845	2,067	2.83	
BELVEDERE	BELVEDERE	BVD	1986	0	0	0	
ALBERT PARK/RADISSON HEIGHTS	ALBERT PARK/RADISSON HEIGHTS	ALB	2009	6,047	2,447	2.47	
MONTGOMERY	MONTGOMERY	MON	1985	3,950	1,558	2.54	
COUNTRY HILLS	COUNTRY HILLS	COU	2009	3,684	1,412	2.61	
PARKDALE	PARKDALE	PKD	1995	1,697	824	2.06	
MOUNT PLEASANT	MOUNT PLEASANT	MOP	1976	4,909	2,065	2.38	
ROYAL OAK	ROYAL OAK	ROY	1992	62	25	2.48	
DALHOUSIE	DALHOUSIE	DAL	1979	10,554	3,336	3.16	
HAYSBORO	HAYSBORO	HAY	1976	7,214	2,237	3	
BRITANNIA	BRITANNIA	BRT	1984	779	319	2.44	
WEST SPRINGS	WEST SPRINGS	WSP	1985	0	0	0	
HARVEST HILLS	HARVEST HILLS	HAR	1974	0	0	0	
ALTADORE	ALTADORE	ALT	2001	6,312	2,892	2.18	
CRESCENT HEIGHTS	CRESCENT HEIGHTS	CRE	1986	5,515	3,192	1.73	
ASPEN WOODS	ASPEN WOODS	ASP	1976	0	0	0	
PENBROOKE MEADOWS	PENBROOKE MEADOWS	PEN	2006	8,382	2,853	2.94	
HUNTINGTON HILLS	HUNTINGTON HILLS	HUN	1977	14,794	4,131	3.58	
BRITANNIA	BRITANNIA	BRT	1971	1,038	313	3.32	
LINCOLN PARK	LINCOLN PARK	LPK	1974	53	7	7.57	
FALCONRIDGE	FALCONRIDGE	FAL	1979	0	0	0	
MONTEREY PARK	MONTEREY PARK	MOR	1984	0	0	0	
APPLEWOOD PARK	APPLEWOOD PARK	APP	1995	2,716	804	3.38	
DOVER	DOVER	DOV	1971	2,046	562	3.64	
SOMERSET	SOMERSET	SOM	2001	5,872	2,068	2.84	
MAYLAND HEIGHTS	MAYLAND HEIGHTS	MAL	1988	6,250	2,422	2.58	
TUSCANY	TUSCANY	TUS	1995	51	14	3.64	
KILLARNEY/GLENGARRY	KILLARNEY/GLENGARRY	KIL	1989	5,484	2,606	2.1	
SILVER SPRINGS	SILVER SPRINGS	SIL	1981	10,208	3,180	3.21	
VALLEY RIDGE	VALLEY RIDGE	VAL	1991	0	0	0	
SHERWOOD	SHERWOOD	SHW	2004	0	0	0	
VISTA HEIGHTS	VISTA HEIGHTS	VIS	2008	2,110	752	2.81	
SCARBORO	SCARBORO	SCA	1985	919	333	2.76	
ROCKY RIDGE	ROCKY RIDGE	ROC	1980	0	0	0	
SILVER SPRINGS	SILVER SPRINGS	SIL	1996	10,236	3,447	2.97	
DOWNTOWN COMMERCIAL CORE	DOWNTOWN COMMERCIAL CORE	DNC	1969	3,643	2,086	1.75	
CHARLESWOOD/COLLINGWOOD	CHARLESWOOD		2006	5,828	2,371	2.46	Combined communities of CHARLESWOOD (CHW) and COLLINGWOOD (COL)
POINT MCKAY	POINT MCKAY	POI	1991	1,445	806	1.79	
WINSTON HEIGHTS/MOUNTVIEW	WINSTON HEIGHTS/MOUNTVIEW	WIN	2011	3,760	1,727	2.18	
SIGNAL HILL	SIGNAL HILL	SIG	1970	86	25	3.44	
KINGSLAND	KINGSLAND	KIN	2012	4,513	2,274	1.98	
SCENIC ACRES	SCENIC ACRES	SCE	1980	0	0	0	
HAYSBORO	HAYSBORO	HAY	2001	6,074	2,732	2	
SCARBORO/SUNALTA WEST	SCARBORO	SSW	2002	386	162	2.38	
ALTADORE	ALTADORE	ALT	2014	9,518	4,200	2.27	
DOUGLASDALE/GLEN	DOUGLASDALE/GLEN	DDG	1984	0	0	0	
GREENVIEW	GREENVIEW	GRV	2003	2,094	1,037	2.02	
LINCOLN PARK	LINCOLN PARK	LPK	2015	2,726	1,368	1.99	
BEL-AIRE	BEL-AIRE	BEL	2011	449	149	3.01	
ALTADORE	ALTADORE	ALT	1986	6,532	2,669	2.45	
THORNCLIFFE	THORNCLIFFE	THO	2013	8,836	3,661	2.41	
CHINATOWN	CHINATOWN	CHN	1980	612	362	1.69	
FALCONRIDGE	FALCONRIDGE	FAL	1985	8,307	2,517	3.3	
WHITEHORN	WHITEHORN	WHI	1983	9,772	2,873	3.4	
QUEENSLAND	QUEENSLAND	QLD	1981	5,761	1,597	3.61	
HARVEST HILLS	HARVEST HILLS	HAR	1992	705	221	3.19	
NORTH HAVEN	NORTH HAVEN	NHV	2012	2,288	940	2.43	
CAMBRIAN HEIGHTS	CAMBRIAN HEIGHTS	CAM	2003	2,092	877	2.39	
MARTINDALE	MARTINDALE	MRT	2015	15,055	4,042	3.72	
WOODBINE	WOODBINE	WBN	2008	9,501	3,296	2.88	
KINCORA	KINCORA	KCA	1978	0	0	0	
HIGHWOOD	HIGHWOOD	HIW	1995	2,136	886	2.41	
INGLEWOOD	INGLEWOOD	ING	2016	3,865	2,032	1.9	
RED CARPET	RED CARPET	RED	1968	12	4	3	
HAYSBORO	HAYSBORO	HAY	2000	6,080	2,746	2	
DOUGLASDALE/GLEN	DOUGLASDALE/GLEN	DDG	1976	0	0	0	
HAYSBORO	HAYSBORO	HAY	2009	6,435	3,065	2	
EVERGREEN	EVERGREEN	EVE	1988	29	15	1.93	
WALDEN	WALDEN	WAL	1973	0	0	0	
MARLBOROUGH PARK	MARLBOROUGH PARK	MPK	2011	8,278	2,874	2.88	
EDGEMONT	EDGEMONT	EDG	1975	0	0	0	
EAGLE RIDGE	EAGLE RIDGE	EAG	1981	566	108	5.24	
ROSEMONT	ROSEMONT	RMT	1987	1,213	519	2.34	
CASTLERIDGE	CASTLERIDGE	CAS	2003	6,244	1,819	3.43	
BANFF TRAIL	BANFF TRAIL	BNF	2010	3,626	1,645	2.2	
LAKE BONAVISTA	LAKE BONAVISTA	LKB	1972	4,851	1,160	4.18	
TARADALE	TARADALE	TAR	2006	9,950	2,755	3.61	
EAU CLAIRE	EAU CLAIRE	EAU	1999	1,077	672	1.6	
NORTH HAVEN	NORTH HAVEN	NHV	1968	2,944	688	4.28	
AUBURN BAY	AUBURN BAY	AUB	1985	16	5	3.2	
RAMSAY	RAMSAY	RAM	2000	2,131	1,040	2.05	
LAKE BONAVISTA	LAKE BONAVISTA	LKB	1971	2,687	649	4.14	
LEGACY	LEGACY	LEG	2001	0	0	0	
SUNDANCE	SUNDANCE	SDC	1985	2,113	700	3.02	
LEGACY	LEGACY	LEG	1987	0	0	0	
LAKE BONAVISTA	LAKE BONAVISTA	LKB	1975	10,303	2,530	4.07	
DOVER	DOVER	DOV	1979	10,672	3,017	3.54	
DEER RIDGE	DEER RIDGE	DRG	1975	0	0	0	
RUNDLE	RUNDLE	RUN	2006	11,246	3,587	3.14	
SOMERSET	SOMERSET	SOM	1969	0	0	0	
SHAWNEE SLOPES	SHAWNEE SLOPES	SHS	1995	1,428	476	3	
GLENDALE	GLENDALE	GDL	1997	2,856	1,093	2.61	
SOMERSET	SOMERSET	SOM	1999	4,209	1,463	2.88	
BRIDLEWOOD	BRIDLEWOOD	BRI	2003	5,442	1,881	2.89	
WHITEHORN	WHITEHORN	WHI	1984	10,270	3,005	3.42	
HILLHURST	HILLHURST	HIL	1977	5,300	2,487	2.13	
PENBROOKE MEADOWS	PENBROOKE MEADOWS	PEN	2004	8,490	2,754	3.08	
MAYFAIR	MAYFAIR	MAF	1971	784	181	4.33	
BEL-AIRE	BEL-AIRE	BEL	1980	513	138	3.72	
ROSEDALE	ROSEDALE	RDL	1974	1,631	661	2.47	
KELVIN GROVE	KELVIN GROVE	KEL	2008	2,330	876	2.66	
PALLISER	PALLISER	PAL	1992	3,128	1,423	2.2	
POINT MCKAY	POINT MCKAY	POI	1986	1,486	780	1.91	
ROSEDALE	ROSEDALE	RDL	1971	1,743	676	2.58	
RAMSAY	RAMSAY	RAM	1968	3,001	1,016	2.95	
QUEENS PARK VILLAGE	QUEENS PARK VILLAGE	QPK	2012	415	178	2.33	
PUMP HILL	PUMP HILL	PUM	1974	193	19	10.16	
ROXBORO	ROXBORO	ROX	2017	390	143	2.73	
GARRISON WOODS	GARRISON WOODS	GAW	1999	0	0	0	
BRITANNIA	BRITANNIA	BRT	1992	755	313	2.41	
BEDDINGTON HEIGHTS	BEDDINGTON HEIGHTS	BED	1989	13,054	4,051	3.22	
CANYON MEADOWS	CANYON MEADOWS	CAN	1968	129	28	4.61	
ABBEYDALE	ABBEYDALE	ABB	2002	6,574	1,963	3.35	
CAMBRIAN HEIGHTS	CAMBRIAN HEIGHTS	CAM	1974	2,941	865	3.4	
CAMBRIAN HEIGHTS	CAMBRIAN HEIGHTS	CAM	1977	2,737	867	3.16	
HIGHLAND PARK	HIGHLAND PARK	HPK	2015	4,139	2,012	2.06	
COUNTRY HILLS	COUNTRY HILLS	COU	1993	370	106	3.49	
NOLAN HILL	NOLAN HILL	NOL	1979	0	0	0	
GREENWOOD/GREENBRIAR	GREENWOOD/GREENBRIAR	GRE	1993	990	459	2.16	
HAWKWOOD	HAWKWOOD	HAW	2015	9,828	3,308	2.97	
WILLOW PARK	WILLOW PARK	WIL	2012	5,229	2,235	2.34	
HAWKWOOD	HAWKWOOD	HAW	1972	0	0	0	
CRANSTON	CRANSTON	CRA	2015	17,185	5,883	2.92	
UPPER MOUNT ROYAL	UPPER MOUNT ROYAL	UMR	1993	2,552	1,013	2.52	
CANYON MEADOWS	CANYON MEADOWS	CAN	1976	6,557	1,769	3.71	
BAYVIEW	BAYVIEW	BYV	1973	573	132	4.34	
DISCOVERY RIDGE	DISCOVERY RIDGE	DIS	2014	4,462	1,632	2.73	
BANFF TRAIL	BANFF TRAIL	BNF	1970	4,777	1,477	3.23	
ROXBORO	ROXBORO	ROX	1992	436	161	2.71	
EVERGREEN	EVERGREEN	EVE	1997	1,204	375	3.21	
DOUGLASDALE/GLEN	DOUGLASDALE/GLEN	DDG	1988	684	206	3.32	
RANCHLANDS	RANCHLANDS	RAN	1977	15	5	3	
ROSEMONT	ROSEMONT	RMT	1988	1,227	517	2.37	
DEER RUN	DEER RUN	DRN	2006	5,765	2,076	2.78	
CORAL SPRINGS	CORAL SPRINGS	COR	1972	0	0	0	
SKYVIEW RANCH	SKYVIEW RANCH	SKR	1969	0	0	0	
TARADALE	TARADALE	TAR	1969	0	0	0	
FOREST HEIGHTS	FOREST HEIGHTS	FHT	1986	6,546	1,888	3.47	
SCARBORO/SUNALTA WEST	SCARBORO	SSW	2016	385	151	2.55	
ST. ANDREWS HEIGHTS	ST. ANDREWS HEIGHTS	STA	1985	2,205	733	3.01	
TUSCANY	TUSCANY	TUS	2003	8,609	3,216	2.68	
BEDDINGTON HEIGHTS	BEDDINGTON HEIGHTS	BED	2015	11,973	4,283	2.8	
TARADALE	TARADALE	TAR	1980	0	0	0	
SAGE HILL	SAGE HILL	SGH	1974	0	0	0	
MILLRISE	MILLRISE	MLR	1980	32	10	3.2	
HOUNSFIELD HEIGHTS/BRIAR HILL	HOUNSFIELD HEIGHTS/BRIAR HILL	HOU	2003	2,652	908	2.92	
CLIFF BUNGALOW	CLIFF BUNGALOW	CLI	1973	2,112	1,098	1.92	
QUEENSLAND	QUEENSLAND	QLD	2000	5,476	1,789	3.06	
RENFREW	RENFREW	REN	1999	5,204	2,568	2.03	
KINGSLAND	KINGSLAND	KIN	2002	4,496	2,304	1.95	
PARKHILL	PARKHILL	PKH	1979	1,280	563	2.27	
DIAMOND COVE	DIAMOND COVE	DIA	2007	777	265	2.93	
WILLOW PARK	WILLOW PARK	WIL	2006	5,307	2,230	2.38	
MARLBOROUGH	MARLBOROUGH	MRL	2005	8,391	2,976	2.82	
MAYFAIR	MAYFAIR	MAF	1989	583	184	3.17	
DOVER	DOVER	DOV	2004	10,692	4,181	2.56	
UPPER MOUNT ROYAL	UPPER MOUNT ROYAL	UMR	1968	3,129	968	3.23	
WEST HILLHURST	WEST HILLHURST	WHL	1985	4,997	2,383	2.1	
MACEWAN GLEN	MACEWAN GLEN	MAC	2017	4,930	1,767	2.79	
BELVEDERE	BELVEDERE	BVD	1970	0	0	0	
SCARBORO/SUNALTA WEST	SCARBORO	SSW	2006	387	163	2.37	
MACEWAN GLEN	MACEWAN GLEN	MAC	1990	3,176	1,013	3.14	
ALTADORE	ALTADORE	ALT	2003	6,911	3,278	2.11	
LAKEVIEW	LAKEVIEW	LKV	2002	5,687	2,281	2.49	
MOUNT PLEASANT	MOUNT PLEASANT	MOP	1988	4,363	2,118	2.06	
SUNNYSIDE	SUNNYSIDE	SSD	2005	3,698	2,227	1.66	
FAIRVIEW	FAIRVIEW	FAI	2017	3,686	1,511	2.44	
SETON	SETON	SET	1976	0	0	0	
DOWNTOWN EAST VILLAGE	DOWNTOWN EAST VILLAGE	DNE	2002	1,853	661	2.8	
SHAWNEE SLOPES	SHAWNEE SLOPES	SHS	2016	1,573	669	2.35	
ROXBORO	ROXBORO	ROX	1977	473	164	2.88	
CANYON MEADOWS	CANYON MEADOWS	CAN	1979	8,054	2,377	3.39	
COUNTRY HILLS	COUNTRY HILLS	COU	1992	234	62	3.77	
BELTLINE	BELTLINE	BLN	2002	17,395	10,562	1.65	Combined communities of CONNAUGHT (CON) and VICTORIA PARK (VIC)
REDSTONE	REDSTONE	RSN	1983	0	0	0	
LAKE BONAVISTA	LAKE BONAVISTA	LKB	2002	10,522	3,390	3.1	
THORNCLIFFE	THORNCLIFFE	THO	1991	9,719	3,570	2.72	
HOUNSFIELD HEIGHTS/BRIAR HILL	HOUNSFIELD HEIGHTS/BRIAR HILL	HOU	2009	2,940	1,040	2.83	
MANCHESTER	MANCHESTER	MAN	1979	208	78	2.67	
DOVER	DOVER	DOV	1996	11,434	3,935	2.91	
BOWNESS	BOWNESS	BOW	1990	12,620	4,874	2.59	
RIVERBEND	RIVERBEND	RIV	1992	5,711	1,886	3.03	
APPLEWOOD PARK	APPLEWOOD PARK	APP	2006	6,155	1,932	3.19	
CEDARBRAE	CEDARBRAE	CED	2002	6,689	2,455	2.72	
BANKVIEW	BANKVIEW	BNK	2000	5,352	3,208	1.67	
CASTLERIDGE	CASTLERIDGE	CAS	1990	6,327	1,776	3.56	
ABBEYDALE	ABBEYDALE	ABB	1982	5,241	1,634	3.21	
SUNALTA	SUNALTA	SNA	2017	3,192	1,885	1.69	
ERLTON	ERLTON	ERL	1979	600	253	2.37	
HAWKWOOD	HAWKWOOD	HAW	1974	0	0	0	
CRESCENT HEIGHTS	CRESCENT HEIGHTS	CRE	1991	5,771	3,238	1.78	
ALTADORE	ALTADORE	ALT	1981	7,081	2,687	2.64	
LINCOLN PARK	LINCOLN PARK	LPK	1972	17	3	5.67	
CRANSTON	CRANSTON	CRA	1990	10	3	3.33	
SCENIC ACRES	SCENIC ACRES	SCE	1978	0	0	0	
POINT MCKAY	POINT MCKAY	POI	2003	1,341	815	1.65	
DOWNTOWN EAST VILLAGE	DOWNTOWN EAST VILLAGE	DNE	1988	1,081	739	1.46	
CHARLESWOOD/COLLINGWOOD	CHARLESWOOD		2005	5,835	2,373	2.46	Combined communities of CHARLESWOOD (CHW) and COLLINGWOOD (COL)
CRESTMONT	CRESTMONT	CRM	2001	15	6	2.5	
CORAL SPRINGS	CORAL SPRINGS	COR	1976	0	0	0	
COPPERFIELD	COPPERFIELD	CPF	1995	0	0	0	
MCKENZIE LAKE	MCKENZIE LAKE	MCK	1973	0	0	0	
DEER RIDGE	DEER RIDGE	DRG	2000	4,688	1,478	3.17	
MCKENZIE LAKE	MCKENZIE LAKE	MCK	1994	6,250	1,769	3.53	
COUNTRY HILLS VILLAGE	COUNTRY HILLS VILLAGE	CHV	1980	0	0	0	
HIGHLAND PARK	HIGHLAND PARK	HPK	1976	4,071	1,576	2.58	
PARKLAND	PARKLAND	PKL	1982	5,017	1,341	3.74	
MAHOGANY	MAHOGANY	MAH	1974	0	0	0	
QUEENSLAND	QUEENSLAND	QLD	1986	5,943	1,745	3.41	
ELBOW PARK	ELBOW PARK	EPK	1988	3,234	1,167	2.77	
VISTA HEIGHTS	VISTA HEIGHTS	VIS	1984	2,030	611	3.32	
SPRUCE CLIFF	SPRUCE CLIFF	SPR	1968	3,277	946	3.46	
MAYFAIR	MAYFAIR	MAF	2013	487	150	3.25	
ST. ANDREWS HEIGHTS	ST. ANDREWS HEIGHTS	STA	1980	2,359	762	3.1	
THORNCLIFFE	THORNCLIFFE	THO	1997	9,582	3,619	2.65	
RENFREW	RENFREW	REN	1972	7,278	2,415	3.01	
DIAMOND COVE	DIAMOND COVE	DIA	1972	0	0	0	
BELVEDERE	BELVEDERE	BVD	1994	0	0	0	
BEL-AIRE	BEL-AIRE	BEL	1982	470	140	3.36	
WEST SPRINGS	WEST SPRINGS	WSP	1979	0	0	0	
NORTH HAVEN	NORTH HAVEN	NHV	2013	2,382	966	2.47	
MILLRISE	MILLRISE	MLR	1971	63	15	4.2	
WALDEN	WALDEN	WAL	2014	2,181	696	3.13	
COVENTRY HILLS	COVENTRY HILLS	COV	1987	0	0	0	
NOLAN HILL	NOLAN HILL	NOL	1973	0	0	0	
OGDEN	OGDEN	OGD	1987	10,542	3,654	2.89	
RUNDLE	RUNDLE	RUN	2003	11,512	3,530	3.26	
TARADALE	TARADALE	TAR	2004	7,951	2,295	3.46	
LEGACY	LEGACY	LEG	2002	0	0	0	
RIVERBEND	RIVERBEND	RIV	1991	4,593	1,503	3.06	
SHAWNESSY	SHAWNESSY	SHN	1974	0	0	0	
SOUTHWOOD	SOUTHWOOD	SOW	1987	6,928	2,466	2.81	
GARRISON WOODS	GARRISON WOODS	GAW	1982	0	0	0	
GLAMORGAN	GLAMORGAN	GLA	2003	6,442	2,829	2.28	
WOODBINE	WOODBINE	WBN	1977	37	14	2.64	
RED CARPET	RED CARPET	RED	2003	1,541	721	2.14	
GREENWOOD/GREENBRIAR	GREENWOOD/GREENBRIAR	GRE	1972	0	0	0	
SILVERADO	SILVERADO	SVO	1997	16	6	2.67	
ARBOUR LAKE	ARBOUR LAKE	ARB	1973	0	0	0	
MILLRISE	MILLRISE	MLR	2014	7,052	2,599	2.71	
DISCOVERY RIDGE	DISCOVERY RIDGE	DIS	2000	18	6	3	
BANFF TRAIL	BANFF TRAIL	BNF	1993	3,410	1,582	2.16	
BRIDGELAND/RIVERSIDE	BRIDGELAND/RIVERSIDE	BRD	1974	5,232	2,127	2.46	
ARBOUR LAKE	ARBOUR LAKE	ARB	1968	0	0	0	
ROXBORO	ROXBORO	ROX	1969	517	167	3.1	
RICHMOND	RICHMOND	RIC	1979	3,792	1,626	2.33	
RICHMOND	RICHMOND	RIC	1993	3,927	1,856	2.12	
TUXEDO PARK	TUXEDO PARK	TUX	1984	4,139	1,967	2.1	
WEST SPRINGS	WEST SPRINGS	WSP	1977	0	0	0	
RENFREW	RENFREW	REN	2017	6,397	3,138	2.04	
MONTGOMERY	MONTGOMERY	MON	2013	3,976	1,729	2.3	
MACEWAN GLEN	MACEWAN GLEN	MAC	2011	5,138	1,747	2.94	
CLIFF BUNGALOW	CLIFF BUNGALOW	CLI	1995	1,954	1,276	1.53	
CHARLESWOOD/COLLINGWOOD	CHARLESWOOD		1994	6,020	2,394	2.51	Combined communities of CHARLESWOOD (CHW) and COLLINGWOOD (COL)
RAMSAY	RAMSAY	RAM	1974	2,451	937	2.62	
DIAMOND COVE	DIAMOND COVE	DIA	2008	778	269	2.89	
WOODBINE	WOODBINE	WBN	1987	8,645	2,589	3.34	
RIDEAU PARK	RIDEAU PARK	RID	2004	634	319	1.99	
FALCONRIDGE	FALCONRIDGE	FAL	2010	9,671	3,082	3.14	
BAYVIEW	BAYVIEW	BYV	2007	655	238	2.75	
WALDEN	WALDEN	WAL	1991	0	0	0	
SOMERSET	SOMERSET	SOM	1979	13	5	2.6	
FALCONRIDGE	FALCONRIDGE	FAL	1995	10,382	3,096	3.35	
SPRINGBANK HILL	SPRINGBANK HILL	SPH	1979	0	0	0	
CAPITOL HILL	CAPITOL HILL	CAP	1982	3,913	1,820	2.15	
LAKEVIEW	LAKEVIEW	LKV	1999	5,852	2,292	2.55	
LAKEVIEW	LAKEVIEW	LKV	2009	5,467	2,212	2.47	
FOREST HEIGHTS	FOREST HEIGHTS	FHT	1989	6,914	2,015	3.43	
TUXEDO PARK	TUXEDO PARK	TUX	2005	4,399	2,309	1.91	
CHINATOWN	CHINATOWN	CHN	1990	1,291	742	1.74	
MCKENZIE LAKE	MCKENZIE LAKE	MCK	2005	14,799	4,585	3.23	
BANFF TRAIL	BANFF TRAIL	BNF	1974	4,106	1,439	2.85	
DOWNTOWN WEST END	DOWNTOWN WEST END	DNW	1992	451	275	1.64	
DOWNTOWN COMMERCIAL CORE	DOWNTOWN COMMERCIAL CORE	DNC	2015	9,083	5,119	1.77	
KINGSLAND	KINGSLAND	KIN	1988	4,305	2,106	2.04	
BEL-AIRE	BEL-AIRE	BEL	1990	500	157	3.18	
LEGACY	LEGACY	LEG	1976	0	0	0	
BELVEDERE	BELVEDERE	BVD	2002	0	0	0	
HUNTINGTON HILLS	HUNTINGTON HILLS	HUN	1984	15,412	4,793	3.22	
FOREST HEIGHTS	FOREST HEIGHTS	FHT	1970	3,850	823	4.68	
CURRIE BARRACKS	CURRIE BARRACKS	CUR	1970	0			
ASPEN WOODS	ASPEN WOODS	ASP	2003	216	69	3.13	
RIVERBEND	RIVERBEND	RIV	2013	9,717	3,418	2.84	
ABBEYDALE	ABBEYDALE	ABB	1970	0	0	0	
LOWER MOUNT ROYAL	LOWER MOUNT ROYAL	LMR	2007	3,254	2,133	1.53	
PUMP HILL	PUMP HILL	PUM	1972	198	19	10.42	
HIDDEN VALLEY	HIDDEN VALLEY	HID	1985	0	0	0	
ERIN WOODS	ERIN WOODS	ERI	1992	5,121	1,532	3.34	
FALCONRIDGE	FALCONRIDGE	FAL	2009	10,130	3,194	3.17	
WOODBINE	WOODBINE	WBN	2011	9,086	3,276	2.77	
SOUTH CALGARY	SOUTH CALGARY	SOC	1990	3,444	1,696	2.03	
SKYVIEW RANCH	SKYVIEW RANCH	SKR	2015	7,327	2,283	3.21	
SCENIC ACRES	SCENIC ACRES	SCE	1996	7,392	2,203	3.36	
ELBOW PARK	ELBOW PARK	EPK	1978	3,471	1,169	2.97	
SETON	SETON	SET	2005	0	0	0	
CITADEL	CITADEL	CIT	2003	9,403	3,184	2.95	
SOUTHWOOD	SOUTHWOOD	SOW	2008	6,146	2,571	2.39	
SILVERADO	SILVERADO	SVO	1987	0	0	0	
UNIVERSITY HEIGHTS	UNIVERSITY HEIGHTS	UNI	1991	2,941	1,271	2.31	
INGLEWOOD	INGLEWOOD	ING	1975	2,803	1,116	2.51	
MONTEREY PARK	MONTEREY PARK	MOR	2009	10,536	3,053	3.45	
COPPERFIELD	COPPERFIELD	CPF	2005	1,903	742	2.56	
ST. ANDREWS HEIGHTS	ST. ANDREWS HEIGHTS	STA	2011	1,470	565	2.6	
HAWKWOOD	HAWKWOOD	HAW	1999	11,067	3,299	3.35	
PINERIDGE	PINERIDGE	PIN	1981	9,962	3,176	3.14	
SILVERADO	SILVERADO	SVO	1968	0	0	0	
EDGEMONT	EDGEMONT	EDG	1998	15,988	4,827	3.31	
SOUTH CALGARY	SOUTH CALGARY	SOC	1981	3,460	1,623	2.13	
NORTH GLENMORE PARK	NORTH GLENMORE PARK	NGM	2015	2,386	961	2.48	
MONTGOMERY	MONTGOMERY	MON	1999	4,047	1,607	2.52	
MIDNAPORE	MIDNAPORE	MID	1986	7,479	2,402	3.11	
MONTGOMERY	MONTGOMERY	MON	1989	4,054	1,636	2.48	
SADDLE RIDGE	SADDLE RIDGE	SAD	1983	131	35	3.74	
MCKENZIE LAKE	MCKENZIE LAKE	MCK	1987	1,598	512	3.12	
ABBEYDALE	ABBEYDALE	ABB	1973	0	0	0	
TEMPLE	TEMPLE	TEM	1986	11,214	3,254	3.45	
OAKRIDGE	OAKRIDGE	OAK	2014	5,650	2,231	2.53	
UNIVERSITY OF CALGARY	UNIVERSITY OF CALGARY	UOC	1978	1,412	252	5.6	
CASTLERIDGE	CASTLERIDGE	CAS	1997	6,474	1,802	3.59	
DOWNTOWN EAST VILLAGE	DOWNTOWN EAST VILLAGE	DNE	1982	1,128	578	1.95	
HUNTINGTON HILLS	HUNTINGTON HILLS	HUN	2004	13,821	5,264	2.63	
UNIVERSITY HEIGHTS	UNIVERSITY HEIGHTS	UNI	1973	2,692	752	3.58	
KINGSLAND	KINGSLAND	KIN	1980	4,643	2,120	2.19	
HILLHURST	HILLHURST	HIL	1971	5,345	2,116	2.53	
SUNDANCE	SUNDANCE	SDC	2012	10,499	3,362	3.12	
WOODLANDS	WOODLANDS	WOO	1994	6,795	2,255	3.01	
ALBERT PARK/RADISSON HEIGHTS	ALBERT PARK/RADISSON HEIGHTS	ALB	1975	4,102	1,171	3.5	
CAPITOL HILL	CAPITOL HILL	CAP	1971	4,463	1,629	2.74	
WHITEHORN	WHITEHORN	WHI	1977	2,646	777	3.41	
KINGSLAND	KINGSLAND	KIN	1994	4,050	2,103	1.93	
DOWNTOWN WEST END	DOWNTOWN WEST END	DNW	2003	1,232	768	1.6	
RIVERBEND	RIVERBEND	RIV	2000	10,670	3,455	3.09	
COUNTRY HILLS	COUNTRY HILLS	COU	1979	0	0	0	
CEDARBRAE	CEDARBRAE	CED	2005	6,440	2,510	2.57	
MARTINDALE	MARTINDALE	MRT	1991	2,784	870	3.2	
CURRIE BARRACKS	CURRIE BARRACKS	CUR	1990	0			
ELBOYA	ELBOYA	EYA	1985	1,729	735	2.35	
ALBERT PARK/RADISSON HEIGHTS	ALBERT PARK/RADISSON HEIGHTS	ALB	1973	4,346	1,179	3.69	
SHAWNEE SLOPES	SHAWNEE SLOPES	SHS	2003	1,652	611	2.7	
VARSITY	VARSITY	VAR	2017	12,525	5,559	2.25	
WHITEHORN	WHITEHORN	WHI	2003	12,040	3,432	3.51	
MARTINDALE	MARTINDALE	MRT	1995	5,048	1,617	3.12	
SANDSTONE VALLEY	SANDSTONE VALLEY	SAN	2015	6,103	2,090	2.92	
ROXBORO	ROXBORO	ROX	1990	415	160	2.59	
PENBROOKE MEADOWS	PENBROOKE MEADOWS	PEN	2013	8,218	3,008	2.73	
DOUGLASDALE/GLEN	DOUGLASDALE/GLEN	DDG	2011	11,768	3,991	2.95	
THORNCLIFFE	THORNCLIFFE	THO	2012	8,693	3,654	2.38	
MAYFAIR	MAYFAIR	MAF	1974	724	185	3.91	
WHITEHORN	WHITEHORN	WHI	1990	11,903	3,307	3.6	
THORNCLIFFE	THORNCLIFFE	THO	2014	8,838	3,678	2.4	
HOUNSFIELD HEIGHTS/BRIAR HILL	HOUNSFIELD HEIGHTS/BRIAR HILL	HOU	1975	2,897	879	3.3	
TARADALE	TARADALE	TAR	2009	14,515	3,886	3.74	
VALLEY RIDGE	VALLEY RIDGE	VAL	1983	0	0	0	
QUEENSLAND	QUEENSLAND	QLD	2014	4,984	1,880	2.65	
MARLBOROUGH PARK	MARLBOROUGH PARK	MPK	1993	9,262	2,762	3.35	
THORNCLIFFE	THORNCLIFFE	THO	1984	9,872	3,515	2.81	
COUNTRY HILLS VILLAGE	COUNTRY HILLS VILLAGE	CHV	1981	0	0	0	
UNIVERSITY HEIGHTS	UNIVERSITY HEIGHTS	UNI	1980	3,147	1,234	2.55	
PUMP HILL	PUMP HILL	PUM	1990	1,774	603	2.94	
SHERWOOD	SHERWOOD	SHW	1992	0	0	0	
DALHOUSIE	DALHOUSIE	DAL	1994	9,733	3,678	2.65	
CANYON MEADOWS	CANYON MEADOWS	CAN	1999	8,545	3,099	2.76	
FALCONRIDGE	FALCONRIDGE	FAL	2004	10,181	3,161	3.22	
LOWER MOUNT ROYAL	LOWER MOUNT ROYAL	LMR	2015	3,480	2,228	1.56	
DIAMOND COVE	DIAMOND COVE	DIA	1983	0	0	0	
ROCKY RIDGE	ROCKY RIDGE	ROC	1986	0	0	0	
BOWNESS	BOWNESS	BOW	2004	11,283	4,920	2.29	
CASTLERIDGE	CASTLERIDGE	CAS	2015	6,475	1,943	3.33	
SHERWOOD	SHERWOOD	SHW	2010	1,800	498	3.61	
OGDEN	OGDEN	OGD	1997	10,255	3,789	2.71	
KILLARNEY/GLENGARRY	KILLARNEY/GLENGARRY	KIL	1982	5,849	2,517	2.32	
CEDARBRAE	CEDARBRAE	CED	2003	6,531	2,442	2.67	
NOLAN HILL	NOLAN HILL	NOL	2012	0	0	0	
POINT MCKAY	POINT MCKAY	POI	1985	1,459	756	1.93	
QUEENSLAND	QUEENSLAND	QLD	1989	5,907	1,785	3.31	
ACADIA	ACADIA	ACA	1988	11,348	4,616	2.46	
NOLAN HILL	NOLAN HILL	NOL	2008	0	0	0	
CURRIE BARRACKS	CURRIE BARRACKS	CUR	2005	0			
MARTINDALE	MARTINDALE	MRT	2004	11,551	3,443	3.35	
WALDEN	WALDEN	WAL	1972	0	0	0	
APPLEWOOD PARK	APPLEWOOD PARK	APP	2017	6,921	2,225	3.11	
SPRUCE CLIFF	SPRUCE CLIFF	SPR	1987	3,141	1,342	2.34	
BONAVISTA DOWNS	BONAVISTA DOWNS	BDO	2002	1,044	368	2.84	
MANCHESTER	MANCHESTER	MAN	1982	163	67	2.43	
EAGLE RIDGE	EAGLE RIDGE	EAG	1993	519	109	4.76	
NORTH GLENMORE PARK	NORTH GLENMORE PARK	NGM	1988	2,653	974	2.72	
SCARBORO	SCARBORO	SCA	2005	884	325	2.72	
CAMBRIAN HEIGHTS	CAMBRIAN HEIGHTS	CAM	1996	2,066	875	2.36	
PATTERSON	PATTERSON	PAT	1973	125	36	3.47	
SUNDANCE	SUNDANCE	SDC	2014	10,364	3,367	3.08	
CITADEL	CITADEL	CIT	2011	10,171	3,431	2.96	
MAYFAIR	MAYFAIR	MAF	1973	744	184	4.04	
CLIFF BUNGALOW	CLIFF BUNGALOW	CLI	2007	1,845	1,203	1.53	
CRANSTON	CRANSTON	CRA	1979	0	0	0	
MOUNT PLEASANT	MOUNT PLEASANT	MOP	1981	4,743	2,173	2.18	
BRAESIDE	BRAESIDE	BRA	1988	7,061	2,461	2.87	
NOLAN HILL	NOLAN HILL	NOL	1978	0	0	0	
UNIVERSITY OF CALGARY	UNIVERSITY OF CALGARY	UOC	1980	1,389	251	5.53	
SHAWNEE SLOPES	SHAWNEE SLOPES	SHS	1973	39	14	2.79	
BEDDINGTON HEIGHTS	BEDDINGTON HEIGHTS	BED	2005	11,923	4,144	2.88	
CHINATOWN	CHINATOWN	CHN	1999	1,283	741	1.73	
GREENVIEW	GREENVIEW	GRV	1981	1,738	643	2.7	
MISSION	MISSION	MIS	1986	3,473	2,364	1.47	
COACH HILL	COACH HILL	COA	2006	3,308	1,452	2.28	
CORAL SPRINGS	CORAL SPRINGS	COR	1996	1,766	440	4.01	
DIAMOND COVE	DIAMOND COVE	DIA	1995	735	235	3.13	
MACEWAN GLEN	MACEWAN GLEN	MAC	1994	5,176	1,640	3.16	
ABBEYDALE	ABBEYDALE	ABB	1995	6,632	1,915	3.46	
PARKHILL	PARKHILL	PKH	2000	1,506	735	2.05	
PANORAMA HILLS	PANORAMA HILLS	PAN	1992	23	9	2.56	
COUNTRY HILLS VILLAGE	COUNTRY HILLS VILLAGE	CHV	2006	1,269	729	1.74	
HAYSBORO	HAYSBORO	HAY	1999	6,085	2,723	2	
VALLEY RIDGE	VALLEY RIDGE	VAL	1997	1,251	427	2.93	
WEST SPRINGS	WEST SPRINGS	WSP	1971	0	0	0	
WILDWOOD	WILDWOOD	WLD	1975	3,635	1,045	3.48	
REDSTONE	REDSTONE	RSN	2001	0	0	0	
MILLRISE	MILLRISE	MLR	2015	7,041	2,600	2.71	
SILVER SPRINGS	SILVER SPRINGS	SIL	1980	10,043	3,151	3.19	
RUNDLE	RUNDLE	RUN	1968	0	0	0	
LEGACY	LEGACY	LEG	1997	0	0	0	
MANCHESTER	MANCHESTER	MAN	1985	286	166	1.72	
PALLISER	PALLISER	PAL	1996	3,259	1,563	2.09	
ERIN WOODS	ERIN WOODS	ERI	2003	7,059	2,224	3.17	
FOREST LAWN	FOREST LAWN	FLN	1969	7,838	1,880	4.17	
DOUGLASDALE/GLEN	DOUGLASDALE/GLEN	DDG	1993	3,803	1,259	3.02	
GLENDALE	GLENDALE	GDL	1993	2,807	1,086	2.58	
MAYLAND HEIGHTS	MAYLAND HEIGHTS	MAL	1983	6,206	2,196	2.83	
APPLEWOOD PARK	APPLEWOOD PARK	APP	1971	0	0	0	
GARRISON WOODS	GARRISON WOODS	GAW	1980	0	0	0	
LINCOLN PARK	LINCOLN PARK	LPK	2008	2,682	1,379	1.94	
SILVERADO	SILVERADO	SVO	1982	0	0	0	
MILLRISE	MILLRISE	MLR	1990	3,334	1,070	3.12	
CHINOOK PARK	CHINOOK PARK	CHK	1997	1,764	582	3.03	
CHAPARRAL	CHAPARRAL	CHA	1983	0	0	0	
MARLBOROUGH PARK	MARLBOROUGH PARK	MPK	2002	8,967	2,885	3.11	
ACADIA	ACADIA	ACA	1979	11,957	3,774	3.17	
DOVER	DOVER	DOV	2015	10,970	4,678	2.35	
PARKHILL	PARKHILL	PKH	2011	1,623	781	2.08	
CITADEL	CITADEL	CIT	1984	0	0	0	
COPPERFIELD	COPPERFIELD	CPF	1969	0	0	0	
TARADALE	TARADALE	TAR	2015	19,223	4,859	3.96	
SOUTHWOOD	SOUTHWOOD	SOW	2009	6,123	2,552	2.4	
WALDEN	WALDEN	WAL	1969	0	0	0	
WINSTON HEIGHTS/MOUNTVIEW	WINSTON HEIGHTS/MOUNTVIEW	WIN	2010	3,661	1,686	2.17	
DALHOUSIE	DALHOUSIE	DAL	1981	10,695	3,469	3.08	
RUTLAND PARK	RUTLAND PARK	RUT	2016	2,328	945	2.46	
ASPEN WOODS	ASPEN WOODS	ASP	2004	274	86	3.19	
BANKVIEW	BANKVIEW	BNK	2002	5,259	3,226	1.63	
CHINOOK PARK	CHINOOK PARK	CHK	2005	1,677	569	2.95	
INGLEWOOD	INGLEWOOD	ING	1971	3,400	1,209	2.81	
MONTGOMERY	MONTGOMERY	MON	2005	3,807	1,576	2.42	
PATTERSON	PATTERSON	PAT	1985	481	233	2.06	
SUNDANCE	SUNDANCE	SDC	2005	11,362	3,357	3.38	
SAGE HILL	SAGE HILL	SGH	1970	0	0	0	
ROXBORO	ROXBORO	ROX	2015	402	142	2.83	
BELVEDERE	BELVEDERE	BVD	1992	0	0	0	
MEADOWLARK PARK	MEADOWLARK PARK	MEA	1989	693	293	2.37	
WINDSOR PARK	WINDSOR PARK	WND	1986	3,552	2,040	1.74	
CASTLERIDGE	CASTLERIDGE	CAS	2017	6,181	1,853	3.34	
MACEWAN GLEN	MACEWAN GLEN	MAC	1986	1,806	595	3.04	
CRESTMONT	CRESTMONT	CRM	1978	0	0	0	
PATTERSON	PATTERSON	PAT	1976	124	37	3.35	
SILVERADO	SILVERADO	SVO	1983	0	0	0	
OAKRIDGE	OAKRIDGE	OAK	1982	7,223	2,118	3.41	
MAHOGANY	MAHOGANY	MAH	1979	0	0	0	
COUNTRY HILLS VILLAGE	COUNTRY HILLS VILLAGE	CHV	1993	0	0	0	
SUNALTA	SUNALTA	SNA	1971	3,059	1,271	2.41	
RIDEAU PARK	RIDEAU PARK	RID	1973	626	317	1.97	
EAU CLAIRE	EAU CLAIRE	EAU	2000	1,424	852	1.67	
PENBROOKE MEADOWS	PENBROOKE MEADOWS	PEN	2005	8,357	2,819	2.96	
SCENIC ACRES	SCENIC ACRES	SCE	2006	9,368	2,904	3.23	
BOWNESS	BOWNESS	BOW	1998	12,202	4,949	2.47	
BELTLINE	BELTLINE	BLN	1996	16,820	10,020	1.68	Combined communities of CONNAUGHT (CON) and VICTORIA PARK (VIC)
SHAGANAPPI	SHAGANAPPI	SHG	2011	1,459	683	2.14	
MISSION	MISSION	MIS	1985	3,373	2,255	1.5	
WINDSOR PARK	WINDSOR PARK	WND	1979	3,004	1,518	1.98	
TUXEDO PARK	TUXEDO PARK	TUX	1975	4,099	1,796	2.28	
TEMPLE	TEMPLE	TEM	2002	11,853	3,475	3.41	
PANORAMA HILLS	PANORAMA HILLS	PAN	1975	0	0	0	
ROYAL OAK	ROYAL OAK	ROY	1971	0	0	0	
HAMPTONS	HAMPTONS	HAM	1991	271	77	3.52	
SADDLE RIDGE	SADDLE RIDGE	SAD	2011	13,388	3,370	3.97	
SUNALTA	SUNALTA	SNA	1977	2,957	1,485	1.99	
MAYFAIR	MAYFAIR	MAF	1997	554	183	3.03	
SUNNYSIDE	SUNNYSIDE	SSD	1968	3,219	1,226	2.63	
POINT MCKAY	POINT MCKAY	POI	1970	0	0	0	
SANDSTONE VALLEY	SANDSTONE VALLEY	SAN	1989	2,977	917	3.25	
COUGAR RIDGE	COUGAR RIDGE	CGR	1971	0	0	0	
EVANSTON	EVANSTON	EVN	1990	22	7	3.14	
WEST SPRINGS	WEST SPRINGS	WSP	1987	0	0	0	
BAYVIEW	BAYVIEW	BYV	2014	669	243	2.75	
COUNTRY HILLS VILLAGE	COUNTRY HILLS VILLAGE	CHV	1983	0	0	0	
CRANSTON	CRANSTON	CRA	1987	11	3	3.67	
RANCHLANDS	RANCHLANDS	RAN	2009	7,654	2,885	2.65	
AUBURN BAY	AUBURN BAY	AUB	2007	1,075	366	2.94	
RUTLAND PARK	RUTLAND PARK	RUT	1996	2,471	946	2.61	
TARADALE	TARADALE	TAR	1976	0	0	0	
LEGACY	LEGACY	LEG	1972	0	0	0	
SCENIC ACRES	SCENIC ACRES	SCE	1976	0	0	0	
BEDDINGTON HEIGHTS	BEDDINGTON HEIGHTS	BED	1983	11,776	3,747	3.14	
CORAL SPRINGS	CORAL SPRINGS	COR	1988	0	0	0	
ACADIA	ACADIA	ACA	2013	11,007	4,879	2.26	
REDSTONE	REDSTONE	RSN	2004	0	0	0	
SILVERADO	SILVERADO	SVO	2011	4,337	1,504	2.88	
HILLHURST	HILLHURST	HIL	2017	6,648	2,711	2.45	
MACEWAN GLEN	MACEWAN GLEN	MAC	2014	5,053	1,774	2.85	
RANCHLANDS	RANCHLANDS	RAN	1983	7,981	2,662	3	
WALDEN	WALDEN	WAL	1979	0	0	0	
MARLBOROUGH PARK	MARLBOROUGH PARK	MPK	1975	3,714	1,094	3.39	
HOUNSFIELD HEIGHTS/BRIAR HILL	HOUNSFIELD HEIGHTS/BRIAR HILL	HOU	2014	2,921	1,018	2.87	
PARKLAND	PARKLAND	PKL	1970	0	0	0	
WILLOW PARK	WILLOW PARK	WIL	2013	5,385	2,240	2.4	
DIAMOND COVE	DIAMOND COVE	DIA	1980	0	0	0	
CHINATOWN	CHINATOWN	CHN	1989	1,302	727	1.79	
FOREST LAWN	FOREST LAWN	FLN	1968	7,656	1,806	4.24	
RAMSAY	RAMSAY	RAM	1988	2,155	1,019	2.11	
PUMP HILL	PUMP HILL	PUM	2000	1,917	555	3.45	
DEER RUN	DEER RUN	DRN	1973	0	0	0	
INGLEWOOD	INGLEWOOD	ING	1985	2,480	1,160	2.14	
SAGE HILL	SAGE HILL	SGH	2003	77	25	3.08	
SIGNAL HILL	SIGNAL HILL	SIG	2000	11,118	4,120	2.7	
WILLOW PARK	WILLOW PARK	WIL	2010	5,306	2,232	2.38	
SANDSTONE VALLEY	SANDSTONE VALLEY	SAN	1999	6,857	2,070	3.31	
ROYAL OAK	ROYAL OAK	ROY	1995	60	25	2.4	
ASPEN WOODS	ASPEN WOODS	ASP	2011	4,520	1,537	2.94	
GARRISON WOODS	GARRISON WOODS	GAW	1972	0	0	0	
BRENTWOOD	BRENTWOOD	BRE	1969	9,086	2,088	4.35	
RIVERBEND	RIVERBEND	RIV	1969	81	22	3.68	
MCKENZIE TOWNE	MCKENZIE TOWNE	MCT	1987	0	0	0	
SANDSTONE VALLEY	SANDSTONE VALLEY	SAN	1993	6,171	1,815	3.4	
DOWNTOWN COMMERCIAL CORE	DOWNTOWN COMMERCIAL CORE	DNC	2016	8,758	4,883	1.79	
ROYAL OAK	ROYAL OAK	ROY	1991	73	25	2.92	
DOWNTOWN WEST END	DOWNTOWN WEST END	DNW	2006	2,681	1,597	1.68	
HUNTINGTON HILLS	HUNTINGTON HILLS	HUN	1975	14,305	3,949	3.62	
MOUNT PLEASANT	MOUNT PLEASANT	MOP	2009	4,762	2,257	2.11	
WOODBINE	WOODBINE	WBN	1968	56	16	3.5	
RUTLAND PARK	RUTLAND PARK	RUT	2009	2,301	962	2.39	
EAU CLAIRE	EAU CLAIRE	EAU	1968	971	371	2.62	
CHINATOWN	CHINATOWN	CHN	1972	773	313	2.47	
HUNTINGTON HILLS	HUNTINGTON HILLS	HUN	1999	14,519	5,161	2.81	
HIGHWOOD	HIGHWOOD	HIW	1989	2,065	869	2.38	
GARRISON WOODS	GARRISON WOODS	GAW	1986	0	0	0	
BANKVIEW	BANKVIEW	BNK	1978	4,777	2,493	1.92	
BRENTWOOD	BRENTWOOD	BRE	2009	6,066	2,469	2.46	
CHAPARRAL	CHAPARRAL	CHA	2004	6,502	2,081	3.12	
CAMBRIAN HEIGHTS	CAMBRIAN HEIGHTS	CAM	1979	2,654	879	3.02	
SUNNYSIDE	SUNNYSIDE	SSD	2015	3,852	2,270	1.7	
MIDNAPORE	MIDNAPORE	MID	1988	7,570	2,450	3.09	
SUNALTA	SUNALTA	SNA	1981	3,067	1,662	1.85	
PARKLAND	PARKLAND	PKL	1974	14	4	3.5	
SILVERADO	SILVERADO	SVO	2007	137	52	2.63	
CITYSCAPE	CITYSCAPE	CSC	1988	0	0	0	
OGDEN	OGDEN	OGD	1976	8,124	2,450	3.32	
SKYVIEW RANCH	SKYVIEW RANCH	SKR	2013	4,519	1,458	3.1	
DIAMOND COVE	DIAMOND COVE	DIA	2003	839	270	3.11	
EDGEMONT	EDGEMONT	EDG	1973	0	0	0	
FOREST HEIGHTS	FOREST HEIGHTS	FHT	1994	6,763	1,992	3.4	
DIAMOND COVE	DIAMOND COVE	DIA	1974	0	0	0	
KINCORA	KINCORA	KCA	2008	2,900	935	3.1	
MANCHESTER	MANCHESTER	MAN	1972	623	212	2.94	
AUBURN BAY	AUBURN BAY	AUB	1988	0	0	0	
BEL-AIRE	BEL-AIRE	BEL	2015	402	144	2.79	
UNIVERSITY DISTRICT	UNIVERSITY DISTRICT	UND	2004	0	0	0	
MAPLE RIDGE	MAPLE RIDGE	MPL	1987	2,531	805	3.14	
ROSSCARROCK	ROSSCARROCK	RCK	1970	3,858	1,171	3.29	
ARBOUR LAKE	ARBOUR LAKE	ARB	1999	6,193	2,225	2.78	
ARBOUR LAKE	ARBOUR LAKE	ARB	2001	8,112	2,854	2.84	
BOWNESS	BOWNESS	BOW	1987	12,399	4,798	2.58	
SCARBORO	SCARBORO	SCA	1997	894	339	2.64	
VARSITY	VARSITY	VAR	1987	12,756	4,915	2.6	
BANFF TRAIL	BANFF TRAIL	BNF	2017	4,092	1,711	2.39	
SPRINGBANK HILL	SPRINGBANK HILL	SPH	1972	0	0	0	
TUXEDO PARK	TUXEDO PARK	TUX	2000	4,534	2,279	1.99	
DOUGLASDALE/GLEN	DOUGLASDALE/GLEN	DDG	1968	0	0	0	
CHINATOWN	CHINATOWN	CHN	1995	1,336	747	1.79	
REDSTONE	REDSTONE	RSN	1991	0	0	0	
SCENIC ACRES	SCENIC ACRES	SCE	2007	9,257	2,895	3.2	
EAGLE RIDGE	EAGLE RIDGE	EAG	1984	500	100	5	
ELBOW PARK	ELBOW PARK	EPK	1998	3,471	1,176	2.95	
EAGLE RIDGE	EAGLE RIDGE	EAG	1989	519	109	4.76	
PALLISER	PALLISER	PAL	1977	2,547	867	2.94	
SHAWNESSY	SHAWNESSY	SHN	2012	9,385	3,253	2.89	
CITYSCAPE	CITYSCAPE	CSC	1985	0	0	0	
TUSCANY	TUSCANY	TUS	2009	18,272	6,228	2.93	
KELVIN GROVE	KELVIN GROVE	KEL	2010	2,283	865	2.64	
PALLISER	PALLISER	PAL	1972	2,367	700	3.38	
WHITEHORN	WHITEHORN	WHI	2005	11,585	3,402	3.41	
OAKRIDGE	OAKRIDGE	OAK	1991	7,039	2,251	3.13	
MONTEREY PARK	MONTEREY PARK	MOR	1973	0	0	0	
BRAESIDE	BRAESIDE	BRA	2009	6,012	2,480	2.42	
CLIFF BUNGALOW	CLIFF BUNGALOW	CLI	1981	2,174	1,199	1.81	
VISTA HEIGHTS	VISTA HEIGHTS	VIS	1994	2,441	740	3.3	
RUTLAND PARK	RUTLAND PARK	RUT	1979	2,939	879	3.34	
LAKEVIEW	LAKEVIEW	LKV	1977	7,690	2,167	3.55	
COACH HILL	COACH HILL	COA	1983	2,364	909	2.6	
BRAESIDE	BRAESIDE	BRA	1996	6,786	2,504	2.71	
HILLHURST	HILLHURST	HIL	1989	4,603	2,400	1.92	
SILVERADO	SILVERADO	SVO	1970	0	0	0	
DOVER	DOVER	DOV	1998	11,418	4,056	2.82	
SETON	SETON	SET	1985	0	0	0	
GLENBROOK	GLENBROOK	GBK	1985	7,285	2,764	2.64	
SIGNAL HILL	SIGNAL HILL	SIG	2017	13,533	5,153	2.63	
RUTLAND PARK	RUTLAND PARK	RUT	1982	2,738	884	3.1	
LAKE BONAVISTA	LAKE BONAVISTA	LKB	1991	11,478	3,366	3.41	
HOUNSFIELD HEIGHTS/BRIAR HILL	HOUNSFIELD HEIGHTS/BRIAR HILL	HOU	1984	2,765	937	2.95	
VISTA HEIGHTS	VISTA HEIGHTS	VIS	1995	2,357	734	3.21	
BRENTWOOD	BRENTWOOD	BRE	1976	8,383	2,216	3.78	
MEADOWLARK PARK	MEADOWLARK PARK	MEA	2013	626	261	2.4	
LEGACY	LEGACY	LEG	1977	0	0	0	
SOUTH CALGARY	SOUTH CALGARY	SOC	1975	3,485	1,503	2.32	
ALBERT PARK/RADISSON HEIGHTS	ALBERT PARK/RADISSON HEIGHTS	ALB	2007	6,353	2,510	2.53	
RIDEAU PARK	RIDEAU PARK	RID	1986	639	329	1.94	
SHERWOOD	SHERWOOD	SHW	1998	0	0	0	
NORTH HAVEN UPPER	NORTH HAVEN UPPER	NHU	1986	821	245	3.35	
HAWKWOOD	HAWKWOOD	HAW	2012	9,831	3,301	2.98	
RIVERBEND	RIVERBEND	RIV	2001	10,630	3,445	3.09	
COUGAR RIDGE	COUGAR RIDGE	CGR	2010	5,656	1,860	3.04	
DOWNTOWN WEST END	DOWNTOWN WEST END	DNW	1978	395	247	1.6	
ERIN WOODS	ERIN WOODS	ERI	1972	1	1	1	
CAPITOL HILL	CAPITOL HILL	CAP	2006	4,044	2,053	1.97	
COUNTRY HILLS	COUNTRY HILLS	COU	2001	3,430	1,282	2.68	
SUNDANCE	SUNDANCE	SDC	1998	11,780	3,249	3.63	
GARRISON GREEN	GARRISON GREEN	GAG	2005	195	61	3.2	At this time community was referred to as CFB - LINCOLN PARK PMQ (CFL)
CHINOOK PARK	CHINOOK PARK	CHK	1975	2,190	580	3.78	
SETON	SETON	SET	1998	0	0	0	
MARTINDALE	MARTINDALE	MRT	1974	0	0	0	
FAIRVIEW	FAIRVIEW	FAI	1995	3,733	1,522	2.45	
CORAL SPRINGS	CORAL SPRINGS	COR	1995	1,407	357	3.94	
POINT MCKAY	POINT MCKAY	POI	2001	1,348	817	1.65	
MIDNAPORE	MIDNAPORE	MID	2012	6,861	2,667	2.57	
EDGEMONT	EDGEMONT	EDG	1969	0	0	0	
PATTERSON	PATTERSON	PAT	2017	4,128	1,874	2.2	
SPRUCE CLIFF	SPRUCE CLIFF	SPR	1996	2,939	1,274	2.31	
CRESCENT HEIGHTS	CRESCENT HEIGHTS	CRE	1997	5,676	3,303	1.72	
SANDSTONE VALLEY	SANDSTONE VALLEY	SAN	2008	6,474	2,079	3.11	
PUMP HILL	PUMP HILL	PUM	1980	1,157	304	3.81	
SAGE HILL	SAGE HILL	SGH	1981	0	0	0	
CEDARBRAE	CEDARBRAE	CED	2010	6,212	2,532	2.45	
ALTADORE	ALTADORE	ALT	1971	6,632	2,076	3.19	
WEST SPRINGS	WEST SPRINGS	WSP	1968	0	0	0	
SHAWNESSY	SHAWNESSY	SHN	1997	8,027	2,494	3.22	
FOREST HEIGHTS	FOREST HEIGHTS	FHT	1977	5,411	1,402	3.86	
SANDSTONE VALLEY	SANDSTONE VALLEY	SAN	1969	0	0	0	
BOWNESS	BOWNESS	BOW	1984	11,981	4,459	2.69	
WALDEN	WALDEN	WAL	1971	0	0	0	
PUMP HILL	PUMP HILL	PUM	1992	1,897	650	2.92	
BEL-AIRE	BEL-AIRE	BEL	1972	567	133	4.26	
GARRISON GREEN	GARRISON GREEN	GAG	1973	916	225	4.07	
SIGNAL HILL	SIGNAL HILL	SIG	1981	46	11	4.18	
SHAWNESSY	SHAWNESSY	SHN	1991	5,500	1,758	3.13	
VARSITY	VARSITY	VAR	1991	12,897	5,131	2.51	
POINT MCKAY	POINT MCKAY	POI	1983	1,397	691	2.02	
UNIVERSITY OF CALGARY	UNIVERSITY OF CALGARY	UOC	1970	773	5	154.6	
RAMSAY	RAMSAY	RAM	1971	2,825	997	2.83	
SKYVIEW RANCH	SKYVIEW RANCH	SKR	2005	0	0	0	
CORNERSTONE	CORNERSTONE	CNS	1970	0	0	0	
FAIRVIEW	FAIRVIEW	FAI	1981	4,667	1,546	3.02	
LAKEVIEW	LAKEVIEW	LKV	2016	5,457	2,278	2.4	
QUEENS PARK VILLAGE	QUEENS PARK VILLAGE	QPK	1984	0	0	0	
WILLOW PARK	WILLOW PARK	WIL	1999	5,674	2,233	2.54	
SOUTHVIEW	SOUTHVIEW	SOV	1976	2,888	815	3.54	
CEDARBRAE	CEDARBRAE	CED	1985	6,075	1,968	3.09	
CAMBRIAN HEIGHTS	CAMBRIAN HEIGHTS	CAM	1994	2,134	886	2.41	
DISCOVERY RIDGE	DISCOVERY RIDGE	DIS	1994	0	0	0	
NOLAN HILL	NOLAN HILL	NOL	1993	0	0	0	
EVERGREEN	EVERGREEN	EVE	1980	35	14	2.5	
UNIVERSITY OF CALGARY	UNIVERSITY OF CALGARY	UOC	2005	2,121	626	3.39	
HIDDEN VALLEY	HIDDEN VALLEY	HID	1983	0	0	0	
LINCOLN PARK	LINCOLN PARK	LPK	2000	1,438	698	2.06	
DEER RIDGE	DEER RIDGE	DRG	1974	0	0	0	
ROCKY RIDGE	ROCKY RIDGE	ROC	2012	7,662	2,851	2.69	
PARKDALE	PARKDALE	PKD	1970	2,497	741	3.37	
HAYSBORO	HAYSBORO	HAY	2011	6,724	3,330	2	
HIGHWOOD	HIGHWOOD	HIW	1970	3,351	847	3.96	
HIGHLAND PARK	HIGHLAND PARK	HPK	1968	4,773	1,505	3.17	
FOREST LAWN	FOREST LAWN	FLN	1983	8,534	2,898	2.94	
KILLARNEY/GLENGARRY	KILLARNEY/GLENGARRY	KIL	1990	5,954	2,828	2.11	
LINCOLN PARK	LINCOLN PARK	LPK	1973	36	7	5.14	
MISSION	MISSION	MIS	1995	3,325	2,391	1.39	
UNIVERSITY OF CALGARY	UNIVERSITY OF CALGARY	UOC	1998	1,931	686	2.81	
LEGACY	LEGACY	LEG	2016	2,359	834	2.83	
EVERGREEN	EVERGREEN	EVE	2008	17,023	5,941	2.87	
MILLRISE	MILLRISE	MLR	2010	6,623	2,371	2.79	
HILLHURST	HILLHURST	HIL	1993	4,809	2,486	1.93	
MEADOWLARK PARK	MEADOWLARK PARK	MEA	1984	778	290	2.68	
BAYVIEW	BAYVIEW	BYV	2005	656	238	2.76	
CLIFF BUNGALOW	CLIFF BUNGALOW	CLI	1975	1,953	1,151	1.7	
PARKHILL	PARKHILL	PKH	1984	1,113	520	2.14	
UPPER MOUNT ROYAL	UPPER MOUNT ROYAL	UMR	1972	2,990	981	3.05	
GLENBROOK	GLENBROOK	GBK	1988	7,382	2,855	2.59	
UNIVERSITY HEIGHTS	UNIVERSITY HEIGHTS	UNI	1992	2,952	1,287	2.29	
MCKENZIE TOWNE	MCKENZIE TOWNE	MCT	2015	18,029	6,970	2.59	
PUMP HILL	PUMP HILL	PUM	2013	1,704	547	3.12	
NOLAN HILL	NOLAN HILL	NOL	2017	5,312	1,716	3.1	
SADDLE RIDGE	SADDLE RIDGE	SAD	1994	125	40	3.13	
MEADOWLARK PARK	MEADOWLARK PARK	MEA	1977	898	293	3.06	
WESTGATE	WESTGATE	WGT	1974	3,714	975	3.81	
DOWNTOWN COMMERCIAL CORE	DOWNTOWN COMMERCIAL CORE	DNC	2003	6,879	4,369	1.57	
HIGHLAND PARK	HIGHLAND PARK	HPK	1973	4,313	1,586	2.72	
NEW BRIGHTON	NEW BRIGHTON	NEB	2002	0	0	0	
HARVEST HILLS	HARVEST HILLS	HAR	1986	0	0	0	
CORNERSTONE	CORNERSTONE	CNS	1982	0	0	0	
CAMBRIAN HEIGHTS	CAMBRIAN HEIGHTS	CAM	2004	2,008	871	2.31	
BAYVIEW	BAYVIEW	BYV	1991	709	236	3	
UNIVERSITY HEIGHTS	UNIVERSITY HEIGHTS	UNI	1985	2,863	1,202	2.38	
ST. ANDREWS HEIGHTS	ST. ANDREWS HEIGHTS	STA	1984	2,066	680	3.04	
RICHMOND	RICHMOND	RIC	1995	3,878	1,856	2.09	
ALBERT PARK/RADISSON HEIGHTS	ALBERT PARK/RADISSON HEIGHTS	ALB	2014	6,529	2,536	2.57	
LAKE BONAVISTA	LAKE BONAVISTA	LKB	2001	10,350	3,300	3.14	
RIVERBEND	RIVERBEND	RIV	2003	10,679	3,444	3.1	
TEMPLE	TEMPLE	TEM	1984	11,114	3,247	3.42	
STRATHCONA PARK	STRATHCONA PARK	STR	2016	7,083	2,416	2.93	
ARBOUR LAKE	ARBOUR LAKE	ARB	1985	0	0	0	
RED CARPET	RED CARPET	RED	2011	1,630	875	1.86	
POINT MCKAY	POINT MCKAY	POI	1989	1,366	742	1.84	
COUNTRY HILLS	COUNTRY HILLS	COU	1974	0	0	0	
ROSEDALE	ROSEDALE	RDL	1986	1,560	662	2.36	
BRIDGELAND/RIVERSIDE	BRIDGELAND/RIVERSIDE	BRD	1988	4,684	2,379	1.97	
NORTH GLENMORE PARK	NORTH GLENMORE PARK	NGM	1999	2,524	980	2.58	
HAMPTONS	HAMPTONS	HAM	2013	7,866	2,443	3.22	
ROSEDALE	ROSEDALE	RDL	1983	1,528	665	2.3	
WILDWOOD	WILDWOOD	WLD	2010	2,612	1,026	2.55	
MAYLAND HEIGHTS	MAYLAND HEIGHTS	MAL	1982	6,293	2,105	2.99	
KILLARNEY/GLENGARRY	KILLARNEY/GLENGARRY	KIL	1973	6,851	2,439	2.81	
POINT MCKAY	POINT MCKAY	POI	1974	0	0	0	
BEL-AIRE	BEL-AIRE	BEL	1984	480	143	3.36	
INGLEWOOD	INGLEWOOD	ING	1999	2,851	1,396	2.04	
ROSEDALE	ROSEDALE	RDL	1987	1,570	665	2.36	
BOWNESS	BOWNESS	BOW	2002	11,873	5,010	2.37	
NOLAN HILL	NOLAN HILL	NOL	1997	0	0	0	
HAWKWOOD	HAWKWOOD	HAW	2007	10,430	3,298	3.16	
RIVERBEND	RIVERBEND	RIV	1983	617	220	2.8	
WEST SPRINGS	WEST SPRINGS	WSP	1980	0	0	0	
MANCHESTER	MANCHESTER	MAN	2005	266	140	1.9	
RED CARPET	RED CARPET	RED	1988	1,206	452	2.67	
RUNDLE	RUNDLE	RUN	1978	7,843	2,249	3.49	
DISCOVERY RIDGE	DISCOVERY RIDGE	DIS	1989	0	0	0	
KELVIN GROVE	KELVIN GROVE	KEL	2003	2,249	885	2.54	
PENBROOKE MEADOWS	PENBROOKE MEADOWS	PEN	1984	9,247	2,617	3.53	
CAPITOL HILL	CAPITOL HILL	CAP	1986	3,618	1,843	1.96	
ROSEDALE	ROSEDALE	RDL	1973	1,686	669	2.52	
SOUTH CALGARY	SOUTH CALGARY	SOC	1977	3,417	1,521	2.25	
UNIVERSITY OF CALGARY	UNIVERSITY OF CALGARY	UOC	1982	1,415	249	5.68	
THORNCLIFFE	THORNCLIFFE	THO	1973	10,315	2,775	3.72	
PATTERSON	PATTERSON	PAT	1971	132	34	3.88	
CEDARBRAE	CEDARBRAE	CED	1996	6,736	2,322	2.9	
STRATHCONA PARK	STRATHCONA PARK	STR	1980	308	110	2.8	
MOUNT PLEASANT	MOUNT PLEASANT	MOP	1996	4,503	2,194	2.05	
SPRINGBANK HILL	SPRINGBANK HILL	SPH	2014	9,640	3,180	3.03	
PENBROOKE MEADOWS	PENBROOKE MEADOWS	PEN	1971	926	206	4.5	
SHAWNEE SLOPES	SHAWNEE SLOPES	SHS	1993	1,442	466	3.09	
MILLRISE	MILLRISE	MLR	1978	37	14	2.64	
KELVIN GROVE	KELVIN GROVE	KEL	1974	2,377	687	3.46	
MAHOGANY	MAHOGANY	MAH	1968	0	0	0	
SAGE HILL	SAGE HILL	SGH	1978	0	0	0	
ELBOW PARK	ELBOW PARK	EPK	2011	3,408	1,120	3.04	
DOWNTOWN EAST VILLAGE	DOWNTOWN EAST VILLAGE	DNE	1995	969	644	1.5	
MILLRISE	MILLRISE	MLR	2017	6,990	2,590	2.7	
MAYFAIR	MAYFAIR	MAF	1976	695	187	3.72	
LOWER MOUNT ROYAL	LOWER MOUNT ROYAL	LMR	2003	3,203	2,126	1.51	
ROSEMONT	ROSEMONT	RMT	2005	1,295	526	2.46	
MONTEREY PARK	MONTEREY PARK	MOR	1998	8,698	2,527	3.44	
SHAWNESSY	SHAWNESSY	SHN	2015	9,546	3,285	2.91	
WESTGATE	WESTGATE	WGT	1988	3,535	1,319	2.68	
AUBURN BAY	AUBURN BAY	AUB	1996	0	0	0	
WALDEN	WALDEN	WAL	2017	4,669	1,546	3.02	
SKYVIEW RANCH	SKYVIEW RANCH	SKR	1998	0	0	0	
CORNERSTONE	CORNERSTONE	CNS	1980	0	0	0	
BELTLINE	BELTLINE	BLN	1974	13,896	8,213	1.69	Combined communities of CONNAUGHT (CON) and VICTORIA PARK (VIC)
BANFF TRAIL	BANFF TRAIL	BNF	2004	3,526	1,628	2.17	
DEER RIDGE	DEER RIDGE	DRG	1988	4,256	1,291	3.3	
DOWNTOWN WEST END	DOWNTOWN WEST END	DNW	1989	438	285	1.54	
RIVERBEND	RIVERBEND	RIV	1980	142	50	2.84	
WALDEN	WALDEN	WAL	1980	0	0	0	
MCKENZIE TOWNE	MCKENZIE TOWNE	MCT	1979	0	0	0	
DOWNTOWN WEST END	DOWNTOWN WEST END	DNW	1980	333	228	1.46	
TUSCANY	TUSCANY	TUS	2007	16,119	5,716	2.82	
SHAWNEE SLOPES	SHAWNEE SLOPES	SHS	2007	1,616	617	2.62	
BELTLINE	BELTLINE	BLN	1978	11,096	6,965	1.59	Combined communities of CONNAUGHT (CON) and VICTORIA PARK (VIC)
CITADEL	CITADEL	CIT	1991	0	0	0	
PINERIDGE	PINERIDGE	PIN	1985	9,683	3,101	3.12	
KINGSLAND	KINGSLAND	KIN	2010	4,334	2,163	2	
SILVER SPRINGS	SILVER SPRINGS	SIL	1994	10,312	3,387	3.04	
GREENVIEW	GREENVIEW	GRV	1991	2,230	994	2.24	
ROSEMONT	ROSEMONT	RMT	2017	1,234	517	2.39	
OGDEN	OGDEN	OGD	2007	8,732	3,629	2.41	
PARKHILL	PARKHILL	PKH	1989	1,364	692	1.97	
BRIDGELAND/RIVERSIDE	BRIDGELAND/RIVERSIDE	BRD	1992	4,598	2,391	1.92	
RENFREW	RENFREW	REN	2011	5,669	2,890	1.96	
CORNERSTONE	CORNERSTONE	CNS	1971	0	0	0	
CITADEL	CITADEL	CIT	1987	0	0	0	
MONTGOMERY	MONTGOMERY	MON	1972	4,917	1,350	3.64	
MONTEREY PARK	MONTEREY PARK	MOR	1996	6,915	2,012	3.44	
KINCORA	KINCORA	KCA	1977	0	0	0	
CEDARBRAE	CEDARBRAE	CED	1971	71	18	3.94	
PARKHILL	PARKHILL	PKH	2008	1,559	773	2.02	
ERLTON	ERLTON	ERL	2011	1,231	692	1.78	
CAPITOL HILL	CAPITOL HILL	CAP	1991	3,740	1,923	1.94	
ERLTON	ERLTON	ERL	2004	1,230	684	1.8	
MOUNT PLEASANT	MOUNT PLEASANT	MOP	1998	4,741	2,264	2.09	
CHINOOK PARK	CHINOOK PARK	CHK	1983	1,824	541	3.37	
VISTA HEIGHTS	VISTA HEIGHTS	VIS	1992	2,447	752	3.25	
SCENIC ACRES	SCENIC ACRES	SCE	2014	8,595	2,898	2.97	
QUEENSLAND	QUEENSLAND	QLD	1972	0	0	0	
GLENDALE	GLENDALE	GDL	2002	2,838	1,099	2.58	
DOVER	DOVER	DOV	2003	10,955	4,258	2.57	
HIGHWOOD	HIGHWOOD	HIW	1993	2,108	890	2.37	
RUTLAND PARK	RUTLAND PARK	RUT	2013	2,221	943	2.36	
PATTERSON	PATTERSON	PAT	1988	743	348	2.14	
QUEENS PARK VILLAGE	QUEENS PARK VILLAGE	QPK	1987	0	0	0	
RIDEAU PARK	RIDEAU PARK	RID	1980	624	331	1.89	
POINT MCKAY	POINT MCKAY	POI	1993	1,400	818	1.71	
THORNCLIFFE	THORNCLIFFE	THO	1975	10,356	3,035	3.41	
BRITANNIA	BRITANNIA	BRT	2002	780	296	2.64	
BRENTWOOD	BRENTWOOD	BRE	1995	6,306	2,504	2.52	
SOMERSET	SOMERSET	SOM	1997	2,033	710	2.86	
CEDARBRAE	CEDARBRAE	CED	1980	3,866	1,120	3.45	
GLENDALE	GLENDALE	GDL	2008	2,743	1,080	2.54	
BRENTWOOD	BRENTWOOD	BRE	1989	6,537	2,526	2.59	
BANFF TRAIL	BANFF TRAIL	BNF	2015	4,335	1,817	2.39	
SCARBORO/SUNALTA WEST	SCARBORO	SSW	1978	482	163	2.96	
DALHOUSIE	DALHOUSIE	DAL	1991	9,559	3,402	2.81	
MCKENZIE TOWNE	MCKENZIE TOWNE	MCT	1990	0	0	0	
DISCOVERY RIDGE	DISCOVERY RIDGE	DIS	1977	0	0	0	
COACH HILL	COACH HILL	COA	1972	38	10	3.8	
NORTH GLENMORE PARK	NORTH GLENMORE PARK	NGM	1979	3,092	932	3.32	
ERLTON	ERLTON	ERL	1976	792	327	2.42	
WEST HILLHURST	WEST HILLHURST	WHL	2014	6,299	2,743	2.3	
SOMERSET	SOMERSET	SOM	1986	0	0	0	
MARLBOROUGH PARK	MARLBOROUGH PARK	MPK	1970	0	0	0	
MARLBOROUGH	MARLBOROUGH	MRL	1999	8,999	3,020	2.98	
MARLBOROUGH	MARLBOROUGH	MRL	1979	9,698	2,793	3.47	
DEER RUN	DEER RUN	DRN	1987	5,642	1,826	3.09	
MONTEREY PARK	MONTEREY PARK	MOR	1987	216	87	2.48	
MCKENZIE TOWNE	MCKENZIE TOWNE	MCT	1980	0	0	0	
GARRISON WOODS	GARRISON WOODS	GAW	1989	0	0	0	
CAMBRIAN HEIGHTS	CAMBRIAN HEIGHTS	CAM	2013	2,063	876	2.36	
FOREST HEIGHTS	FOREST HEIGHTS	FHT	2000	6,707	2,049	3.27	
FOREST HEIGHTS	FOREST HEIGHTS	FHT	2012	6,212	2,132	2.91	
WESTGATE	WESTGATE	WGT	1971	4,049	990	4.09	
SCENIC ACRES	SCENIC ACRES	SCE	2015	8,542	2,898	2.95	
BEL-AIRE	BEL-AIRE	BEL	2007	461	144	3.2	
BRIDGELAND/RIVERSIDE	BRIDGELAND/RIVERSIDE	BRD	1981	4,944	2,241	2.21	
DOUGLASDALE/GLEN	DOUGLASDALE/GLEN	DDG	2000	11,440	3,766	3.04	
CHINOOK PARK	CHINOOK PARK	CHK	2014	1,708	571	2.99	
BRAESIDE	BRAESIDE	BRA	1980	7,652	2,446	3.13	
FALCONRIDGE	FALCONRIDGE	FAL	1987	8,906	2,696	3.3	
WEST HILLHURST	WEST HILLHURST	WHL	2009	5,656	2,586	2.19	
MOUNT PLEASANT	MOUNT PLEASANT	MOP	1993	4,374	2,135	2.05	
BANKVIEW	BANKVIEW	BNK	1974	4,940	2,428	2.03	
SPRINGBANK HILL	SPRINGBANK HILL	SPH	2011	8,337	2,835	2.94	
RANCHLANDS	RANCHLANDS	RAN	1978	742	250	2.97	
PINERIDGE	PINERIDGE	PIN	2003	10,190	3,642	2.8	
MONTGOMERY	MONTGOMERY	MON	1980	4,068	1,446	2.81	
BEL-AIRE	BEL-AIRE	BEL	1992	493	157	3.14	
SETON	SETON	SET	1982	0	0	0	
WEST SPRINGS	WEST SPRINGS	WSP	1993	0	0	0	
DOUGLASDALE/GLEN	DOUGLASDALE/GLEN	DDG	2003	12,013	3,946	3.04	
WILLOW PARK	WILLOW PARK	WIL	1988	6,232	2,224	2.8	
PANORAMA HILLS	PANORAMA HILLS	PAN	1987	0	0	0	
MAPLE RIDGE	MAPLE RIDGE	MPL	1999	2,192	805	2.72	
BRENTWOOD	BRENTWOOD	BRE	1972	9,027	2,170	4.16	
SPRUCE CLIFF	SPRUCE CLIFF	SPR	2008	3,271	1,537	2.13	
BELTLINE	BELTLINE	BLN	1977	14,015	8,443	1.66	Combined communities of CONNAUGHT (CON) and VICTORIA PARK (VIC)
KILLARNEY/GLENGARRY	KILLARNEY/GLENGARRY	KIL	1994	6,077	2,934	2.07	
BOWNESS	BOWNESS	BOW	1988	12,345	4,814	2.56	
ST. ANDREWS HEIGHTS	ST. ANDREWS HEIGHTS	STA	2000	2,084	722	2.89	
CLIFF BUNGALOW	CLIFF BUNGALOW	CLI	1986	1,947	1,199	1.62	
PARKHILL	PARKHILL	PKH	1971	1,686	570	2.96	
QUEENSLAND	QUEENSLAND	QLD	1973	0	0	0	
COVENTRY HILLS	COVENTRY HILLS	COV	1985	0	0	0	
ARBOUR LAKE	ARBOUR LAKE	ARB	2007	10,546	3,752	2.81	
CAMBRIAN HEIGHTS	CAMBRIAN HEIGHTS	CAM	1970	3,289	861	3.82	
CRESCENT HEIGHTS	CRESCENT HEIGHTS	CRE	1994	5,467	3,177	1.72	
ERIN WOODS	ERIN WOODS	ERI	2001	7,113	2,214	3.21	
MANCHESTER	MANCHESTER	MAN	1974	509	191	2.66	
SILVER SPRINGS	SILVER SPRINGS	SIL	1969	128	39	3.28	
CASTLERIDGE	CASTLERIDGE	CAS	1972	0	0	0	
HILLHURST	HILLHURST	HIL	2001	5,183	2,602	1.99	
DEER RUN	DEER RUN	DRN	2013	5,375	2,084	2.58	
CORAL SPRINGS	CORAL SPRINGS	COR	1984	0	0	0	
ACADIA	ACADIA	ACA	2009	10,574	4,776	2.21	
FOREST HEIGHTS	FOREST HEIGHTS	FHT	1987	6,762	1,975	3.42	
SUNNYSIDE	SUNNYSIDE	SSD	2011	3,751	2,214	1.69	
MAYLAND HEIGHTS	MAYLAND HEIGHTS	MAL	1976	5,902	1,664	3.55	
PARKLAND	PARKLAND	PKL	1976	3,353	927	3.62	
DISCOVERY RIDGE	DISCOVERY RIDGE	DIS	2001	314	99	3.17	
UNIVERSITY HEIGHTS	UNIVERSITY HEIGHTS	UNI	2001	3,016	1,336	2.26	
GARRISON GREEN	GARRISON GREEN	GAG	1985	733	221	3.32	
PARKDALE	PARKDALE	PKD	2004	2,032	985	2.06	
SIGNAL HILL	SIGNAL HILL	SIG	1991	2,523	801	3.15	
HIGHLAND PARK	HIGHLAND PARK	HPK	1974	4,176	1,567	2.66	
MEADOWLARK PARK	MEADOWLARK PARK	MEA	1993	654	289	2.26	
BRITANNIA	BRITANNIA	BRT	2003	777	299	2.6	
VALLEY RIDGE	VALLEY RIDGE	VAL	2000	2,700	922	2.93	
DOWNTOWN COMMERCIAL CORE	DOWNTOWN COMMERCIAL CORE	DNC	2017	8,477	4,952	1.71	
SAGE HILL	SAGE HILL	SGH	1977	0	0	0	
RUNDLE	RUNDLE	RUN	1992	11,706	3,429	3.41	
SHAWNESSY	SHAWNESSY	SHN	1990	4,406	1,403	3.14	
SOUTH CALGARY	SOUTH CALGARY	SOC	1970	4,008	1,443	2.78	
SUNDANCE	SUNDANCE	SDC	1971	0	0	0	
LEGACY	LEGACY	LEG	1968	0	0	0	
EAU CLAIRE	EAU CLAIRE	EAU	1995	790	484	1.63	
MARLBOROUGH PARK	MARLBOROUGH PARK	MPK	2009	8,554	2,913	2.94	
GLENBROOK	GLENBROOK	GBK	1996	6,918	2,862	2.42	
BONAVISTA DOWNS	BONAVISTA DOWNS	BDO	1993	1,134	369	3.07	
BONAVISTA DOWNS	BONAVISTA DOWNS	BDO	2014	956	363	2.63	
ST. ANDREWS HEIGHTS	ST. ANDREWS HEIGHTS	STA	1977	2,082	633	3.29	
RIDEAU PARK	RIDEAU PARK	RID	1998	656	324	2.02	
ELBOW PARK	ELBOW PARK	EPK	2001	3,518	1,172	3	
GREENVIEW	GREENVIEW	GRV	2000	2,144	1,048	2.05	
MAYLAND HEIGHTS	MAYLAND HEIGHTS	MAL	1999	6,200	2,517	2.46	
MONTEREY PARK	MONTEREY PARK	MOR	2002	10,305	2,895	3.56	
SUNDANCE	SUNDANCE	SDC	1975	0	0	0	
SOUTHVIEW	SOUTHVIEW	SOV	1988	2,291	824	2.78	
SHAWNESSY	SHAWNESSY	SHN	2008	9,403	3,242	2.9	
GREENVIEW	GREENVIEW	GRV	2007	2,044	1,049	1.95	
CORAL SPRINGS	CORAL SPRINGS	COR	2002	6,001	1,420	4.23	
GLENDALE	GLENDALE	GDL	1978	3,152	966	3.26	
NORTH HAVEN	NORTH HAVEN	NHV	2001	2,507	938	2.67	
FALCONRIDGE	FALCONRIDGE	FAL	1992	10,598	3,102	3.42	
RUNDLE	RUNDLE	RUN	1981	11,138	3,226	3.45	
ROCKY RIDGE	ROCKY RIDGE	ROC	2003	3,836	1,437	2.67	
SADDLE RIDGE	SADDLE RIDGE	SAD	2013	15,402	3,741	4.12	
NORTH GLENMORE PARK	NORTH GLENMORE PARK	NGM	2003	2,494	974	2.56	
TARADALE	TARADALE	TAR	1978	0	0	0	
MAYLAND HEIGHTS	MAYLAND HEIGHTS	MAL	1974	6,097	1,634	3.73	
SILVERADO	SILVERADO	SVO	1998	21	7	3	
MARLBOROUGH PARK	MARLBOROUGH PARK	MPK	1979	9,052	2,626	3.45	
UNIVERSITY DISTRICT	UNIVERSITY DISTRICT	UND	1989	0	0	0	
BRIDLEWOOD	BRIDLEWOOD	BRI	2002	4,617	1,617	2.86	
COUNTRY HILLS VILLAGE	COUNTRY HILLS VILLAGE	CHV	1973	0	0	0	
TARADALE	TARADALE	TAR	2016	18,852	4,704	4.01	
MANCHESTER	MANCHESTER	MAN	1973	590	209	2.82	
HAWKWOOD	HAWKWOOD	HAW	1977	0	0	0	
MAHOGANY	MAHOGANY	MAH	2015	4,960	1,702	2.91	
EVERGREEN	EVERGREEN	EVE	1985	35	14	2.5	
GLENDALE	GLENDALE	GDL	2017	2,768	1,082	2.56	
HILLHURST	HILLHURST	HIL	2011	5,914	2,995	1.97	
MAYLAND HEIGHTS	MAYLAND HEIGHTS	MAL	1970	6,048	1,456	4.15	
PARKLAND	PARKLAND	PKL	2007	3,982	1,422	2.8	
MISSION	MISSION	MIS	2002	3,746	2,548	1.47	
HARVEST HILLS	HARVEST HILLS	HAR	2014	7,594	2,548	2.98	
INGLEWOOD	INGLEWOOD	ING	1980	2,677	1,172	2.28	
DOWNTOWN COMMERCIAL CORE	DOWNTOWN COMMERCIAL CORE	DNC	2006	7,557	4,503	1.68	
CRESTMONT	CRESTMONT	CRM	1987	0	0	0	
OAKRIDGE	OAKRIDGE	OAK	2017	5,667	2,241	2.53	
HILLHURST	HILLHURST	HIL	1991	4,723	2,436	1.94	
WEST SPRINGS	WEST SPRINGS	WSP	1991	0	0	0	
TUXEDO PARK	TUXEDO PARK	TUX	1981	4,344	1,963	2.21	
DALHOUSIE	DALHOUSIE	DAL	1971	3,159	789	4	
ACADIA	ACADIA	ACA	1982	11,475	3,852	2.98	
BANFF TRAIL	BANFF TRAIL	BNF	2016	4,189	1,781	2.35	
FOREST HEIGHTS	FOREST HEIGHTS	FHT	2009	6,168	2,095	2.94	
MAPLE RIDGE	MAPLE RIDGE	MPL	2009	2,006	796	2.52	
SOUTHWOOD	SOUTHWOOD	SOW	2005	6,228	2,539	2.45	
CORAL SPRINGS	CORAL SPRINGS	COR	1974	0	0	0	
VALLEY RIDGE	VALLEY RIDGE	VAL	1978	0	0	0	
ROXBORO	ROXBORO	ROX	2001	412	159	2.59	
NOLAN HILL	NOLAN HILL	NOL	2007	14	3	4.67	
WEST HILLHURST	WEST HILLHURST	WHL	1993	4,973	2,459	2.02	
ROSEMONT	ROSEMONT	RMT	1997	1,270	527	2.41	
ELBOYA	ELBOYA	EYA	1979	1,511	555	2.72	
CHRISTIE PARK	CHRISTIE PARK	CHR	1997	2,057	709	2.9	
BRITANNIA	BRITANNIA	BRT	2006	784	298	2.63	
NOLAN HILL	NOLAN HILL	NOL	1998	0	0	0	
SIGNAL HILL	SIGNAL HILL	SIG	1996	6,983	2,336	2.99	
SHAWNEE SLOPES	SHAWNEE SLOPES	SHS	2014	1,580	668	2.37	
ARBOUR LAKE	ARBOUR LAKE	ARB	1977	0	0	0	
WOODBINE	WOODBINE	WBN	2006	9,882	3,290	3	
MCKENZIE LAKE	MCKENZIE LAKE	MCK	1995	7,173	2,059	3.48	
MONTGOMERY	MONTGOMERY	MON	1974	4,505	1,340	3.36	
GARRISON GREEN	GARRISON GREEN	GAG	2014	2,065	723	2.86	At this time community was referred to as CFB - LINCOLN PARK PMQ (CFL)
KILLARNEY/GLENGARRY	KILLARNEY/GLENGARRY	KIL	1992	6,017	2,902	2.07	
POINT MCKAY	POINT MCKAY	POI	1982	1,301	636	2.05	
ASPEN WOODS	ASPEN WOODS	ASP	1999	150	51	2.94	
TUSCANY	TUSCANY	TUS	1970	0	0	0	
SCENIC ACRES	SCENIC ACRES	SCE	2005	9,433	2,902	3.25	
CHARLESWOOD/COLLINGWOOD	CHARLESWOOD		2002	6,032	2,417	2.5	Combined communities of CHARLESWOOD (CHW) and COLLINGWOOD (COL)
TARADALE	TARADALE	TAR	2013	17,861	4,596	3.89	
DOWNTOWN COMMERCIAL CORE	DOWNTOWN COMMERCIAL CORE	DNC	2013	8,495	4,840	1.76	
RAMSAY	RAMSAY	RAM	2016	2,116	1,025	2.06	
MANCHESTER	MANCHESTER	MAN	2001	247	153	1.61	
SHERWOOD	SHERWOOD	SHW	1984	0	0	0	
HAYSBORO	HAYSBORO	HAY	1982	6,544	2,400	3	
NOLAN HILL	NOLAN HILL	NOL	1981	0	0	0	
DOUGLASDALE/GLEN	DOUGLASDALE/GLEN	DDG	1977	0	0	0	
LEGACY	LEGACY	LEG	1973	0	0	0	
EAGLE RIDGE	EAGLE RIDGE	EAG	1992	493	108	4.56	
REDSTONE	REDSTONE	RSN	1992	0	0	0	
BANKVIEW	BANKVIEW	BNK	2015	5,516	3,285	1.68	
GLENBROOK	GLENBROOK	GBK	1978	5,957	1,925	3.09	
DOWNTOWN EAST VILLAGE	DOWNTOWN EAST VILLAGE	DNE	1997	1,283	662	1.94	
WOODLANDS	WOODLANDS	WOO	1969	69	8	8.63	
RAMSAY	RAMSAY	RAM	1976	2,407	938	2.57	
CURRIE BARRACKS	CURRIE BARRACKS	CUR	1991	0			
HAYSBORO	HAYSBORO	HAY	1977	7,283	2,389	3	
EDGEMONT	EDGEMONT	EDG	2007	16,878	5,361	3.15	
FAIRVIEW	FAIRVIEW	FAI	1979	4,917	1,522	3.23	
COACH HILL	COACH HILL	COA	2013	3,252	1,420	2.29	
VALLEY RIDGE	VALLEY RIDGE	VAL	1987	0	0	0	
CLIFF BUNGALOW	CLIFF BUNGALOW	CLI	1989	1,898	1,248	1.52	
COPPERFIELD	COPPERFIELD	CPF	2003	357	140	2.55	
MACEWAN GLEN	MACEWAN GLEN	MAC	2012	5,100	1,753	2.91	
COPPERFIELD	COPPERFIELD	CPF	2012	7,834	2,765	2.83	
WALDEN	WALDEN	WAL	1986	0	0	0	
BRAESIDE	BRAESIDE	BRA	2013	5,841	2,490	2.35	
CORAL SPRINGS	CORAL SPRINGS	COR	1987	0	0	0	
MILLRISE	MILLRISE	MLR	1973	59	16	3.69	
MAYLAND HEIGHTS	MAYLAND HEIGHTS	MAL	1969	5,846	1,374	4.25	
ASPEN WOODS	ASPEN WOODS	ASP	2006	876	262	3.34	
ROSSCARROCK	ROSSCARROCK	RCK	1977	3,474	1,318	2.64	
DOWNTOWN COMMERCIAL CORE	DOWNTOWN COMMERCIAL CORE	DNC	1974	5,368	3,511	1.53	
BRIDGELAND/RIVERSIDE	BRIDGELAND/RIVERSIDE	BRD	1972	5,433	2,030	2.68	
DOWNTOWN EAST VILLAGE	DOWNTOWN EAST VILLAGE	DNE	1970	887	348	2.55	
SOUTHVIEW	SOUTHVIEW	SOV	2011	2,063	848	2.43	
CITADEL	CITADEL	CIT	1975	0	0	0	
HAYSBORO	HAYSBORO	HAY	1986	6,375	2,647	2	
ELBOW PARK	ELBOW PARK	EPK	1982	3,329	1,165	2.86	
MCKENZIE LAKE	MCKENZIE LAKE	MCK	2007	14,657	4,586	3.2	
SUNNYSIDE	SUNNYSIDE	SSD	1975	3,592	1,891	1.9	
ALTADORE	ALTADORE	ALT	1995	6,595	2,767	2.38	
WOODLANDS	WOODLANDS	WOO	2017	6,111	2,363	2.59	
RIVERBEND	RIVERBEND	RIV	1971	81	24	3.38	
ELBOW PARK	ELBOW PARK	EPK	2016	3,328	1,125	2.96	
SETON	SETON	SET	1994	0	0	0	
SOMERSET	SOMERSET	SOM	1981	13	5	2.6	
MEADOWLARK PARK	MEADOWLARK PARK	MEA	1995	665	290	2.29	
CRESCENT HEIGHTS	CRESCENT HEIGHTS	CRE	2017	6,197	3,370	1.84	
DEER RUN	DEER RUN	DRN	2014	5,335	2,077	2.57	
ASPEN WOODS	ASPEN WOODS	ASP	1971	0	0	0	
ROCKY RIDGE	ROCKY RIDGE	ROC	1998	916	313	2.93	
SOUTH CALGARY	SOUTH CALGARY	SOC	1982	3,644	1,658	2.2	
MAPLE RIDGE	MAPLE RIDGE	MPL	1983	2,853	801	3.56	
CAMBRIAN HEIGHTS	CAMBRIAN HEIGHTS	CAM	2014	2,090	879	2.38	
PARKHILL	PARKHILL	PKH	1975	1,419	569	2.49	
PARKHILL	PARKHILL	PKH	1994	1,439	684	2.1	
HAWKWOOD	HAWKWOOD	HAW	1976	0	0	0	
RED CARPET	RED CARPET	RED	1984	1,067	406	2.63	
KINCORA	KINCORA	KCA	1995	0	0	0	
MONTGOMERY	MONTGOMERY	MON	1976	4,136	1,324	3.12	
CORAL SPRINGS	CORAL SPRINGS	COR	1985	0	0	0	
SUNNYSIDE	SUNNYSIDE	SSD	2006	3,598	2,203	1.63	
ERIN WOODS	ERIN WOODS	ERI	1985	3,006	895	3.36	
HIGHWOOD	HIGHWOOD	HIW	2005	2,135	913	2.34	
CRESTMONT	CRESTMONT	CRM	2000	0	0	0	
MOUNT PLEASANT	MOUNT PLEASANT	MOP	1975	4,968	2,069	2.4	
SILVER SPRINGS	SILVER SPRINGS	SIL	2008	9,177	3,473	2.64	
SOUTHWOOD	SOUTHWOOD	SOW	2015	6,420	2,571	2.5	
BRIDLEWOOD	BRIDLEWOOD	BRI	2004	6,179	2,123	2.91	
APPLEWOOD PARK	APPLEWOOD PARK	APP	1990	847	255	3.32	
ROSEMONT	ROSEMONT	RMT	1977	1,528	509	3	
AUBURN BAY	AUBURN BAY	AUB	2006	311	107	2.91	
CRANSTON	CRANSTON	CRA	2001	388	148	2.62	
ROYAL OAK	ROYAL OAK	ROY	1974	0	0	0	
DOWNTOWN EAST VILLAGE	DOWNTOWN EAST VILLAGE	DNE	2009	2,448	904	2.71	
SCARBORO/SUNALTA WEST	SCARBORO	SSW	2003	387	161	2.4	
SETON	SETON	SET	1992	0	0	0	
SCARBORO/SUNALTA WEST	SCARBORO	SSW	2014	410	155	2.65	
BRAESIDE	BRAESIDE	BRA	2000	6,581	2,513	2.62	
ACADIA	ACADIA	ACA	1992	11,250	4,645	2.42	
CLIFF BUNGALOW	CLIFF BUNGALOW	CLI	1998	2,010	1,301	1.54	
STRATHCONA PARK	STRATHCONA PARK	STR	1971	11	3	3.67	
VALLEY RIDGE	VALLEY RIDGE	VAL	1996	958	327	2.93	
SUNDANCE	SUNDANCE	SDC	2004	11,512	3,346	3.44	
SHAGANAPPI	SHAGANAPPI	SHG	2012	1,553	722	2.15	
ELBOW PARK	ELBOW PARK	EPK	1984	3,282	1,173	2.8	
ELBOYA	ELBOYA	EYA	1980	1,469	559	2.63	
CRANSTON	CRANSTON	CRA	2017	18,559	6,459	2.87	
BRIDLEWOOD	BRIDLEWOOD	BRI	1989	15	5	3	
BRAESIDE	BRAESIDE	BRA	1992	7,030	2,505	2.81	
MCKENZIE LAKE	MCKENZIE LAKE	MCK	2014	14,189	4,600	3.08	
SHERWOOD	SHERWOOD	SHW	1997	0	0	0	
SCARBORO	SCARBORO	SCA	1998	829	334	2.48	
MCKENZIE LAKE	MCKENZIE LAKE	MCK	1991	3,852	1,127	3.42	
WHITEHORN	WHITEHORN	WHI	1971	0	0	0	
HIGHWOOD	HIGHWOOD	HIW	1983	2,301	880	2.61	
SOUTH CALGARY	SOUTH CALGARY	SOC	2013	3,650	2,041	1.79	
TUXEDO PARK	TUXEDO PARK	TUX	1997	4,426	2,242	1.97	
SOUTH CALGARY	SOUTH CALGARY	SOC	2007	3,517	1,847	1.9	
DIAMOND COVE	DIAMOND COVE	DIA	2014	713	271	2.63	
PUMP HILL	PUMP HILL	PUM	2008	1,720	539	3.19	
HARVEST HILLS	HARVEST HILLS	HAR	2006	7,455	2,528	2.95	
COUNTRY HILLS	COUNTRY HILLS	COU	1976	0	0	0	
CHARLESWOOD/COLLINGWOOD	CHARLESWOOD		2012	5,643	2,371	2.38	Combined communities of CHARLESWOOD (CHW) and COLLINGWOOD (COL)
HIGHLAND PARK	HIGHLAND PARK	HPK	1969	4,875	1,559	3.13	
WILLOW PARK	WILLOW PARK	WIL	2017	5,356	2,203	2.43	
EVANSTON	EVANSTON	EVN	1994	21	6	3.5	
WILLOW PARK	WILLOW PARK	WIL	2011	5,308	2,217	2.39	
WALDEN	WALDEN	WAL	2004	0	0	0	
WALDEN	WALDEN	WAL	2006	0	0	0	
BONAVISTA DOWNS	BONAVISTA DOWNS	BDO	2015	971	369	2.63	
WINDSOR PARK	WINDSOR PARK	WND	1969	2,477	807	3.07	
DOWNTOWN EAST VILLAGE	DOWNTOWN EAST VILLAGE	DNE	2001	1,303	660	1.97	
SUNDANCE	SUNDANCE	SDC	1996	11,553	3,202	3.61	
ERLTON	ERLTON	ERL	1985	585	260	2.25	
GLENBROOK	GLENBROOK	GBK	1976	5,866	1,823	3.22	
HAMPTONS	HAMPTONS	HAM	1970	0	0	0	
COPPERFIELD	COPPERFIELD	CPF	1975	0	0	0	
ERIN WOODS	ERIN WOODS	ERI	1983	2,935	883	3.32	
SPRUCE CLIFF	SPRUCE CLIFF	SPR	1988	3,250	1,380	2.36	
DIAMOND COVE	DIAMOND COVE	DIA	1985	0	0	0	
CORAL SPRINGS	CORAL SPRINGS	COR	1975	0	0	0	
CORAL SPRINGS	CORAL SPRINGS	COR	1990	0	0	0	
TUSCANY	TUSCANY	TUS	1977	0	0	0	
QUEENS PARK VILLAGE	QUEENS PARK VILLAGE	QPK	2009	386	167	2.31	
MEADOWLARK PARK	MEADOWLARK PARK	MEA	2003	673	284	2.37	
SPRINGBANK HILL	SPRINGBANK HILL	SPH	1999	862	282	3.06	
KINGSLAND	KINGSLAND	KIN	1999	4,361	2,168	2.01	
UNIVERSITY HEIGHTS	UNIVERSITY HEIGHTS	UNI	1995	2,959	1,331	2.22	
SOUTH CALGARY	SOUTH CALGARY	SOC	1996	3,278	1,687	1.94	
ELBOW PARK	ELBOW PARK	EPK	1993	3,345	1,171	2.86	
RICHMOND	RICHMOND	RIC	1981	3,881	1,677	2.31	
SOUTHWOOD	SOUTHWOOD	SOW	1998	6,718	2,578	2.61	
MOUNT PLEASANT	MOUNT PLEASANT	MOP	2013	4,873	2,377	2.05	
BRITANNIA	BRITANNIA	BRT	2009	736	294	2.5	
REDSTONE	REDSTONE	RSN	1998	0	0	0	
FOREST HEIGHTS	FOREST HEIGHTS	FHT	2013	6,454	2,162	2.99	
PUMP HILL	PUMP HILL	PUM	1979	870	183	4.75	
TEMPLE	TEMPLE	TEM	1971	0	0	0	
CAMBRIAN HEIGHTS	CAMBRIAN HEIGHTS	CAM	1986	2,267	899	2.52	
WINSTON HEIGHTS/MOUNTVIEW	WINSTON HEIGHTS/MOUNTVIEW	WIN	1984	3,801	1,547	2.46	
GARRISON WOODS	GARRISON WOODS	GAW	1981	0	0	0	
LAKE BONAVISTA	LAKE BONAVISTA	LKB	2017	10,419	4,024	2.59	
BAYVIEW	BAYVIEW	BYV	1971	365	81	4.51	
RICHMOND	RICHMOND	RIC	1977	4,263	1,725	2.47	
SILVERADO	SILVERADO	SVO	1986	0	0	0	
GARRISON WOODS	GARRISON WOODS	GAW	2011	0	0	0	
UNIVERSITY DISTRICT	UNIVERSITY DISTRICT	UND	1968	0	0	0	
INGLEWOOD	INGLEWOOD	ING	1990	2,556	1,254	2.04	
WINDSOR PARK	WINDSOR PARK	WND	1968	2,408	753	3.2	
CURRIE BARRACKS	CURRIE BARRACKS	CUR	1973	0			
ARBOUR LAKE	ARBOUR LAKE	ARB	2000	7,102	2,504	2.84	
CEDARBRAE	CEDARBRAE	CED	1981	4,421	1,320	3.35	
POINT MCKAY	POINT MCKAY	POI	2013	1,334	818	1.63	
COPPERFIELD	COPPERFIELD	CPF	1970	0	0	0	
UPPER MOUNT ROYAL	UPPER MOUNT ROYAL	UMR	1989	2,641	1,025	2.58	
KINGSLAND	KINGSLAND	KIN	2006	4,499	2,312	1.95	
EAU CLAIRE	EAU CLAIRE	EAU	1970	897	344	2.61	
BAYVIEW	BAYVIEW	BYV	1970	267	58	4.6	
CAMBRIAN HEIGHTS	CAMBRIAN HEIGHTS	CAM	1999	2,107	890	2.37	
CURRIE BARRACKS	CURRIE BARRACKS	CUR	1975	0			
WHITEHORN	WHITEHORN	WHI	2004	11,609	3,332	3.48	
ASPEN WOODS	ASPEN WOODS	ASP	2014	7,496	2,385	3.14	
ERLTON	ERLTON	ERL	1980	643	265	2.43	
NORTH HAVEN UPPER	NORTH HAVEN UPPER	NHU	1983	864	244	3.54	
ROYAL OAK	ROYAL OAK	ROY	1984	0	0	0	
HIDDEN VALLEY	HIDDEN VALLEY	HID	2011	11,657	3,784	3.08	
WOODLANDS	WOODLANDS	WOO	1986	6,181	2,025	3.05	
COACH HILL	COACH HILL	COA	1984	2,512	964	2.61	
LOWER MOUNT ROYAL	LOWER MOUNT ROYAL	LMR	2005	3,144	2,083	1.51	
GREENWOOD/GREENBRIAR	GREENWOOD/GREENBRIAR	GRE	1990	1,045	470	2.22	
TUXEDO PARK	TUXEDO PARK	TUX	2011	4,430	2,272	1.95	
MCKENZIE LAKE	MCKENZIE LAKE	MCK	1984	1,302	429	3.03	
LAKEVIEW	LAKEVIEW	LKV	2010	5,438	2,243	2.42	
OGDEN	OGDEN	OGD	1975	7,033	2,090	3.37	
CAMBRIAN HEIGHTS	CAMBRIAN HEIGHTS	CAM	2012	2,059	878	2.35	
WOODLANDS	WOODLANDS	WOO	1990	6,383	2,103	3.04	
BEDDINGTON HEIGHTS	BEDDINGTON HEIGHTS	BED	2004	12,255	4,131	2.97	
CEDARBRAE	CEDARBRAE	CED	1987	6,527	2,135	3.06	
SUNNYSIDE	SUNNYSIDE	SSD	1984	3,544	2,058	1.72	
CEDARBRAE	CEDARBRAE	CED	1999	6,759	2,416	2.8	
BRITANNIA	BRITANNIA	BRT	1981	845	316	2.67	
COUNTRY HILLS VILLAGE	COUNTRY HILLS VILLAGE	CHV	1975	0	0	0	
EVERGREEN	EVERGREEN	EVE	2017	21,439	6,947	3.09	
COVENTRY HILLS	COVENTRY HILLS	COV	1978	0	0	0	
SKYVIEW RANCH	SKYVIEW RANCH	SKR	1974	0	0	0	
VALLEY RIDGE	VALLEY RIDGE	VAL	1988	0	0	0	
COUNTRY HILLS VILLAGE	COUNTRY HILLS VILLAGE	CHV	2005	1,072	598	1.79	
DOUGLASDALE/GLEN	DOUGLASDALE/GLEN	DDG	1994	4,705	1,563	3.01	
WHITEHORN	WHITEHORN	WHI	1978	4,193	1,243	3.37	
ROSEDALE	ROSEDALE	RDL	1972	1,676	664	2.52	
CRESTMONT	CRESTMONT	CRM	2005	698	234	2.98	
HAYSBORO	HAYSBORO	HAY	1981	6,606	2,395	3	
LOWER MOUNT ROYAL	LOWER MOUNT ROYAL	LMR	2008	3,279	2,118	1.55	
GARRISON WOODS	GARRISON WOODS	GAW	2006	0	0	0	
BRAESIDE	BRAESIDE	BRA	1973	3,170	797	3.98	
VALLEY RIDGE	VALLEY RIDGE	VAL	1969	0	0	0	
RICHMOND	RICHMOND	RIC	1975	4,243	1,665	2.55	
MARLBOROUGH	MARLBOROUGH	MRL	1989	9,426	2,960	3.18	
UNIVERSITY OF CALGARY	UNIVERSITY OF CALGARY	UOC	2002	2,264	629	3.6	
EDGEMONT	EDGEMONT	EDG	1988	8,986	2,665	3.37	
DISCOVERY RIDGE	DISCOVERY RIDGE	DIS	1972	0	0	0	
ACADIA	ACADIA	ACA	1991	11,224	4,609	2.44	
ALTADORE	ALTADORE	ALT	1991	6,217	2,597	2.39	
BRIDLEWOOD	BRIDLEWOOD	BRI	1985	12	4	3	
SOUTHWOOD	SOUTHWOOD	SOW	2017	6,214	2,491	2.49	
RAMSAY	RAMSAY	RAM	1995	2,113	1,029	2.05	
MAPLE RIDGE	MAPLE RIDGE	MPL	2008	1,981	793	2.5	
VARSITY	VARSITY	VAR	1980	13,210	4,424	2.99	
LAKE BONAVISTA	LAKE BONAVISTA	LKB	2004	10,527	3,488	3.02	
MEADOWLARK PARK	MEADOWLARK PARK	MEA	2000	653	286	2.28	
RAMSAY	RAMSAY	RAM	1993	2,151	1,049	2.05	
MCKENZIE TOWNE	MCKENZIE TOWNE	MCT	1974	0	0	0	
EDGEMONT	EDGEMONT	EDG	1982	3,414	1,033	3.3	
MARLBOROUGH	MARLBOROUGH	MRL	1983	9,675	2,832	3.42	
CHINATOWN	CHINATOWN	CHN	1976	393	146	2.69	
SADDLE RIDGE	SADDLE RIDGE	SAD	2007	9,431	2,560	3.68	
SCARBORO	SCARBORO	SCA	1990	894	334	2.68	
CEDARBRAE	CEDARBRAE	CED	2009	6,366	2,549	2.5	
RAMSAY	RAMSAY	RAM	1972	2,740	988	2.77	
WEST SPRINGS	WEST SPRINGS	WSP	1983	0	0	0	
SCENIC ACRES	SCENIC ACRES	SCE	1994	6,190	1,853	3.34	
CHAPARRAL	CHAPARRAL	CHA	1968	0	0	0	
CHINOOK PARK	CHINOOK PARK	CHK	1972	2,360	577	4.09	
SILVER SPRINGS	SILVER SPRINGS	SIL	2011	8,910	3,454	2.58	
PINERIDGE	PINERIDGE	PIN	2016	9,939	3,645	2.73	
UNIVERSITY HEIGHTS	UNIVERSITY HEIGHTS	UNI	1984	2,789	1,145	2.44	
WALDEN	WALDEN	WAL	1981	0	0	0	
MARLBOROUGH	MARLBOROUGH	MRL	1978	9,823	2,773	3.54	
DOWNTOWN EAST VILLAGE	DOWNTOWN EAST VILLAGE	DNE	1968	623	361	1.73	
ROSSCARROCK	ROSSCARROCK	RCK	1976	3,571	1,288	2.77	
EVANSTON	EVANSTON	EVN	2002	32	8	4	
KINGSLAND	KINGSLAND	KIN	1968	4,777	1,409	3.39	
CLIFF BUNGALOW	CLIFF BUNGALOW	CLI	2017	1,796	1,223	1.47	
DOUGLASDALE/GLEN	DOUGLASDALE/GLEN	DDG	1986	53	15	3.53	
SADDLE RIDGE	SADDLE RIDGE	SAD	2017	19,911	4,914	4.05	
REDSTONE	REDSTONE	RSN	1999	0	0	0	
UNIVERSITY OF CALGARY	UNIVERSITY OF CALGARY	UOC	1971	1,476	255	5.79	
EVANSTON	EVANSTON	EVN	2001	22	5	4.4	
GREENVIEW	GREENVIEW	GRV	1996	2,216	1,047	2.12	
AUBURN BAY	AUBURN BAY	AUB	1995	0	0	0	
AUBURN BAY	AUBURN BAY	AUB	1987	13	4	3.25	
DOWNTOWN EAST VILLAGE	DOWNTOWN EAST VILLAGE	DNE	1992	980	671	1.46	
CEDARBRAE	CEDARBRAE	CED	1968	59	17	3.47	
WINSTON HEIGHTS/MOUNTVIEW	WINSTON HEIGHTS/MOUNTVIEW	WIN	2016	3,844	1,709	2.25	
ERLTON	ERLTON	ERL	2017	1,307	694	1.88	
SIGNAL HILL	SIGNAL HILL	SIG	1988	588	188	3.13	
MEADOWLARK PARK	MEADOWLARK PARK	MEA	1983	809	292	2.77	
GARRISON GREEN	GARRISON GREEN	GAG	1982	706	211	3.35	
MONTEREY PARK	MONTEREY PARK	MOR	2017	10,670	3,108	3.43	
CRESCENT HEIGHTS	CRESCENT HEIGHTS	CRE	1970	5,855	2,361	2.48	
COPPERFIELD	COPPERFIELD	CPF	2014	9,966	3,464	2.88	
CURRIE BARRACKS	CURRIE BARRACKS	CUR	1995	0			
DOWNTOWN WEST END	DOWNTOWN WEST END	DNW	1970	1,003	382	2.63	
KINCORA	KINCORA	KCA	1974	0	0	0	
DOUGLASDALE/GLEN	DOUGLASDALE/GLEN	DDG	1979	0	0	0	
STRATHCONA PARK	STRATHCONA PARK	STR	2000	5,914	1,918	3.08	
CITYSCAPE	CITYSCAPE	CSC	1973	0	0	0	
WEST SPRINGS	WEST SPRINGS	WSP	1975	0	0	0	
CAPITOL HILL	CAPITOL HILL	CAP	1987	3,819	1,896	2.01	
CLIFF BUNGALOW	CLIFF BUNGALOW	CLI	1988	1,969	1,258	1.57	
VISTA HEIGHTS	VISTA HEIGHTS	VIS	1980	1,778	539	3.3	
FAIRVIEW	FAIRVIEW	FAI	2002	3,787	1,558	2.43	
MONTGOMERY	MONTGOMERY	MON	1988	4,079	1,637	2.49	
WILLOW PARK	WILLOW PARK	WIL	1994	5,892	2,198	2.68	
FALCONRIDGE	FALCONRIDGE	FAL	1997	10,713	3,149	3.4	
BRIDLEWOOD	BRIDLEWOOD	BRI	1982	0	0	0	
BONAVISTA DOWNS	BONAVISTA DOWNS	BDO	1987	1,224	365	3.35	
CANYON MEADOWS	CANYON MEADOWS	CAN	1974	4,863	1,319	3.69	
NORTH HAVEN	NORTH HAVEN	NHV	2008	2,354	940	2.5	
PENBROOKE MEADOWS	PENBROOKE MEADOWS	PEN	1973	4,258	1,100	3.87	
REDSTONE	REDSTONE	RSN	2006	0	0	0	
MARTINDALE	MARTINDALE	MRT	2010	12,968	3,651	3.55	
GARRISON WOODS	GARRISON WOODS	GAW	1996	0	0	0	
SKYVIEW RANCH	SKYVIEW RANCH	SKR	2006	0	0	0	
WEST SPRINGS	WEST SPRINGS	WSP	1972	0	0	0	
DIAMOND COVE	DIAMOND COVE	DIA	1998	881	269	3.28	
SUNDANCE	SUNDANCE	SDC	2003	11,672	3,362	3.47	
KINCORA	KINCORA	KCA	2004	544	190	2.86	
PINERIDGE	PINERIDGE	PIN	1969	34	10	3.4	
SCARBORO/SUNALTA WEST	SCARBORO	SSW	1992	398	162	2.46	
MAHOGANY	MAHOGANY	MAH	1996	0	0	0	
WEST SPRINGS	WEST SPRINGS	WSP	1984	0	0	0	
SAGE HILL	SAGE HILL	SGH	1995	80	24	3.33	
GARRISON GREEN	GARRISON GREEN	GAG	1994	662	204	3.25	
ERIN WOODS	ERIN WOODS	ERI	1997	6,079	1,858	3.27	
COACH HILL	COACH HILL	COA	1988	2,740	1,049	2.61	
SOUTHVIEW	SOUTHVIEW	SOV	1975	2,899	815	3.56	
CLIFF BUNGALOW	CLIFF BUNGALOW	CLI	2012	1,936	1,261	1.54	
CHINOOK PARK	CHINOOK PARK	CHK	1971	2,423	567	4.27	
BEDDINGTON HEIGHTS	BEDDINGTON HEIGHTS	BED	2003	12,706	4,178	3.04	
GLAMORGAN	GLAMORGAN	GLA	2014	6,486	2,852	2.27	
MISSION	MISSION	MIS	1977	3,154	1,994	1.58	
GREENWOOD/GREENBRIAR	GREENWOOD/GREENBRIAR	GRE	1987	1,011	452	2.24	
BANKVIEW	BANKVIEW	BNK	1986	5,019	3,108	1.61	
THORNCLIFFE	THORNCLIFFE	THO	1978	11,198	3,537	3.17	
VISTA HEIGHTS	VISTA HEIGHTS	VIS	1973	2,167	550	3.94	
BRENTWOOD	BRENTWOOD	BRE	2016	7,133	3,049	2.34	
SCENIC ACRES	SCENIC ACRES	SCE	2016	8,399	2,888	2.91	
GARRISON GREEN	GARRISON GREEN	GAG	1978	832	231	3.6	
ROSSCARROCK	ROSSCARROCK	RCK	1998	3,366	1,459	2.31	
POINT MCKAY	POINT MCKAY	POI	2011	1,318	816	1.62	
MILLRISE	MILLRISE	MLR	2003	6,467	2,277	2.84	
ROSSCARROCK	ROSSCARROCK	RCK	1968	3,686	1,032	3.57	
BONAVISTA DOWNS	BONAVISTA DOWNS	BDO	1979	1,148	329	3.49	
BRAESIDE	BRAESIDE	BRA	1985	7,200	2,376	3.03	
MARTINDALE	MARTINDALE	MRT	2003	10,850	3,300	3.29	
MIDNAPORE	MIDNAPORE	MID	1995	7,373	2,479	2.97	
QUEENS PARK VILLAGE	QUEENS PARK VILLAGE	QPK	2002	438	185	2.37	
SCARBORO/SUNALTA WEST	SCARBORO	SSW	1984	421	163	2.58	
CITADEL	CITADEL	CIT	1980	0	0	0	
BELTLINE	BELTLINE	BLN	2006	16,662	10,628	1.57	
COVENTRY HILLS	COVENTRY HILLS	COV	2016	17,459	5,472	3.19	
WALDEN	WALDEN	WAL	2016	3,859	1,259	3.07	
HUNTINGTON HILLS	HUNTINGTON HILLS	HUN	1987	15,425	4,958	3.11	
SOUTH CALGARY	SOUTH CALGARY	SOC	1994	3,284	1,676	1.96	
ROSEMONT	ROSEMONT	RMT	1989	1,241	524	2.37	
WALDEN	WALDEN	WAL	2000	0	0	0	
WILDWOOD	WILDWOOD	WLD	1990	2,696	1,041	2.59	
UNIVERSITY DISTRICT	UNIVERSITY DISTRICT	UND	2014	0	0	0	
COPPERFIELD	COPPERFIELD	CPF	1978	0	0	0	
ALTADORE	ALTADORE	ALT	1968	6,684	1,998	3.35	
DOUGLASDALE/GLEN	DOUGLASDALE/GLEN	DDG	1974	0	0	0	
HAWKWOOD	HAWKWOOD	HAW	2011	9,898	3,294	3	
PALLISER	PALLISER	PAL	1985	3,037	1,275	2.38	
DOUGLASDALE/GLEN	DOUGLASDALE/GLEN	DDG	2012	11,890	4,060	2.93	
HUNTINGTON HILLS	HUNTINGTON HILLS	HUN	1983	15,904	4,842	3.28	
BRIDGELAND/RIVERSIDE	BRIDGELAND/RIVERSIDE	BRD	1969	5,597	2,060	2.72	
HUNTINGTON HILLS	HUNTINGTON HILLS	HUN	1992	15,158	5,067	2.99	
SOUTHWOOD	SOUTHWOOD	SOW	1988	6,828	2,517	2.71	
DOWNTOWN COMMERCIAL CORE	DOWNTOWN COMMERCIAL CORE	DNC	1977	6,553	4,489	1.46	
ERLTON	ERLTON	ERL	1989	531	256	2.07	
ROCKY RIDGE	ROCKY RIDGE	ROC	1989	0	0	0	
MARLBOROUGH	MARLBOROUGH	MRL	1976	8,711	2,310	3.77	
DOWNTOWN COMMERCIAL CORE	DOWNTOWN COMMERCIAL CORE	DNC	1986	5,882	4,318	1.36	
DOWNTOWN COMMERCIAL CORE	DOWNTOWN COMMERCIAL CORE	DNC	1978	6,016	4,154	1.45	
MILLRISE	MILLRISE	MLR	1998	4,732	1,572	3.01	
DEER RIDGE	DEER RIDGE	DRG	1999	4,689	1,571	2.98	
BAYVIEW	BAYVIEW	BYV	1982	819	237	3.46	
DISCOVERY RIDGE	DISCOVERY RIDGE	DIS	2017	4,268	1,598	2.67	
COACH HILL	COACH HILL	COA	1973	36	10	3.6	
ROSEMONT	ROSEMONT	RMT	1982	1,378	524	2.63	
BRAESIDE	BRAESIDE	BRA	1994	6,889	2,476	2.78	
MAYFAIR	MAYFAIR	MAF	1991	558	184	3.03	
BELTLINE	BELTLINE	BLN	1975	14,197	8,482	1.67	Combined communities of CONNAUGHT (CON) and VICTORIA PARK (VIC)
MAYFAIR	MAYFAIR	MAF	2004	540	174	3.1	
ABBEYDALE	ABBEYDALE	ABB	1977	0	0	0	
WALDEN	WALDEN	WAL	1985	0	0	0	
CHARLESWOOD/COLLINGWOOD	CHARLESWOOD		1985	6,467	2,358	2.74	Combined communities of CHARLESWOOD (CHW) and COLLINGWOOD (COL)
EAGLE RIDGE	EAGLE RIDGE	EAG	1977	585	108	5.42	
GARRISON GREEN	GARRISON GREEN	GAG	1990	644	196	3.29	
SOUTHVIEW	SOUTHVIEW	SOV	2004	2,100	838	2.51	
GARRISON GREEN	GARRISON GREEN	GAG	1979	797	227	3.51	
HAYSBORO	HAYSBORO	HAY	1971	7,839	1,896	4	
WHITEHORN	WHITEHORN	WHI	1996	12,052	3,328	3.62	
ERLTON	ERLTON	ERL	1992	546	266	2.05	
COVENTRY HILLS	COVENTRY HILLS	COV	2007	13,890	4,717	2.94	
RUNDLE	RUNDLE	RUN	2004	11,157	3,494	3.19	
PARKHILL	PARKHILL	PKH	1986	1,153	587	1.96	
GARRISON WOODS	GARRISON WOODS	GAW	2001	0	0	0	
LEGACY	LEGACY	LEG	1978	0	0	0	
CAPITOL HILL	CAPITOL HILL	CAP	2012	4,015	2,033	1.97	
WEST SPRINGS	WEST SPRINGS	WSP	1969	0	0	0	
BANFF TRAIL	BANFF TRAIL	BNF	1973	4,330	1,468	2.95	
PARKDALE	PARKDALE	PKD	1984	1,867	809	2.31	
ROSSCARROCK	ROSSCARROCK	RCK	2000	3,388	1,489	2.28	
MAYLAND HEIGHTS	MAYLAND HEIGHTS	MAL	1998	6,157	2,532	2.43	
ELBOW PARK	ELBOW PARK	EPK	1968	4,160	1,204	3.46	
MARLBOROUGH	MARLBOROUGH	MRL	1975	8,620	2,290	3.76	
LAKE BONAVISTA	LAKE BONAVISTA	LKB	2010	10,738	4,017	2.67	
MISSION	MISSION	MIS	1992	3,337	2,275	1.47	
GARRISON GREEN	GARRISON GREEN	GAG	1996	646	204	3.17	
COPPERFIELD	COPPERFIELD	CPF	1989	0	0	0	
RIVERBEND	RIVERBEND	RIV	1974	73	22	3.32	
BRENTWOOD	BRENTWOOD	BRE	2000	6,414	2,522	2.54	
DOVER	DOVER	DOV	2011	10,302	4,418	2.33	
PARKLAND	PARKLAND	PKL	1985	4,914	1,345	3.65	
TUSCANY	TUSCANY	TUS	2013	19,425	6,396	3.04	
CURRIE BARRACKS	CURRIE BARRACKS	CUR	2013	268			
TUXEDO PARK	TUXEDO PARK	TUX	2012	4,571	2,357	1.94	
WHITEHORN	WHITEHORN	WHI	1997	12,166	3,352	3.63	
RUNDLE	RUNDLE	RUN	1969	0	0	0	
OAKRIDGE	OAKRIDGE	OAK	1998	6,689	2,273	2.94	
RED CARPET	RED CARPET	RED	1998	1,332	515	2.59	
CHRISTIE PARK	CHRISTIE PARK	CHR	1970	31	7	4.43	
SHAWNESSY	SHAWNESSY	SHN	1989	3,402	1,082	3.14	
WINDSOR PARK	WINDSOR PARK	WND	1974	2,977	1,316	2.26	
ROSEDALE	ROSEDALE	RDL	2017	1,536	584	2.63	
DOUGLASDALE/GLEN	DOUGLASDALE/GLEN	DDG	1980	0	0	0	
SKYVIEW RANCH	SKYVIEW RANCH	SKR	1972	0	0	0	
DOWNTOWN EAST VILLAGE	DOWNTOWN EAST VILLAGE	DNE	1984	1,089	578	1.88	
WOODBINE	WOODBINE	WBN	2015	9,145	3,330	2.75	
PUMP HILL	PUMP HILL	PUM	1975	234	30	7.8	
FOREST LAWN	FOREST LAWN	FLN	1993	8,242	2,976	2.77	
PINERIDGE	PINERIDGE	PIN	1983	10,059	3,189	3.15	
MAPLE RIDGE	MAPLE RIDGE	MPL	2016	1,953	801	2.44	
SIGNAL HILL	SIGNAL HILL	SIG	1984	59	13	4.54	
POINT MCKAY	POINT MCKAY	POI	1976	0	0	0	
SHAWNEE SLOPES	SHAWNEE SLOPES	SHS	2008	1,539	613	2.51	
SKYVIEW RANCH	SKYVIEW RANCH	SKR	1984	0	0	0	
UNIVERSITY OF CALGARY	UNIVERSITY OF CALGARY	UOC	1979	1,320	251	5.26	
DISCOVERY RIDGE	DISCOVERY RIDGE	DIS	1968	0	0	0	
PENBROOKE MEADOWS	PENBROOKE MEADOWS	PEN	2016	8,594	3,032	2.83	
CLIFF BUNGALOW	CLIFF BUNGALOW	CLI	1985	1,961	1,195	1.64	
BANKVIEW	BANKVIEW	BNK	1994	4,737	2,938	1.61	
RICHMOND	RICHMOND	RIC	2015	4,663	2,099	2.22	
WILLOW PARK	WILLOW PARK	WIL	1997	5,781	2,232	2.59	
ERLTON	ERLTON	ERL	2003	961	531	1.81	
MAPLE RIDGE	MAPLE RIDGE	MPL	2013	1,927	790	2.44	
TARADALE	TARADALE	TAR	2014	18,681	4,795	3.9	
BRIDLEWOOD	BRIDLEWOOD	BRI	1980	0	0	0	
ALTADORE	ALTADORE	ALT	1996	6,659	2,821	2.36	
CITYSCAPE	CITYSCAPE	CSC	2012	0	0	0	
HAMPTONS	HAMPTONS	HAM	2017	7,567	2,442	3.1	
BRIDGELAND/RIVERSIDE	BRIDGELAND/RIVERSIDE	BRD	2000	4,722	2,308	2.05	
CASTLERIDGE	CASTLERIDGE	CAS	1969	12	3	4	
WILDWOOD	WILDWOOD	WLD	2011	2,582	1,015	2.54	
ST. ANDREWS HEIGHTS	ST. ANDREWS HEIGHTS	STA	2017	1,717	567	3.03	
MARLBOROUGH	MARLBOROUGH	MRL	2009	8,176	2,904	2.82	
CASTLERIDGE	CASTLERIDGE	CAS	1981	642	202	3.18	
BRIDLEWOOD	BRIDLEWOOD	BRI	1975	0	0	0	
ABBEYDALE	ABBEYDALE	ABB	1999	6,787	1,966	3.45	
CHRISTIE PARK	CHRISTIE PARK	CHR	2014	2,217	715	3.1	
GREENWOOD/GREENBRIAR	GREENWOOD/GREENBRIAR	GRE	2014	950	484	1.96	
SUNNYSIDE	SUNNYSIDE	SSD	1991	3,512	2,150	1.63	
HIGHLAND PARK	HIGHLAND PARK	HPK	1993	3,743	1,824	2.05	
VARSITY	VARSITY	VAR	1992	12,895	5,143	2.51	
BEDDINGTON HEIGHTS	BEDDINGTON HEIGHTS	BED	2001	12,784	4,174	3.06	
UNIVERSITY HEIGHTS	UNIVERSITY HEIGHTS	UNI	1975	2,506	760	3.3	
UNIVERSITY HEIGHTS	UNIVERSITY HEIGHTS	UNI	2012	2,928	1,338	2.19	
MARTINDALE	MARTINDALE	MRT	1988	894	272	3.29	
SETON	SETON	SET	2017	350	3	116.67	
MEADOWLARK PARK	MEADOWLARK PARK	MEA	1973	1,024	293	3.49	
SOMERSET	SOMERSET	SOM	1971	0	0	0	
VALLEY RIDGE	VALLEY RIDGE	VAL	2016	5,659	1,902	2.98	
LOWER MOUNT ROYAL	LOWER MOUNT ROYAL	LMR	1982	3,122	1,824	1.71	
SETON	SETON	SET	1989	0	0	0	
SPRUCE CLIFF	SPRUCE CLIFF	SPR	1994	3,098	1,317	2.35	
PARKDALE	PARKDALE	PKD	2013	2,305	917	2.51	
DEER RIDGE	DEER RIDGE	DRG	1997	4,808	1,570	3.06	
SPRUCE CLIFF	SPRUCE CLIFF	SPR	2001	2,776	1,192	2.33	
CHARLESWOOD/COLLINGWOOD	CHARLESWOOD		1996	6,000	2,408	2.49	Combined communities of CHARLESWOOD (CHW) and COLLINGWOOD (COL)
BRIDGELAND/RIVERSIDE	BRIDGELAND/RIVERSIDE	BRD	2014	5,962	2,954	2.02	
GREENVIEW	GREENVIEW	GRV	1969	1,348	305	4.42	
CRESTMONT	CRESTMONT	CRM	2013	1,517	459	3.31	
EAGLE RIDGE	EAGLE RIDGE	EAG	1968	452	68	6.65	
TEMPLE	TEMPLE	TEM	2007	11,075	3,488	3.18	
RED CARPET	RED CARPET	RED	1975	993	310	3.2	
FAIRVIEW	FAIRVIEW	FAI	1988	4,027	1,531	2.63	
CHINOOK PARK	CHINOOK PARK	CHK	1974	2,213	583	3.8	
TUXEDO PARK	TUXEDO PARK	TUX	1970	4,998	1,865	2.68	
PUMP HILL	PUMP HILL	PUM	1989	1,660	517	3.21	
SOUTH CALGARY	SOUTH CALGARY	SOC	1980	3,393	1,586	2.14	
ACADIA	ACADIA	ACA	1978	12,264	3,771	3.25	
ABBEYDALE	ABBEYDALE	ABB	2000	6,624	1,954	3.39	
WEST HILLHURST	WEST HILLHURST	WHL	1994	4,916	2,451	2.01	
SHAWNESSY	SHAWNESSY	SHN	2007	9,533	3,253	2.93	
DEER RUN	DEER RUN	DRN	1978	33	9	3.67	
SOMERSET	SOMERSET	SOM	1988	15	5	3	
DOWNTOWN EAST VILLAGE	DOWNTOWN EAST VILLAGE	DNE	1971	916	331	2.77	
CANYON MEADOWS	CANYON MEADOWS	CAN	1988	8,423	2,800	3.01	
LAKE BONAVISTA	LAKE BONAVISTA	LKB	1988	12,258	3,613	3.39	
PALLISER	PALLISER	PAL	2010	3,198	1,622	1.97	
HOUNSFIELD HEIGHTS/BRIAR HILL	HOUNSFIELD HEIGHTS/BRIAR HILL	HOU	1990	2,638	926	2.85	
PATTERSON	PATTERSON	PAT	1990	1,305	639	2.04	
HIGHLAND PARK	HIGHLAND PARK	HPK	2010	3,472	1,810	1.92	
SHERWOOD	SHERWOOD	SHW	1987	0	0	0	
SOUTHVIEW	SOUTHVIEW	SOV	1992	2,391	850	2.81	
MEADOWLARK PARK	MEADOWLARK PARK	MEA	2002	679	289	2.35	
DALHOUSIE	DALHOUSIE	DAL	1975	7,783	2,142	3.63	
THORNCLIFFE	THORNCLIFFE	THO	1993	9,579	3,558	2.69	
ALTADORE	ALTADORE	ALT	1975	5,828	2,098	2.78	
RED CARPET	RED CARPET	RED	2001	1,555	710	2.19	
CRANSTON	CRANSTON	CRA	1986	0	0	0	
SCENIC ACRES	SCENIC ACRES	SCE	1990	3,467	1,022	3.39	
SILVER SPRINGS	SILVER SPRINGS	SIL	1979	9,556	2,999	3.19	
VALLEY RIDGE	VALLEY RIDGE	VAL	1998	1,796	617	2.91	
NORTH HAVEN	NORTH HAVEN	NHV	1985	2,567	874	2.94	
BEDDINGTON HEIGHTS	BEDDINGTON HEIGHTS	BED	2010	11,761	4,183	2.81	
GARRISON WOODS	GARRISON WOODS	GAW	2009	0	0	0	
KELVIN GROVE	KELVIN GROVE	KEL	1977	2,358	762	3.09	
ROXBORO	ROXBORO	ROX	2003	406	153	2.65	
GARRISON GREEN	GARRISON GREEN	GAG	2007	828	432	1.92	At this time community was referred to as CFB - LINCOLN PARK PMQ (CFL)
DOUGLASDALE/GLEN	DOUGLASDALE/GLEN	DDG	1983	0	0	0	
RANCHLANDS	RANCHLANDS	RAN	1993	8,558	2,877	2.97	
BANKVIEW	BANKVIEW	BNK	1969	5,006	1,980	2.53	
KINCORA	KINCORA	KCA	1968	0	0	0	
ROYAL OAK	ROYAL OAK	ROY	2015	11,749	4,011	2.93	
WEST HILLHURST	WEST HILLHURST	WHL	1978	5,548	2,188	2.54	
REDSTONE	REDSTONE	RSN	1993	0	0	0	
INGLEWOOD	INGLEWOOD	ING	2014	3,647	1,981	1.84	
ELBOYA	ELBOYA	EYA	1997	1,743	759	2.3	
DALHOUSIE	DALHOUSIE	DAL	1970	2,220	561	3.96	
ROXBORO	ROXBORO	ROX	2010	420	152	2.76	
BEDDINGTON HEIGHTS	BEDDINGTON HEIGHTS	BED	1998	13,092	4,186	3.13	
EDGEMONT	EDGEMONT	EDG	1994	13,760	4,107	3.35	
CURRIE BARRACKS	CURRIE BARRACKS	CUR	2006	0			
BRIDGELAND/RIVERSIDE	BRIDGELAND/RIVERSIDE	BRD	1975	5,003	2,147	2.33	
POINT MCKAY	POINT MCKAY	POI	1996	1,333	802	1.66	
RUNDLE	RUNDLE	RUN	1983	11,419	3,296	3.46	
DOWNTOWN COMMERCIAL CORE	DOWNTOWN COMMERCIAL CORE	DNC	1975	6,163	4,132	1.49	
CAPITOL HILL	CAPITOL HILL	CAP	1988	3,789	1,910	1.98	
SHAWNEE SLOPES	SHAWNEE SLOPES	SHS	1999	1,420	479	2.96	
VISTA HEIGHTS	VISTA HEIGHTS	VIS	2009	2,220	797	2.79	
BRITANNIA	BRITANNIA	BRT	2007	743	290	2.56	
BRENTWOOD	BRENTWOOD	BRE	2001	6,384	2,521	2.53	
HIDDEN VALLEY	HIDDEN VALLEY	HID	1993	477	148	3.22	
CRESCENT HEIGHTS	CRESCENT HEIGHTS	CRE	1987	5,541	3,201	1.73	
BRIDGELAND/RIVERSIDE	BRIDGELAND/RIVERSIDE	BRD	1989	4,470	2,320	1.93	
EAGLE RIDGE	EAGLE RIDGE	EAG	2012	415	97	4.28	
MARTINDALE	MARTINDALE	MRT	2006	11,915	3,513	3.39	
DOWNTOWN WEST END	DOWNTOWN WEST END	DNW	2005	1,750	1,067	1.64	
SUNDANCE	SUNDANCE	SDC	2002	11,790	3,364	3.5	
LINCOLN PARK	LINCOLN PARK	LPK	2012	2,505	1,331	1.88	
BRAESIDE	BRAESIDE	BRA	1969	1,366	333	4.1	
ST. ANDREWS HEIGHTS	ST. ANDREWS HEIGHTS	STA	1989	1,904	717	2.66	
APPLEWOOD PARK	APPLEWOOD PARK	APP	1977	0	0	0	
ROSEDALE	ROSEDALE	RDL	2003	1,647	609	2.7	
FALCONRIDGE	FALCONRIDGE	FAL	1972	0	0	0	
CHAPARRAL	CHAPARRAL	CHA	2014	12,407	3,919	3.17	
REDSTONE	REDSTONE	RSN	1976	0	0	0	
BANFF TRAIL	BANFF TRAIL	BNF	1999	3,454	1,578	2.19	
HAYSBORO	HAYSBORO	HAY	1995	6,197	2,808	2	
RED CARPET	RED CARPET	RED	2015	1,668	884	1.89	
RIDEAU PARK	RIDEAU PARK	RID	1972	638	316	2.02	
PARKLAND	PARKLAND	PKL	2012	3,785	1,419	2.67	
APPLEWOOD PARK	APPLEWOOD PARK	APP	1992	1,297	365	3.55	
WOODLANDS	WOODLANDS	WOO	1976	83	3	27.67	
COACH HILL	COACH HILL	COA	1975	28	9	3.11	
BANKVIEW	BANKVIEW	BNK	1982	5,577	3,046	1.83	
OAKRIDGE	OAKRIDGE	OAK	1993	6,883	2,237	3.08	
MAPLE RIDGE	MAPLE RIDGE	MPL	2017	1,937	797	2.43	
WOODBINE	WOODBINE	WBN	1991	11,170	3,279	3.41	
RED CARPET	RED CARPET	RED	1989	1,140	447	2.55	
RANCHLANDS	RANCHLANDS	RAN	2006	7,698	2,905	2.65	
WEST SPRINGS	WEST SPRINGS	WSP	1998	260	85	3.06	
SKYVIEW RANCH	SKYVIEW RANCH	SKR	2003	0	0	0	
KINCORA	KINCORA	KCA	2003	0	0	0	
QUEENS PARK VILLAGE	QUEENS PARK VILLAGE	QPK	1970	0	0	0	
DOVER	DOVER	DOV	1989	11,315	3,594	3.15	
TEMPLE	TEMPLE	TEM	1972	13	3	4.33	
SHERWOOD	SHERWOOD	SHW	2012	2,523	728	3.47	
RIVERBEND	RIVERBEND	RIV	1995	9,472	3,192	2.97	
SAGE HILL	SAGE HILL	SGH	2008	78	24	3.25	
BRITANNIA	BRITANNIA	BRT	1979	901	314	2.87	
DOWNTOWN EAST VILLAGE	DOWNTOWN EAST VILLAGE	DNE	2006	2,232	846	2.64	
MCKENZIE TOWNE	MCKENZIE TOWNE	MCT	1977	0	0	0	
SUNNYSIDE	SUNNYSIDE	SSD	2008	3,661	2,210	1.66	
UPPER MOUNT ROYAL	UPPER MOUNT ROYAL	UMR	1973	2,927	985	2.97	
NORTH HAVEN UPPER	NORTH HAVEN UPPER	NHU	1992	783	245	3.2	
NOLAN HILL	NOLAN HILL	NOL	1970	0	0	0	
EDGEMONT	EDGEMONT	EDG	2009	16,534	5,345	3.09	
THORNCLIFFE	THORNCLIFFE	THO	2008	8,810	3,620	2.43	
NORTH HAVEN	NORTH HAVEN	NHV	1976	2,856	772	3.7	
CANYON MEADOWS	CANYON MEADOWS	CAN	1981	8,284	2,484	3.33	
MAYLAND HEIGHTS	MAYLAND HEIGHTS	MAL	2010	5,806	2,614	2.22	
TEMPLE	TEMPLE	TEM	2008	10,926	3,485	3.14	
CLIFF BUNGALOW	CLIFF BUNGALOW	CLI	1970	2,133	1,065	2	
DOWNTOWN WEST END	DOWNTOWN WEST END	DNW	1999	433	272	1.59	
RANCHLANDS	RANCHLANDS	RAN	1974	11	4	2.75	
GLENBROOK	GLENBROOK	GBK	1998	7,042	2,930	2.4	
EVANSTON	EVANSTON	EVN	1997	23	7	3.29	
COUNTRY HILLS	COUNTRY HILLS	COU	2016	3,829	1,407	2.72	
HIGHLAND PARK	HIGHLAND PARK	HPK	1990	3,757	1,823	2.06	
SPRINGBANK HILL	SPRINGBANK HILL	SPH	1983	0	0	0	
CHINOOK PARK	CHINOOK PARK	CHK	1996	1,713	575	2.98	
GREENWOOD/GREENBRIAR	GREENWOOD/GREENBRIAR	GRE	2009	935	477	1.96	
LOWER MOUNT ROYAL	LOWER MOUNT ROYAL	LMR	1978	3,042	1,817	1.67	
SETON	SETON	SET	2002	0	0	0	
WESTGATE	WESTGATE	WGT	2000	3,347	1,334	2.51	
BELVEDERE	BELVEDERE	BVD	1981	0	0	0	
TEMPLE	TEMPLE	TEM	2003	11,537	3,462	3.33	
GREENWOOD/GREENBRIAR	GREENWOOD/GREENBRIAR	GRE	1998	965	443	2.18	
CORAL SPRINGS	CORAL SPRINGS	COR	2014	6,018	1,511	3.98	
DISCOVERY RIDGE	DISCOVERY RIDGE	DIS	1969	0	0	0	
MARTINDALE	MARTINDALE	MRT	1970	0	0	0	
SCENIC ACRES	SCENIC ACRES	SCE	2010	8,865	2,893	3.06	
RICHMOND	RICHMOND	RIC	1973	4,574	1,686	2.71	
TUSCANY	TUSCANY	TUS	1999	2,780	989	2.81	
MEADOWLARK PARK	MEADOWLARK PARK	MEA	1974	984	294	3.35	
RED CARPET	RED CARPET	RED	2005	1,752	897	1.95	
HAWKWOOD	HAWKWOOD	HAW	2016	9,697	3,292	2.95	
NORTH GLENMORE PARK	NORTH GLENMORE PARK	NGM	2007	2,458	980	2.51	
SANDSTONE VALLEY	SANDSTONE VALLEY	SAN	1973	0	0	0	
HIDDEN VALLEY	HIDDEN VALLEY	HID	2006	11,858	3,823	3.1	
SCENIC ACRES	SCENIC ACRES	SCE	1988	2,476	765	3.24	
SILVER SPRINGS	SILVER SPRINGS	SIL	2014	8,900	3,470	2.56	
CORAL SPRINGS	CORAL SPRINGS	COR	1997	2,312	581	3.98	
MIDNAPORE	MIDNAPORE	MID	1999	7,280	2,481	2.93	
MACEWAN GLEN	MACEWAN GLEN	MAC	2003	5,584	1,760	3.17	
MAYLAND HEIGHTS	MAYLAND HEIGHTS	MAL	1979	5,492	1,675	3.28	
GLENBROOK	GLENBROOK	GBK	2007	6,857	3,083	2.22	
CHINOOK PARK	CHINOOK PARK	CHK	1981	1,795	578	3.11	
OAKRIDGE	OAKRIDGE	OAK	2007	5,978	2,238	2.67	
CEDARBRAE	CEDARBRAE	CED	2012	6,237	2,573	2.42	
WINDSOR PARK	WINDSOR PARK	WND	1992	3,555	2,041	1.74	
OGDEN	OGDEN	OGD	1996	10,178	3,759	2.71	
HILLHURST	HILLHURST	HIL	2007	5,215	2,523	2.07	
STRATHCONA PARK	STRATHCONA PARK	STR	1984	2,747	946	2.9	
CHINATOWN	CHINATOWN	CHN	1993	1,267	760	1.67	
GARRISON GREEN	GARRISON GREEN	GAG	1986	659	196	3.36	
VARSITY	VARSITY	VAR	2016	12,612	5,537	2.28	
MCKENZIE TOWNE	MCKENZIE TOWNE	MCT	1983	0	0	0	
KELVIN GROVE	KELVIN GROVE	KEL	1982	2,366	777	3.05	
DEER RUN	DEER RUN	DRN	2007	5,679	2,063	2.75	
MANCHESTER	MANCHESTER	MAN	1986	280	166	1.69	
SILVER SPRINGS	SILVER SPRINGS	SIL	1984	10,217	3,184	3.21	
HOUNSFIELD HEIGHTS/BRIAR HILL	HOUNSFIELD HEIGHTS/BRIAR HILL	HOU	1971	3,294	891	3.7	
COUNTRY HILLS	COUNTRY HILLS	COU	1970	0	0	0	
MONTEREY PARK	MONTEREY PARK	MOR	1979	0	0	0	
MARLBOROUGH PARK	MARLBOROUGH PARK	MPK	2012	8,391	2,910	2.88	
CASTLERIDGE	CASTLERIDGE	CAS	1993	6,442	1,772	3.64	
EVERGREEN	EVERGREEN	EVE	1994	695	209	3.33	
TUSCANY	TUSCANY	TUS	2012	19,013	6,396	2.97	
ROSSCARROCK	ROSSCARROCK	RCK	2007	3,270	1,443	2.27	
TEMPLE	TEMPLE	TEM	1995	11,832	3,421	3.46	
PATTERSON	PATTERSON	PAT	2002	4,111	1,799	2.29	
ROYAL OAK	ROYAL OAK	ROY	1976	0	0	0	
FALCONRIDGE	FALCONRIDGE	FAL	2007	10,240	3,254	3.15	
DOVER	DOVER	DOV	1977	10,647	2,874	3.7	
NORTH HAVEN	NORTH HAVEN	NHV	1991	2,617	945	2.77	
SETON	SETON	SET	1968	0	0	0	
MAYFAIR	MAYFAIR	MAF	2017	431	149	2.89	
CHAPARRAL	CHAPARRAL	CHA	1973	0	0	0	
DOVER	DOVER	DOV	1985	10,619	3,349	3.17	
COUGAR RIDGE	COUGAR RIDGE	CGR	1996	55	19	2.89	
ALBERT PARK/RADISSON HEIGHTS	ALBERT PARK/RADISSON HEIGHTS	ALB	1984	6,128	2,181	2.81	
SCARBORO/SUNALTA WEST	SCARBORO	SSW	2005	386	163	2.37	
WINSTON HEIGHTS/MOUNTVIEW	WINSTON HEIGHTS/MOUNTVIEW	WIN	1998	3,705	1,646	2.25	
COUGAR RIDGE	COUGAR RIDGE	CGR	1981	0	0	0	
BANKVIEW	BANKVIEW	BNK	1997	5,032	3,142	1.6	
WOODLANDS	WOODLANDS	WOO	1987	6,202	2,041	3.04	
GREENVIEW	GREENVIEW	GRV	1973	1,196	297	4.03	
MONTEREY PARK	MONTEREY PARK	MOR	2011	10,460	3,075	3.4	
CHINOOK PARK	CHINOOK PARK	CHK	1987	1,772	578	3.07	
CURRIE BARRACKS	CURRIE BARRACKS	CUR	1977	0			
SOMERSET	SOMERSET	SOM	2008	8,444	3,079	2.74	
SUNALTA	SUNALTA	SNA	1968	2,880	1,129	2.55	
ROYAL OAK	ROYAL OAK	ROY	1973	0	0	0	
RENFREW	RENFREW	REN	1977	6,190	2,320	2.67	
AUBURN BAY	AUBURN BAY	AUB	1980	0	0	0	
EAGLE RIDGE	EAGLE RIDGE	EAG	1990	532	108	4.93	
DEER RUN	DEER RUN	DRN	1972	0	0	0	
QUEENSLAND	QUEENSLAND	QLD	1975	1,735	506	3.43	
RENFREW	RENFREW	REN	1969	7,985	2,487	3.21	
CURRIE BARRACKS	CURRIE BARRACKS	CUR	1968	0			
COACH HILL	COACH HILL	COA	1997	3,084	1,256	2.46	
WINDSOR PARK	WINDSOR PARK	WND	2007	3,772	2,192	1.72	
WILLOW PARK	WILLOW PARK	WIL	1998	5,728	2,226	2.57	
MAYFAIR	MAYFAIR	MAF	2006	473	153	3.09	
DEER RIDGE	DEER RIDGE	DRG	2012	4,084	1,444	2.83	
ROCKY RIDGE	ROCKY RIDGE	ROC	1970	0	0	0	
INGLEWOOD	INGLEWOOD	ING	1972	3,165	1,171	2.7	
VALLEY RIDGE	VALLEY RIDGE	VAL	2017	5,622	1,915	2.94	
ERLTON	ERLTON	ERL	1977	797	338	2.36	
HARVEST HILLS	HARVEST HILLS	HAR	1988	0	0	0	
SOUTHVIEW	SOUTHVIEW	SOV	1997	2,263	866	2.61	
SKYVIEW RANCH	SKYVIEW RANCH	SKR	2002	11	3	3.67	
GARRISON WOODS	GARRISON WOODS	GAW	1991	0	0	0	
PANORAMA HILLS	PANORAMA HILLS	PAN	1999	1,000	297	3.37	
RICHMOND	RICHMOND	RIC	2008	3,892	1,898	2.05	
HOUNSFIELD HEIGHTS/BRIAR HILL	HOUNSFIELD HEIGHTS/BRIAR HILL	HOU	1977	2,882	885	3.26	
CRESCENT HEIGHTS	CRESCENT HEIGHTS	CRE	2014	6,235	3,370	1.85	
SANDSTONE VALLEY	SANDSTONE VALLEY	SAN	1985	917	296	3.1	
CAMBRIAN HEIGHTS	CAMBRIAN HEIGHTS	CAM	1995	2,110	882	2.39	
CHAPARRAL	CHAPARRAL	CHA	1999	2,819	932	3.02	
SHAWNESSY	SHAWNESSY	SHN	1993	7,058	2,196	3.21	
UPPER MOUNT ROYAL	UPPER MOUNT ROYAL	UMR	1978	2,857	1,041	2.74	
CRANSTON	CRANSTON	CRA	1997	0	0	0	
EVERGREEN	EVERGREEN	EVE	1977	0	0	0	
CITADEL	CITADEL	CIT	1968	0	0	0	
MAYLAND HEIGHTS	MAYLAND HEIGHTS	MAL	1971	6,125	1,491	4.11	
CHINATOWN	CHINATOWN	CHN	2000	1,281	743	1.72	
ROSEDALE	ROSEDALE	RDL	2008	1,576	593	2.66	
ELBOW PARK	ELBOW PARK	EPK	1986	3,295	1,173	2.81	
RED CARPET	RED CARPET	RED	1981	1,129	413	2.73	
WEST SPRINGS	WEST SPRINGS	WSP	1982	0	0	0	
PATTERSON	PATTERSON	PAT	2007	4,095	1,833	2.23	
CRANSTON	CRANSTON	CRA	2012	11,857	4,139	2.86	
LAKE BONAVISTA	LAKE BONAVISTA	LKB	2007	10,459	3,655	2.86	
SHERWOOD	SHERWOOD	SHW	2003	0	0	0	
RENFREW	RENFREW	REN	1996	5,384	2,662	2.02	
SHERWOOD	SHERWOOD	SHW	2013	3,122	947	3.3	
DALHOUSIE	DALHOUSIE	DAL	2002	9,229	3,612	2.56	
COUGAR RIDGE	COUGAR RIDGE	CGR	1982	0	0	0	
EDGEMONT	EDGEMONT	EDG	1978	0	0	0	
CURRIE BARRACKS	CURRIE BARRACKS	CUR	1983	11			
CEDARBRAE	CEDARBRAE	CED	2013	6,273	2,567	2.44	
MANCHESTER	MANCHESTER	MAN	1975	439	171	2.57	
VISTA HEIGHTS	VISTA HEIGHTS	VIS	2013	2,282	821	2.78	
NEW BRIGHTON	NEW BRIGHTON	NEB	1973	0	0	0	
MCKENZIE LAKE	MCKENZIE LAKE	MCK	2000	14,313	4,349	3.29	
BELTLINE	BELTLINE	BLN	1992	15,652	9,766	1.6	Combined communities of CONNAUGHT (CON) and VICTORIA PARK (VIC)
BELTLINE	BELTLINE	BLN	2014	21,357	13,385	1.6	
THORNCLIFFE	THORNCLIFFE	THO	1981	10,687	3,603	2.97	
SPRINGBANK HILL	SPRINGBANK HILL	SPH	1977	0	0	0	
RICHMOND	RICHMOND	RIC	2002	4,106	1,966	2.09	
WALDEN	WALDEN	WAL	2005	0	0	0	
HIGHWOOD	HIGHWOOD	HIW	1973	3,078	856	3.6	
BANFF TRAIL	BANFF TRAIL	BNF	1998	3,431	1,577	2.18	
WILDWOOD	WILDWOOD	WLD	1983	3,058	1,046	2.92	
PARKHILL	PARKHILL	PKH	2012	1,592	779	2.04	
SHAWNESSY	SHAWNESSY	SHN	1979	0	0	0	
COPPERFIELD	COPPERFIELD	CPF	1998	0	0	0	
SHAWNEE SLOPES	SHAWNEE SLOPES	SHS	2000	1,533	533	2.88	
DOUGLASDALE/GLEN	DOUGLASDALE/GLEN	DDG	2010	11,546	3,920	2.95	
ERLTON	ERLTON	ERL	1968	1,019	358	2.85	
GREENVIEW	GREENVIEW	GRV	1986	2,094	908	2.31	
KILLARNEY/GLENGARRY	KILLARNEY/GLENGARRY	KIL	2005	6,608	3,227	2.05	
CAMBRIAN HEIGHTS	CAMBRIAN HEIGHTS	CAM	1976	2,793	861	3.24	
GREENVIEW	GREENVIEW	GRV	2012	1,975	1,054	1.87	
RED CARPET	RED CARPET	RED	1971	16	4	4	
GREENVIEW	GREENVIEW	GRV	2008	1,966	1,025	1.92	
LINCOLN PARK	LINCOLN PARK	LPK	2009	2,586	1,354	1.91	
HUNTINGTON HILLS	HUNTINGTON HILLS	HUN	1998	14,669	5,145	2.85	
CHARLESWOOD/COLLINGWOOD	CHARLESWOOD		1995	6,009	2,404	2.5	Combined communities of CHARLESWOOD (CHW) and COLLINGWOOD (COL)
ACADIA	ACADIA	ACA	1970	11,606	2,722	4.26	
PARKHILL	PARKHILL	PKH	2010	1,603	776	2.07	
COUNTRY HILLS VILLAGE	COUNTRY HILLS VILLAGE	CHV	1982	0	0	0	
FALCONRIDGE	FALCONRIDGE	FAL	2016	10,881	3,329	3.27	
PENBROOKE MEADOWS	PENBROOKE MEADOWS	PEN	2015	8,864	3,112	2.85	
CORNERSTONE	CORNERSTONE	CNS	2011	0	0	0	
COACH HILL	COACH HILL	COA	1968	31	6	5.17	
GREENVIEW	GREENVIEW	GRV	1995	2,174	1,035	2.1	
SCARBORO/SUNALTA WEST	SCARBORO	SSW	1982	419	159	2.64	
CHRISTIE PARK	CHRISTIE PARK	CHR	2002	2,360	725	3.26	
DOWNTOWN COMMERCIAL CORE	DOWNTOWN COMMERCIAL CORE	DNC	1994	6,478	4,318	1.5	
PARKHILL	PARKHILL	PKH	1988	1,360	693	1.96	
ELBOYA	ELBOYA	EYA	1996	1,645	734	2.24	
MISSION	MISSION	MIS	2004	3,603	2,498	1.44	
ST. ANDREWS HEIGHTS	ST. ANDREWS HEIGHTS	STA	1970	2,484	620	4.01	
TEMPLE	TEMPLE	TEM	2014	11,303	3,571	3.17	
BAYVIEW	BAYVIEW	BYV	1968	17	4	4.25	
HIGHLAND PARK	HIGHLAND PARK	HPK	2013	3,737	1,877	1.99	
HIGHWOOD	HIGHWOOD	HIW	2000	2,140	907	2.36	
MCKENZIE LAKE	MCKENZIE LAKE	MCK	2011	14,062	4,562	3.08	
MEADOWLARK PARK	MEADOWLARK PARK	MEA	1992	671	291	2.31	
RANCHLANDS	RANCHLANDS	RAN	1991	8,727	2,869	3.04	
SUNALTA	SUNALTA	SNA	2007	3,241	1,909	1.7	
BELVEDERE	BELVEDERE	BVD	1980	0	0	0	
BANKVIEW	BANKVIEW	BNK	1998	5,238	3,213	1.63	
SHERWOOD	SHERWOOD	SHW	1973	0	0	0	
RENFREW	RENFREW	REN	1992	5,441	2,595	2.1	
CEDARBRAE	CEDARBRAE	CED	2000	6,737	2,428	2.77	
PANORAMA HILLS	PANORAMA HILLS	PAN	2007	11,896	3,632	3.28	
PARKDALE	PARKDALE	PKD	2000	1,740	829	2.1	
MIDNAPORE	MIDNAPORE	MID	1979	3,083	955	3.23	
QUEENSLAND	QUEENSLAND	QLD	2008	5,026	1,839	2.73	
NORTH HAVEN UPPER	NORTH HAVEN UPPER	NHU	2000	690	242	2.85	
ARBOUR LAKE	ARBOUR LAKE	ARB	1984	0	0	0	
HUNTINGTON HILLS	HUNTINGTON HILLS	HUN	1995	14,564	5,074	2.87	
CRANSTON	CRANSTON	CRA	1989	17	6	2.83	
MACEWAN GLEN	MACEWAN GLEN	MAC	2007	5,382	1,751	3.07	
CASTLERIDGE	CASTLERIDGE	CAS	2001	6,405	1,810	3.54	
PUMP HILL	PUMP HILL	PUM	2001	1,913	552	3.47	
HIGHWOOD	HIGHWOOD	HIW	2016	2,329	934	2.49	
SAGE HILL	SAGE HILL	SGH	2012	2,189	809	2.71	
COVENTRY HILLS	COVENTRY HILLS	COV	1991	27	9	3	
UNIVERSITY HEIGHTS	UNIVERSITY HEIGHTS	UNI	1986	2,901	1,227	2.36	
OAKRIDGE	OAKRIDGE	OAK	1988	7,204	2,235	3.22	
COUGAR RIDGE	COUGAR RIDGE	CGR	1988	0	0	0	
WINSTON HEIGHTS/MOUNTVIEW	WINSTON HEIGHTS/MOUNTVIEW	WIN	1997	3,707	1,616	2.29	
PENBROOKE MEADOWS	PENBROOKE MEADOWS	PEN	1982	10,031	2,757	3.64	
VARSITY	VARSITY	VAR	1995	12,374	5,126	2.41	
HUNTINGTON HILLS	HUNTINGTON HILLS	HUN	2016	13,497	5,364	2.52	
CHINATOWN	CHINATOWN	CHN	1991	1,310	732	1.79	
RICHMOND	RICHMOND	RIC	1989	3,714	1,752	2.12	
EAU CLAIRE	EAU CLAIRE	EAU	1973	616	264	2.33	
COUNTRY HILLS	COUNTRY HILLS	COU	2002	3,679	1,411	2.61	
UNIVERSITY OF CALGARY	UNIVERSITY OF CALGARY	UOC	1992	1,864	704	2.65	
ROYAL OAK	ROYAL OAK	ROY	1998	80	29	2.76	
EVERGREEN	EVERGREEN	EVE	2010	18,692	6,372	2.93	
COUGAR RIDGE	COUGAR RIDGE	CGR	2015	6,954	2,159	3.22	
ALTADORE	ALTADORE	ALT	1990	6,643	2,754	2.41	
BELTLINE	BELTLINE	BLN	2017	23,219	14,716	1.58	
THORNCLIFFE	THORNCLIFFE	THO	2011	8,640	3,619	2.39	
KINCORA	KINCORA	KCA	1993	13	2	6.5	
NORTH HAVEN UPPER	NORTH HAVEN UPPER	NHU	1993	773	246	3.14	
COUNTRY HILLS	COUNTRY HILLS	COU	1973	0	0	0	
RED CARPET	RED CARPET	RED	1990	1,330	506	2.63	
RANCHLANDS	RANCHLANDS	RAN	2013	7,833	3,001	2.61	
BEL-AIRE	BEL-AIRE	BEL	2002	482	152	3.17	
BAYVIEW	BAYVIEW	BYV	1979	781	203	3.85	
HOUNSFIELD HEIGHTS/BRIAR HILL	HOUNSFIELD HEIGHTS/BRIAR HILL	HOU	1998	2,612	912	2.86	
RIDEAU PARK	RIDEAU PARK	RID	2000	635	313	2.03	
HIDDEN VALLEY	HIDDEN VALLEY	HID	1995	2,194	729	3.01	
SETON	SETON	SET	2003	0	0	0	
CRESCENT HEIGHTS	CRESCENT HEIGHTS	CRE	1971	5,818	2,332	2.49	
DISCOVERY RIDGE	DISCOVERY RIDGE	DIS	1990	0	0	0	
QUEENSLAND	QUEENSLAND	QLD	1992	5,844	1,770	3.3	
COUNTRY HILLS	COUNTRY HILLS	COU	2005	3,695	1,402	2.64	
NORTH GLENMORE PARK	NORTH GLENMORE PARK	NGM	1996	2,511	982	2.56	
LINCOLN PARK	LINCOLN PARK	LPK	1996	1,188	540	2.2	
GARRISON WOODS	GARRISON WOODS	GAW	1976	0	0	0	
HAWKWOOD	HAWKWOOD	HAW	2008	10,205	3,290	3.1	
TUSCANY	TUSCANY	TUS	1973	0	0	0	
CRANSTON	CRANSTON	CRA	1988	11	3	3.67	
RUNDLE	RUNDLE	RUN	2014	11,542	3,670	3.14	
BANFF TRAIL	BANFF TRAIL	BNF	2003	3,616	1,633	2.21	
CEDARBRAE	CEDARBRAE	CED	1992	6,944	2,266	3.06	
FAIRVIEW	FAIRVIEW	FAI	1992	3,903	1,500	2.6	
NEW BRIGHTON	NEW BRIGHTON	NEB	1995	0	0	0	
OGDEN	OGDEN	OGD	1981	10,742	3,486	3.08	
MONTGOMERY	MONTGOMERY	MON	2017	4,353	1,794	2.43	
MILLRISE	MILLRISE	MLR	1983	694	226	3.07	
SILVER SPRINGS	SILVER SPRINGS	SIL	1988	10,272	3,273	3.14	
PARKDALE	PARKDALE	PKD	1994	1,712	825	2.08	
RED CARPET	RED CARPET	RED	2012	1,555	880	1.77	
BANKVIEW	BANKVIEW	BNK	1990	5,183	3,118	1.66	
DOWNTOWN EAST VILLAGE	DOWNTOWN EAST VILLAGE	DNE	2012	2,782	1,109	2.51	
ELBOW PARK	ELBOW PARK	EPK	2009	3,417	1,130	3.02	
BRAESIDE	BRAESIDE	BRA	1997	6,754	2,497	2.7	
WINDSOR PARK	WINDSOR PARK	WND	2003	3,750	2,124	1.77	
GREENVIEW	GREENVIEW	GRV	1987	2,079	886	2.35	
KILLARNEY/GLENGARRY	KILLARNEY/GLENGARRY	KIL	1999	6,361	3,089	2.06	
UPPER MOUNT ROYAL	UPPER MOUNT ROYAL	UMR	1998	2,634	1,029	2.56	
SILVER SPRINGS	SILVER SPRINGS	SIL	1976	5,487	1,680	3.27	
SUNNYSIDE	SUNNYSIDE	SSD	2017	4,206	2,492	1.69	
ST. ANDREWS HEIGHTS	ST. ANDREWS HEIGHTS	STA	1968	2,180	495	4.4	
SOUTHVIEW	SOUTHVIEW	SOV	1977	2,868	813	3.53	
SIGNAL HILL	SIGNAL HILL	SIG	1975	55	19	2.89	
DOWNTOWN EAST VILLAGE	DOWNTOWN EAST VILLAGE	DNE	1972	918	282	3.26	
WILLOW PARK	WILLOW PARK	WIL	1990	6,164	2,227	2.77	
SPRUCE CLIFF	SPRUCE CLIFF	SPR	1993	3,103	1,289	2.41	
SILVERADO	SILVERADO	SVO	2000	26	12	2.17	
PALLISER	PALLISER	PAL	2012	3,293	1,662	1.98	
DEER RIDGE	DEER RIDGE	DRG	1978	87	30	2.9	
GLAMORGAN	GLAMORGAN	GLA	2017	6,385	2,865	2.23	
ROSSCARROCK	ROSSCARROCK	RCK	2017	3,527	1,544	2.28	
HARVEST HILLS	HARVEST HILLS	HAR	2002	7,522	2,534	2.97	
DEER RIDGE	DEER RIDGE	DRG	1971	0	0	0	
KINGSLAND	KINGSLAND	KIN	1991	4,178	2,079	2.01	
ROCKY RIDGE	ROCKY RIDGE	ROC	1987	0	0	0	
NORTH HAVEN	NORTH HAVEN	NHV	2000	2,501	946	2.64	
TUXEDO PARK	TUXEDO PARK	TUX	2017	4,983	2,414	2.06	
AUBURN BAY	AUBURN BAY	AUB	2015	13,191	4,290	3.07	
PARKDALE	PARKDALE	PKD	1979	1,892	747	2.53	
HOUNSFIELD HEIGHTS/BRIAR HILL	HOUNSFIELD HEIGHTS/BRIAR HILL	HOU	1989	2,128	924	2.3	
LEGACY	LEGACY	LEG	2015	1,303	449	2.9	
ELBOYA	ELBOYA	EYA	1968	1,930	571	3.38	
KINGSLAND	KINGSLAND	KIN	1976	5,097	2,072	2.46	
LEGACY	LEGACY	LEG	1984	0	0	0	
MARTINDALE	MARTINDALE	MRT	2008	12,328	3,502	3.52	
PANORAMA HILLS	PANORAMA HILLS	PAN	1996	67	23	2.91	
CRESTMONT	CRESTMONT	CRM	2015	1,542	471	3.27	
WEST HILLHURST	WEST HILLHURST	WHL	2017	6,338	2,742	2.31	
ROSEMONT	ROSEMONT	RMT	1983	1,348	519	2.6	
RUNDLE	RUNDLE	RUN	1991	11,662	3,430	3.4	
BANKVIEW	BANKVIEW	BNK	1975	4,951	2,525	1.96	
CAMBRIAN HEIGHTS	CAMBRIAN HEIGHTS	CAM	2005	1,992	875	2.28	
LINCOLN PARK	LINCOLN PARK	LPK	1989	325	170	1.91	
HILLHURST	HILLHURST	HIL	1999	5,063	2,576	1.97	
CHINOOK PARK	CHINOOK PARK	CHK	1989	1,749	583	3	
MONTGOMERY	MONTGOMERY	MON	2010	3,705	1,552	2.39	
WEST HILLHURST	WEST HILLHURST	WHL	2005	5,466	2,610	2.09	
ACADIA	ACADIA	ACA	2014	10,969	4,884	2.25	
AUBURN BAY	AUBURN BAY	AUB	1997	0	0	0	
PARKLAND	PARKLAND	PKL	1996	4,444	1,351	3.29	
HOUNSFIELD HEIGHTS/BRIAR HILL	HOUNSFIELD HEIGHTS/BRIAR HILL	HOU	2001	2,601	897	2.9	
BRITANNIA	BRITANNIA	BRT	2015	711	285	2.49	
ACADIA	ACADIA	ACA	1972	13,589	3,384	4.02	
PANORAMA HILLS	PANORAMA HILLS	PAN	2017	25,925	7,958	3.26	
EAU CLAIRE	EAU CLAIRE	EAU	2010	1,724	1,096	1.57	
THORNCLIFFE	THORNCLIFFE	THO	1996	9,267	3,552	2.61	
SCARBORO/SUNALTA WEST	SCARBORO	SSW	1987	416	164	2.54	
PARKHILL	PARKHILL	PKH	1997	1,488	723	2.06	
PENBROOKE MEADOWS	PENBROOKE MEADOWS	PEN	2001	9,263	2,853	3.25	
WILDWOOD	WILDWOOD	WLD	1974	3,703	1,044	3.55	
SETON	SETON	SET	1972	0	0	0	
WILDWOOD	WILDWOOD	WLD	1987	2,758	1,041	2.65	
ALBERT PARK/RADISSON HEIGHTS	ALBERT PARK/RADISSON HEIGHTS	ALB	1985	6,242	2,243	2.78	
GARRISON WOODS	GARRISON WOODS	GAW	2017	3,179	1,374	2.31	
HAWKWOOD	HAWKWOOD	HAW	1992	8,786	2,565	3.43	
HAYSBORO	HAYSBORO	HAY	2015	7,255	3,486	2	
HARVEST HILLS	HARVEST HILLS	HAR	2007	7,483	2,523	2.97	
APPLEWOOD PARK	APPLEWOOD PARK	APP	2002	5,407	1,446	3.74	
FAIRVIEW	FAIRVIEW	FAI	1989	4,037	1,534	2.63	
FALCONRIDGE	FALCONRIDGE	FAL	1983	7,629	2,332	3.27	
ASPEN WOODS	ASPEN WOODS	ASP	1991	0	0	0	
PARKLAND	PARKLAND	PKL	2008	3,910	1,429	2.74	
QUEENS PARK VILLAGE	QUEENS PARK VILLAGE	QPK	2016	465	177	2.63	
CAMBRIAN HEIGHTS	CAMBRIAN HEIGHTS	CAM	1997	2,116	883	2.4	
CITADEL	CITADEL	CIT	1977	0	0	0	
BRITANNIA	BRITANNIA	BRT	2011	746	279	2.67	
FOREST LAWN	FOREST LAWN	FLN	1974	8,035	2,165	3.71	
BRIDGELAND/RIVERSIDE	BRIDGELAND/RIVERSIDE	BRD	1973	5,435	2,148	2.53	
RENFREW	RENFREW	REN	1975	6,377	2,317	2.75	
KILLARNEY/GLENGARRY	KILLARNEY/GLENGARRY	KIL	1995	6,163	2,955	2.09	
RIDEAU PARK	RIDEAU PARK	RID	1978	626	315	1.99	
MOUNT PLEASANT	MOUNT PLEASANT	MOP	2005	4,729	2,262	2.09	
BANFF TRAIL	BANFF TRAIL	BNF	1989	3,422	1,587	2.16	
COPPERFIELD	COPPERFIELD	CPF	1987	0	0	0	
MOUNT PLEASANT	MOUNT PLEASANT	MOP	2011	4,718	2,254	2.09	
ALTADORE	ALTADORE	ALT	1979	7,409	2,651	2.79	
MIDNAPORE	MIDNAPORE	MID	2003	7,367	2,562	2.88	
UNIVERSITY DISTRICT	UNIVERSITY DISTRICT	UND	2005	0	0	0	
SUNDANCE	SUNDANCE	SDC	1990	7,233	2,030	3.56	
COVENTRY HILLS	COVENTRY HILLS	COV	1969	0	0	0	
PARKLAND	PARKLAND	PKL	2013	3,790	1,425	2.66	
MIDNAPORE	MIDNAPORE	MID	1985	7,184	2,333	3.08	
EAGLE RIDGE	EAGLE RIDGE	EAG	2009	256	96	2.67	
SHERWOOD	SHERWOOD	SHW	2014	3,778	1,138	3.32	
KILLARNEY/GLENGARRY	KILLARNEY/GLENGARRY	KIL	1976	6,190	2,404	2.57	
ERLTON	ERLTON	ERL	2009	1,212	690	1.76	
CHAPARRAL	CHAPARRAL	CHA	2001	4,224	1,408	3	
SANDSTONE VALLEY	SANDSTONE VALLEY	SAN	1988	2,129	662	3.22	
SHAGANAPPI	SHAGANAPPI	SHG	2008	1,595	789	2.02	
COUGAR RIDGE	COUGAR RIDGE	CGR	1999	50	19	2.63	
BELVEDERE	BELVEDERE	BVD	2006	0	0	0	
ELBOYA	ELBOYA	EYA	1981	1,456	560	2.6	
SHAGANAPPI	SHAGANAPPI	SHG	2009	1,603	785	2.04	
THORNCLIFFE	THORNCLIFFE	THO	2010	8,710	3,633	2.4	
FOREST LAWN	FOREST LAWN	FLN	2014	8,037	3,146	2.55	
ERLTON	ERLTON	ERL	1997	506	256	1.98	
CHARLESWOOD/COLLINGWOOD	CHARLESWOOD		2001	6,041	2,418	2.5	Combined communities of CHARLESWOOD (CHW) and COLLINGWOOD (COL)
UNIVERSITY DISTRICT	UNIVERSITY DISTRICT	UND	2007	0	0	0	
BANFF TRAIL	BANFF TRAIL	BNF	1994	3,393	1,579	2.15	
KILLARNEY/GLENGARRY	KILLARNEY/GLENGARRY	KIL	1971	7,235	2,383	3.04	
ERIN WOODS	ERIN WOODS	ERI	1984	3,106	916	3.39	
GREENWOOD/GREENBRIAR	GREENWOOD/GREENBRIAR	GRE	2017	912	472	1.93	
WHITEHORN	WHITEHORN	WHI	1992	11,991	3,311	3.62	
LINCOLN PARK	LINCOLN PARK	LPK	2004	2,398	1,328	1.81	
MCKENZIE LAKE	MCKENZIE LAKE	MCK	1985	1,337	430	3.11	
ERIN WOODS	ERIN WOODS	ERI	2011	6,794	2,340	2.9	
CHINATOWN	CHINATOWN	CHN	2016	2,104	1,424	1.48	
HILLHURST	HILLHURST	HIL	1968	5,092	1,830	2.78	
SHAWNESSY	SHAWNESSY	SHN	2017	9,448	3,257	2.9	
EVANSTON	EVANSTON	EVN	1996	23	6	3.83	
HIGHLAND PARK	HIGHLAND PARK	HPK	2009	3,579	1,826	1.96	
MAHOGANY	MAHOGANY	MAH	1998	0	0	0	
CRESTMONT	CRESTMONT	CRM	2010	1,387	431	3.22	
BAYVIEW	BAYVIEW	BYV	1999	693	241	2.88	
CITYSCAPE	CITYSCAPE	CSC	1969	0	0	0	
RENFREW	RENFREW	REN	1991	5,151	2,464	2.09	
MIDNAPORE	MIDNAPORE	MID	1968	455	100	4.55	
WHITEHORN	WHITEHORN	WHI	1985	10,292	2,994	3.44	
RICHMOND	RICHMOND	RIC	1998	3,962	1,907	2.08	
SILVERADO	SILVERADO	SVO	2017	6,907	2,327	2.97	
ALBERT PARK/RADISSON HEIGHTS	ALBERT PARK/RADISSON HEIGHTS	ALB	1968	3,995	1,004	3.98	
CORNERSTONE	CORNERSTONE	CNS	2016	0	0	0	
ABBEYDALE	ABBEYDALE	ABB	1992	6,750	1,914	3.53	
WEST SPRINGS	WEST SPRINGS	WSP	2002	1,352	490	2.76	
TARADALE	TARADALE	TAR	1992	1,525	460	3.32	
DOUGLASDALE/GLEN	DOUGLASDALE/GLEN	DDG	2005	11,759	3,912	3.01	
BRENTWOOD	BRENTWOOD	BRE	1978	8,087	2,386	3.39	
QUEENSLAND	QUEENSLAND	QLD	1968	0	0	0	
SOUTH CALGARY	SOUTH CALGARY	SOC	1974	3,579	1,477	2.42	
SHERWOOD	SHERWOOD	SHW	1999	0	0	0	
CHARLESWOOD/COLLINGWOOD	CHARLESWOOD		2003	5,960	2,406	2.48	Combined communities of CHARLESWOOD (CHW) and COLLINGWOOD (COL)
MILLRISE	MILLRISE	MLR	1982	155	50	3.1	
SOUTHWOOD	SOUTHWOOD	SOW	1979	7,900	2,453	3.22	
MONTEREY PARK	MONTEREY PARK	MOR	1983	0	0	0	
WILDWOOD	WILDWOOD	WLD	2008	2,600	1,013	2.57	
ALBERT PARK/RADISSON HEIGHTS	ALBERT PARK/RADISSON HEIGHTS	ALB	1990	6,428	2,312	2.78	
EVERGREEN	EVERGREEN	EVE	2013	20,918	6,872	3.04	
EVERGREEN	EVERGREEN	EVE	1981	30	14	2.14	
KINCORA	KINCORA	KCA	1994	0	0	0	
DEER RIDGE	DEER RIDGE	DRG	1973	0	0	0	
KILLARNEY/GLENGARRY	KILLARNEY/GLENGARRY	KIL	2011	6,543	3,246	2.02	
ERLTON	ERLTON	ERL	1999	588	303	1.94	
THORNCLIFFE	THORNCLIFFE	THO	1990	9,962	3,610	2.76	
DEER RUN	DEER RUN	DRN	2017	5,111	2,008	2.55	
EVERGREEN	EVERGREEN	EVE	1979	31	13	2.38	
BAYVIEW	BAYVIEW	BYV	1975	775	186	4.17	
COACH HILL	COACH HILL	COA	2002	3,353	1,443	2.32	
GARRISON GREEN	GARRISON GREEN	GAG	1989	632	192	3.29	
CRESTMONT	CRESTMONT	CRM	1973	0	0	0	
SOUTHWOOD	SOUTHWOOD	SOW	2013	6,326	2,587	2.45	
HIGHWOOD	HIGHWOOD	HIW	1994	2,151	887	2.43	
AUBURN BAY	AUBURN BAY	AUB	2011	5,769	1,927	2.99	
PANORAMA HILLS	PANORAMA HILLS	PAN	2015	25,993	7,969	3.26	
DEER RIDGE	DEER RIDGE	DRG	1980	1,011	308	3.28	
CITADEL	CITADEL	CIT	1997	3,546	1,205	2.94	
CHARLESWOOD/COLLINGWOOD	CHARLESWOOD		1990	6,114	2,375	2.57	Combined communities of CHARLESWOOD (CHW) and COLLINGWOOD (COL)
WINDSOR PARK	WINDSOR PARK	WND	1995	3,531	2,039	1.73	
MIDNAPORE	MIDNAPORE	MID	1998	7,272	2,479	2.93	
INGLEWOOD	INGLEWOOD	ING	2013	3,682	1,970	1.87	
DOUGLASDALE/GLEN	DOUGLASDALE/GLEN	DDG	2014	12,952	4,572	2.83	
MAHOGANY	MAHOGANY	MAH	2003	11	7	1.57	
COACH HILL	COACH HILL	COA	1993	3,174	1,229	2.58	
BEDDINGTON HEIGHTS	BEDDINGTON HEIGHTS	BED	2014	11,867	4,266	2.78	
DOWNTOWN COMMERCIAL CORE	DOWNTOWN COMMERCIAL CORE	DNC	1988	5,828	4,284	1.36	
NEW BRIGHTON	NEW BRIGHTON	NEB	1989	0	0	0	
WINSTON HEIGHTS/MOUNTVIEW	WINSTON HEIGHTS/MOUNTVIEW	WIN	1974	4,355	1,500	2.9	
VARSITY	VARSITY	VAR	2015	12,669	5,486	2.31	
LAKE BONAVISTA	LAKE BONAVISTA	LKB	1981	13,314	3,618	3.68	
RIDEAU PARK	RIDEAU PARK	RID	1994	637	329	1.94	
CITYSCAPE	CITYSCAPE	CSC	2014	0	0	0	
WILDWOOD	WILDWOOD	WLD	2016	2,583	1,012	2.55	
CANYON MEADOWS	CANYON MEADOWS	CAN	2015	7,949	3,134	2.54	
WHITEHORN	WHITEHORN	WHI	2001	12,209	3,420	3.57	
BEL-AIRE	BEL-AIRE	BEL	2000	503	158	3.18	
EDGEMONT	EDGEMONT	EDG	1971	0	0	0	
NEW BRIGHTON	NEW BRIGHTON	NEB	2000	0	0	0	
PALLISER	PALLISER	PAL	1976	2,477	810	3.06	
ARBOUR LAKE	ARBOUR LAKE	ARB	1969	0	0	0	
SHAWNESSY	SHAWNESSY	SHN	2004	9,552	3,204	2.98	
BRITANNIA	BRITANNIA	BRT	2008	721	283	2.55	
MARTINDALE	MARTINDALE	MRT	2009	12,406	3,509	3.54	
MACEWAN GLEN	MACEWAN GLEN	MAC	1968	0	0	0	
MACEWAN GLEN	MACEWAN GLEN	MAC	2002	5,660	1,766	3.2	
ASPEN WOODS	ASPEN WOODS	ASP	1970	0	0	0	
BRIDGELAND/RIVERSIDE	BRIDGELAND/RIVERSIDE	BRD	1970	5,503	2,046	2.69	
CASTLERIDGE	CASTLERIDGE	CAS	1978	0	0	0	
DOWNTOWN WEST END	DOWNTOWN WEST END	DNW	2008	2,634	1,558	1.69	
SCARBORO/SUNALTA WEST	SCARBORO	SSW	1979	470	163	2.88	
LAKEVIEW	LAKEVIEW	LKV	1979	7,442	2,266	3.28	
PANORAMA HILLS	PANORAMA HILLS	PAN	1990	0	0	0	
NORTH HAVEN UPPER	NORTH HAVEN UPPER	NHU	1973	0	0	0	
RICHMOND	RICHMOND	RIC	2012	4,229	2,022	2.09	
BEL-AIRE	BEL-AIRE	BEL	2010	480	151	3.18	
QUEENSLAND	QUEENSLAND	QLD	2016	4,823	1,830	2.64	
SOMERSET	SOMERSET	SOM	2014	8,751	3,110	2.81	
CHRISTIE PARK	CHRISTIE PARK	CHR	1999	2,072	739	2.8	
QUEENSLAND	QUEENSLAND	QLD	1999	5,561	1,788	3.11	
BONAVISTA DOWNS	BONAVISTA DOWNS	BDO	2013	923	360	2.56	
GLAMORGAN	GLAMORGAN	GLA	1968	4,353	1,002	4.34	
UNIVERSITY DISTRICT	UNIVERSITY DISTRICT	UND	1993	0	0	0	
MAPLE RIDGE	MAPLE RIDGE	MPL	1991	2,369	801	2.96	
CLIFF BUNGALOW	CLIFF BUNGALOW	CLI	2010	1,806	1,212	1.49	
ALBERT PARK/RADISSON HEIGHTS	ALBERT PARK/RADISSON HEIGHTS	ALB	2016	6,673	2,719	2.45	
UNIVERSITY OF CALGARY	UNIVERSITY OF CALGARY	UOC	1984	1,805	491	3.68	
BRIDLEWOOD	BRIDLEWOOD	BRI	1990	23	8	2.88	
HARVEST HILLS	HARVEST HILLS	HAR	1970	0	0	0	
SKYVIEW RANCH	SKYVIEW RANCH	SKR	2008	0	0	0	
CHRISTIE PARK	CHRISTIE PARK	CHR	2013	2,214	717	3.09	
POINT MCKAY	POINT MCKAY	POI	1994	1,423	816	1.74	
MARTINDALE	MARTINDALE	MRT	1983	86	29	2.97	
WILLOW PARK	WILLOW PARK	WIL	2007	5,394	2,228	2.42	
DALHOUSIE	DALHOUSIE	DAL	2014	9,186	3,637	2.53	
RUTLAND PARK	RUTLAND PARK	RUT	1968	1,909	454	4.2	
STRATHCONA PARK	STRATHCONA PARK	STR	2014	7,140	2,412	2.96	
RENFREW	RENFREW	REN	2009	5,698	2,921	1.95	
SILVERADO	SILVERADO	SVO	1973	0	0	0	
DALHOUSIE	DALHOUSIE	DAL	1973	5,908	1,567	3.77	
DOUGLASDALE/GLEN	DOUGLASDALE/GLEN	DDG	2004	11,925	3,937	3.03	
ELBOW PARK	ELBOW PARK	EPK	2008	3,463	1,128	3.07	
SOUTHVIEW	SOUTHVIEW	SOV	2006	2,098	839	2.5	
KINGSLAND	KINGSLAND	KIN	1985	4,181	2,030	2.06	
ST. ANDREWS HEIGHTS	ST. ANDREWS HEIGHTS	STA	2010	1,561	592	2.64	
UNIVERSITY OF CALGARY	UNIVERSITY OF CALGARY	UOC	1991	1,555	703	2.21	
ABBEYDALE	ABBEYDALE	ABB	1986	6,140	1,758	3.49	
KELVIN GROVE	KELVIN GROVE	KEL	1986	2,177	837	2.6	
GLENBROOK	GLENBROOK	GBK	1970	5,740	1,512	3.8	
ROCKY RIDGE	ROCKY RIDGE	ROC	2001	2,341	856	2.73	
INGLEWOOD	INGLEWOOD	ING	1994	2,565	1,271	2.02	
ARBOUR LAKE	ARBOUR LAKE	ARB	1988	0	0	0	
SHAGANAPPI	SHAGANAPPI	SHG	1980	1,831	805	2.27	
COPPERFIELD	COPPERFIELD	CPF	2000	0	0	0	
HILLHURST	HILLHURST	HIL	1983	4,812	2,391	2.01	
PENBROOKE MEADOWS	PENBROOKE MEADOWS	PEN	1972	2,562	646	3.97	
GREENVIEW	GREENVIEW	GRV	1984	2,106	821	2.57	
COUNTRY HILLS VILLAGE	COUNTRY HILLS VILLAGE	CHV	1969	0	0	0	
QUEENSLAND	QUEENSLAND	QLD	1971	0	0	0	
RANCHLANDS	RANCHLANDS	RAN	1995	8,436	2,885	2.92	
CRESCENT HEIGHTS	CRESCENT HEIGHTS	CRE	2012	6,271	3,376	1.86	
MONTEREY PARK	MONTEREY PARK	MOR	2016	10,671	3,083	3.46	
COVENTRY HILLS	COVENTRY HILLS	COV	1975	0	0	0	
SOUTHVIEW	SOUTHVIEW	SOV	1980	2,756	836	3.3	
MAYLAND HEIGHTS	MAYLAND HEIGHTS	MAL	1986	6,375	2,419	2.64	
COACH HILL	COACH HILL	COA	2012	3,279	1,422	2.31	
WILDWOOD	WILDWOOD	WLD	2004	2,586	1,028	2.52	
ROXBORO	ROXBORO	ROX	1985	435	164	2.65	
SKYVIEW RANCH	SKYVIEW RANCH	SKR	1980	0	0	0	
CITYSCAPE	CITYSCAPE	CSC	2000	0	0	0	
INGLEWOOD	INGLEWOOD	ING	1998	2,814	1,407	2	
COUGAR RIDGE	COUGAR RIDGE	CGR	2009	5,525	1,836	3.01	
ROSEDALE	ROSEDALE	RDL	2011	1,592	595	2.68	
LEGACY	LEGACY	LEG	1995	0	0	0	
ELBOYA	ELBOYA	EYA	1970	1,800	563	3.2	
MAYLAND HEIGHTS	MAYLAND HEIGHTS	MAL	1973	6,151	1,600	3.84	
BRIDLEWOOD	BRIDLEWOOD	BRI	2014	12,588	4,138	3.04	
SPRUCE CLIFF	SPRUCE CLIFF	SPR	2002	2,925	1,278	2.29	
BRIDGELAND/RIVERSIDE	BRIDGELAND/RIVERSIDE	BRD	1976	4,965	2,179	2.28	
HAMPTONS	HAMPTONS	HAM	1987	0	0	0	
ROSEDALE	ROSEDALE	RDL	1984	1,530	660	2.32	
EVERGREEN	EVERGREEN	EVE	2012	20,110	6,766	2.97	
SADDLE RIDGE	SADDLE RIDGE	SAD	1995	118	38	3.11	
CASTLERIDGE	CASTLERIDGE	CAS	1976	0	0	0	
MAHOGANY	MAHOGANY	MAH	2014	2,660	846	3.14	
HAMPTONS	HAMPTONS	HAM	2000	5,763	1,729	3.33	
DOWNTOWN COMMERCIAL CORE	DOWNTOWN COMMERCIAL CORE	DNC	2009	7,719	4,354	1.77	
CASTLERIDGE	CASTLERIDGE	CAS	1973	0	0	0	
TUXEDO PARK	TUXEDO PARK	TUX	1977	4,195	1,843	2.28	
MCKENZIE TOWNE	MCKENZIE TOWNE	MCT	2017	18,106	6,948	2.61	
PANORAMA HILLS	PANORAMA HILLS	PAN	2001	2,321	688	3.37	
BRITANNIA	BRITANNIA	BRT	1988	732	316	2.32	
EVANSTON	EVANSTON	EVN	2010	5,183	1,675	3.09	
ELBOYA	ELBOYA	EYA	1987	1,622	723	2.24	
PANORAMA HILLS	PANORAMA HILLS	PAN	1971	0	0	0	
KILLARNEY/GLENGARRY	KILLARNEY/GLENGARRY	KIL	2003	6,488	3,226	2.01	
HIGHLAND PARK	HIGHLAND PARK	HPK	2007	3,660	1,882	1.94	
MEADOWLARK PARK	MEADOWLARK PARK	MEA	2005	595	262	2.27	
RAMSAY	RAMSAY	RAM	1987	2,173	1,010	2.15	
APPLEWOOD PARK	APPLEWOOD PARK	APP	1985	500	145	3.45	
CITADEL	CITADEL	CIT	2016	10,509	3,452	3.04	
BRIDLEWOOD	BRIDLEWOOD	BRI	1983	0	0	0	
PALLISER	PALLISER	PAL	2000	3,233	1,609	2.01	
CORNERSTONE	CORNERSTONE	CNS	2013	0	0	0	
ELBOYA	ELBOYA	EYA	1975	1,577	562	2.81	
MCKENZIE TOWNE	MCKENZIE TOWNE	MCT	1984	0	0	0	
EAU CLAIRE	EAU CLAIRE	EAU	2016	1,666	1,043	1.6	
DISCOVERY RIDGE	DISCOVERY RIDGE	DIS	2005	2,336	772	3.03	
LEGACY	LEGACY	LEG	2008	14	5	2.8	
RED CARPET	RED CARPET	RED	1978	1,205	411	2.93	
PARKDALE	PARKDALE	PKD	1991	1,705	792	2.15	
KELVIN GROVE	KELVIN GROVE	KEL	1984	2,218	801	2.77	
WILDWOOD	WILDWOOD	WLD	1977	3,487	1,044	3.34	
SPRUCE CLIFF	SPRUCE CLIFF	SPR	2017	4,562	2,259	2.02	
GLENBROOK	GLENBROOK	GBK	2014	7,202	3,115	2.31	
KELVIN GROVE	KELVIN GROVE	KEL	1992	2,166	846	2.56	
ROSEMONT	ROSEMONT	RMT	1994	1,246	527	2.36	
CANYON MEADOWS	CANYON MEADOWS	CAN	1985	8,232	2,635	3.12	
GARRISON GREEN	GARRISON GREEN	GAG	1987	660	199	3.32	
CITADEL	CITADEL	CIT	2017	10,293	3,441	2.99	
SHAWNEE SLOPES	SHAWNEE SLOPES	SHS	1983	14	4	3.5	
CHAPARRAL	CHAPARRAL	CHA	2013	12,018	3,774	3.18	
PATTERSON	PATTERSON	PAT	1982	48	17	2.82	
COUGAR RIDGE	COUGAR RIDGE	CGR	1997	60	20	3	
FOREST LAWN	FOREST LAWN	FLN	2009	7,676	3,069	2.5	
SUNDANCE	SUNDANCE	SDC	1973	0	0	0	
QUEENSLAND	QUEENSLAND	QLD	1969	0	0	0	
COVENTRY HILLS	COVENTRY HILLS	COV	2011	15,722	5,195	3.03	
CHINOOK PARK	CHINOOK PARK	CHK	2003	1,733	577	3	
CURRIE BARRACKS	CURRIE BARRACKS	CUR	1987	0			
SUNNYSIDE	SUNNYSIDE	SSD	2009	3,675	2,203	1.67	
CHINATOWN	CHINATOWN	CHN	2002	1,256	743	1.69	
ELBOYA	ELBOYA	EYA	2000	1,602	718	2.23	
AUBURN BAY	AUBURN BAY	AUB	2000	0	0	0	
SOUTH CALGARY	SOUTH CALGARY	SOC	1976	3,466	1,505	2.3	
GLENDALE	GLENDALE	GDL	1995	2,795	1,077	2.6	
SPRUCE CLIFF	SPRUCE CLIFF	SPR	1998	3,207	1,347	2.38	
WINDSOR PARK	WINDSOR PARK	WND	1996	3,558	2,040	1.74	
LAKEVIEW	LAKEVIEW	LKV	1987	6,292	2,303	2.73	
ARBOUR LAKE	ARBOUR LAKE	ARB	1992	36	11	3.27	
RAMSAY	RAMSAY	RAM	2006	2,039	1,049	1.94	
SILVERADO	SILVERADO	SVO	2013	5,966	1,969	3.03	
UPPER MOUNT ROYAL	UPPER MOUNT ROYAL	UMR	1994	2,610	1,018	2.56	
SUNNYSIDE	SUNNYSIDE	SSD	1978	3,411	1,839	1.85	
CORNERSTONE	CORNERSTONE	CNS	1996	0	0	0	
REDSTONE	REDSTONE	RSN	2012	0	0	0	
BELTLINE	BELTLINE	BLN	2000	17,448	10,586	1.65	Combined communities of CONNAUGHT (CON) and VICTORIA PARK (VIC)
DOWNTOWN WEST END	DOWNTOWN WEST END	DNW	1995	459	284	1.62	
SUNALTA	SUNALTA	SNA	2015	3,454	1,980	1.74	
BELVEDERE	BELVEDERE	BVD	1982	0	0	0	
HAWKWOOD	HAWKWOOD	HAW	1970	0	0	0	
MIDNAPORE	MIDNAPORE	MID	1990	7,697	2,478	3.11	
MAPLE RIDGE	MAPLE RIDGE	MPL	2014	1,936	788	2.46	
SILVER SPRINGS	SILVER SPRINGS	SIL	2003	9,641	3,459	2.79	
VARSITY	VARSITY	VAR	2004	11,936	5,046	2.37	
MAHOGANY	MAHOGANY	MAH	1982	0	0	0	
BELTLINE	BELTLINE	BLN	1985	14,812	9,398	1.58	Combined communities of CONNAUGHT (CON) and VICTORIA PARK (VIC)
ASPEN WOODS	ASPEN WOODS	ASP	1981	0	0	0	
COPPERFIELD	COPPERFIELD	CPF	2007	3,702	1,400	2.64	
PATTERSON	PATTERSON	PAT	2001	3,952	1,736	2.28	
MISSION	MISSION	MIS	1976	3,388	2,015	1.68	
WEST HILLHURST	WEST HILLHURST	WHL	2008	5,481	2,572	2.13	
PARKDALE	PARKDALE	PKD	2005	2,048	990	2.07	
ST. ANDREWS HEIGHTS	ST. ANDREWS HEIGHTS	STA	2013	1,611	611	2.64	
UNIVERSITY DISTRICT	UNIVERSITY DISTRICT	UND	1970	0	0	0	
NORTH HAVEN UPPER	NORTH HAVEN UPPER	NHU	1981	868	245	3.54	
COACH HILL	COACH HILL	COA	1982	2,334	892	2.62	
FOREST LAWN	FOREST LAWN	FLN	2015	8,179	3,116	2.62	
HIGHWOOD	HIGHWOOD	HIW	2003	2,214	921	2.4	
PINERIDGE	PINERIDGE	PIN	2013	9,988	3,640	2.74	
GLENBROOK	GLENBROOK	GBK	2012	7,056	3,109	2.27	
MCKENZIE LAKE	MCKENZIE LAKE	MCK	1971	0	0	0	
SUNDANCE	SUNDANCE	SDC	2007	11,240	3,341	3.36	
PINERIDGE	PINERIDGE	PIN	1971	62	17	3.65	
DOWNTOWN EAST VILLAGE	DOWNTOWN EAST VILLAGE	DNE	2017	3,480	1,624	2.14	
BANKVIEW	BANKVIEW	BNK	2013	5,256	3,281	1.6	
CRESCENT HEIGHTS	CRESCENT HEIGHTS	CRE	2011	5,895	3,236	1.82	
WESTGATE	WESTGATE	WGT	1993	3,469	1,318	2.63	
WEST HILLHURST	WEST HILLHURST	WHL	2012	5,802	2,593	2.24	
MOUNT PLEASANT	MOUNT PLEASANT	MOP	2003	4,805	2,279	2.11	
CHAPARRAL	CHAPARRAL	CHA	2002	4,867	1,618	3.01	
QUEENS PARK VILLAGE	QUEENS PARK VILLAGE	QPK	1974	0	0	0	
SILVERADO	SILVERADO	SVO	2016	6,763	2,285	2.96	
QUEENS PARK VILLAGE	QUEENS PARK VILLAGE	QPK	1969	0	0	0	
ERIN WOODS	ERIN WOODS	ERI	1977	0	0	0	
MAYFAIR	MAYFAIR	MAF	1994	563	186	3.03	
CHINOOK PARK	CHINOOK PARK	CHK	1979	2,005	582	3.45	
NORTH GLENMORE PARK	NORTH GLENMORE PARK	NGM	2013	2,342	941	2.49	
ROYAL OAK	ROYAL OAK	ROY	2013	11,075	3,831	2.89	
PARKDALE	PARKDALE	PKD	2015	2,393	925	2.59	
HARVEST HILLS	HARVEST HILLS	HAR	1996	2,788	967	2.88	
MAPLE RIDGE	MAPLE RIDGE	MPL	1981	2,923	801	3.65	
ALBERT PARK/RADISSON HEIGHTS	ALBERT PARK/RADISSON HEIGHTS	ALB	2005	6,031	2,409	2.5	
PARKLAND	PARKLAND	PKL	1998	4,377	1,351	3.24	
CRESCENT HEIGHTS	CRESCENT HEIGHTS	CRE	2007	6,118	3,398	1.8	
SOMERSET	SOMERSET	SOM	1980	12	5	2.4	
MAYLAND HEIGHTS	MAYLAND HEIGHTS	MAL	2000	6,127	2,513	2.44	
PENBROOKE MEADOWS	PENBROOKE MEADOWS	PEN	2009	8,199	2,838	2.89	
HUNTINGTON HILLS	HUNTINGTON HILLS	HUN	1982	15,619	4,623	3.38	
MEADOWLARK PARK	MEADOWLARK PARK	MEA	1998	663	293	2.26	
BRIDLEWOOD	BRIDLEWOOD	BRI	1978	0	0	0	
VISTA HEIGHTS	VISTA HEIGHTS	VIS	2000	2,308	752	3.07	
BRITANNIA	BRITANNIA	BRT	1973	993	315	3.15	
ROSSCARROCK	ROSSCARROCK	RCK	2016	3,639	1,547	2.35	
KINGSLAND	KINGSLAND	KIN	2017	4,667	2,238	2.09	
RUTLAND PARK	RUTLAND PARK	RUT	1969	1,890	465	4.06	
HAMPTONS	HAMPTONS	HAM	2001	6,548	1,958	3.34	
DOWNTOWN WEST END	DOWNTOWN WEST END	DNW	1997	469	294	1.6	
BRIDGELAND/RIVERSIDE	BRIDGELAND/RIVERSIDE	BRD	2005	4,514	2,168	2.08	
ELBOW PARK	ELBOW PARK	EPK	2017	3,360	1,130	2.97	
PUMP HILL	PUMP HILL	PUM	2016	1,671	545	3.07	
PATTERSON	PATTERSON	PAT	1984	355	165	2.15	
SAGE HILL	SAGE HILL	SGH	2016	5,493	1,984	2.77	
PATTERSON	PATTERSON	PAT	1991	1,108	495	2.24	
CHINOOK PARK	CHINOOK PARK	CHK	1982	1,943	581	3.34	
MILLRISE	MILLRISE	MLR	1972	57	16	3.56	
MAPLE RIDGE	MAPLE RIDGE	MPL	1970	3,425	786	4.36	
MOUNT PLEASANT	MOUNT PLEASANT	MOP	1984	4,463	2,139	2.09	
HUNTINGTON HILLS	HUNTINGTON HILLS	HUN	1981	15,429	4,571	3.38	
MANCHESTER	MANCHESTER	MAN	1984	235	137	1.72	
SPRUCE CLIFF	SPRUCE CLIFF	SPR	1989	3,192	1,363	2.34	
APPLEWOOD PARK	APPLEWOOD PARK	APP	2012	6,498	2,026	3.21	
SPRUCE CLIFF	SPRUCE CLIFF	SPR	1982	3,368	1,340	2.51	
LOWER MOUNT ROYAL	LOWER MOUNT ROYAL	LMR	2011	2,981	2,007	1.49	
VALLEY RIDGE	VALLEY RIDGE	VAL	2008	5,011	1,684	2.98	
ROSSCARROCK	ROSSCARROCK	RCK	1996	3,384	1,434	2.36	
MAYLAND HEIGHTS	MAYLAND HEIGHTS	MAL	1972	6,343	1,609	3.94	
DISCOVERY RIDGE	DISCOVERY RIDGE	DIS	2006	3,105	1,088	2.85	
BEDDINGTON HEIGHTS	BEDDINGTON HEIGHTS	BED	1981	8,441	2,732	3.09	
UNIVERSITY OF CALGARY	UNIVERSITY OF CALGARY	UOC	1983	1,428	248	5.76	
ROXBORO	ROXBORO	ROX	1970	512	168	3.05	
WALDEN	WALDEN	WAL	1974	0	0	0	
THORNCLIFFE	THORNCLIFFE	THO	2015	8,931	3,681	2.43	
LOWER MOUNT ROYAL	LOWER MOUNT ROYAL	LMR	1974	3,140	1,771	1.77	
OAKRIDGE	OAKRIDGE	OAK	1996	6,731	2,268	2.97	
GREENVIEW	GREENVIEW	GRV	1985	2,186	907	2.41	
WINDSOR PARK	WINDSOR PARK	WND	1988	3,515	2,045	1.72	
BANFF TRAIL	BANFF TRAIL	BNF	1975	3,988	1,437	2.78	
CRESCENT HEIGHTS	CRESCENT HEIGHTS	CRE	1974	5,531	2,547	2.17	
SHAWNEE SLOPES	SHAWNEE SLOPES	SHS	1976	26	8	3.25	
VARSITY	VARSITY	VAR	2008	12,099	5,285	2.29	
KILLARNEY/GLENGARRY	KILLARNEY/GLENGARRY	KIL	1968	7,671	2,347	3.27	
RED CARPET	RED CARPET	RED	1970	16	3	5.33	
BOWNESS	BOWNESS	BOW	2008	11,308	4,957	2.28	
FAIRVIEW	FAIRVIEW	FAI	2014	3,837	1,572	2.44	
MONTEREY PARK	MONTEREY PARK	MOR	1990	1,779	577	3.08	
COACH HILL	COACH HILL	COA	2004	3,225	1,405	2.3	
VISTA HEIGHTS	VISTA HEIGHTS	VIS	1988	2,173	699	3.11	
EDGEMONT	EDGEMONT	EDG	1970	0	0	0	
PARKDALE	PARKDALE	PKD	1982	1,965	794	2.47	
HIGHLAND PARK	HIGHLAND PARK	HPK	1980	3,975	1,684	2.36	
ALBERT PARK/RADISSON HEIGHTS	ALBERT PARK/RADISSON HEIGHTS	ALB	1978	4,574	1,456	3.14	
CHINOOK PARK	CHINOOK PARK	CHK	1985	1,807	575	3.14	
PALLISER	PALLISER	PAL	1997	3,302	1,613	2.05	
ROSEMONT	ROSEMONT	RMT	1993	1,273	531	2.4	
CHRISTIE PARK	CHRISTIE PARK	CHR	1979	27	9	3	
NORTH HAVEN	NORTH HAVEN	NHV	1984	2,582	846	3.05	
ALTADORE	ALTADORE	ALT	2010	8,847	4,026	2.2	
COACH HILL	COACH HILL	COA	1971	40	10	4	
COUNTRY HILLS	COUNTRY HILLS	COU	1975	0	0	0	
ROSEMONT	ROSEMONT	RMT	2001	1,294	531	2.44	
CRESCENT HEIGHTS	CRESCENT HEIGHTS	CRE	1979	5,122	2,653	1.93	
ROYAL OAK	ROYAL OAK	ROY	2004	3,999	1,385	2.89	
DEER RUN	DEER RUN	DRN	1993	6,566	2,052	3.2	
HOUNSFIELD HEIGHTS/BRIAR HILL	HOUNSFIELD HEIGHTS/BRIAR HILL	HOU	1993	2,678	899	2.98	
KINGSLAND	KINGSLAND	KIN	2001	4,538	2,313	1.96	
ALBERT PARK/RADISSON HEIGHTS	ALBERT PARK/RADISSON HEIGHTS	ALB	1969	4,354	1,093	3.98	
ERIN WOODS	ERIN WOODS	ERI	1993	5,560	1,679	3.31	
SHAWNESSY	SHAWNESSY	SHN	1977	0	0	0	
VARSITY	VARSITY	VAR	2010	12,130	5,328	2.28	
HAWKWOOD	HAWKWOOD	HAW	1980	0	0	0	
WOODLANDS	WOODLANDS	WOO	1972	85	5	17	
SOUTHWOOD	SOUTHWOOD	SOW	2004	6,219	2,526	2.46	
SIGNAL HILL	SIGNAL HILL	SIG	1999	10,423	3,838	2.72	
CORAL SPRINGS	CORAL SPRINGS	COR	2017	5,792	1,525	3.8	
SOMERSET	SOMERSET	SOM	2006	8,393	3,098	2.71	
CAPITOL HILL	CAPITOL HILL	CAP	2008	4,058	2,024	2	
INGLEWOOD	INGLEWOOD	ING	1978	2,692	1,115	2.41	
SUNNYSIDE	SUNNYSIDE	SSD	1976	3,619	1,913	1.89	
GLENDALE	GLENDALE	GDL	2003	2,785	1,087	2.56	
CAPITOL HILL	CAPITOL HILL	CAP	2003	4,002	2,003	2	
ST. ANDREWS HEIGHTS	ST. ANDREWS HEIGHTS	STA	1969	2,273	504	4.51	
HUNTINGTON HILLS	HUNTINGTON HILLS	HUN	1978	15,301	4,367	3.5	
GLENDALE	GLENDALE	GDL	1969	3,950	954	4.14	
SCENIC ACRES	SCENIC ACRES	SCE	1985	1,024	299	3.42	
TUXEDO PARK	TUXEDO PARK	TUX	1990	4,195	2,090	2.01	
ROSEDALE	ROSEDALE	RDL	2002	1,651	611	2.7	
SHAGANAPPI	SHAGANAPPI	SHG	1987	1,681	784	2.14	
SOMERSET	SOMERSET	SOM	2010	8,496	3,068	2.77	
WHITEHORN	WHITEHORN	WHI	2010	11,595	3,522	3.29	
TUXEDO PARK	TUXEDO PARK	TUX	2004	4,434	2,302	1.93	
APPLEWOOD PARK	APPLEWOOD PARK	APP	1982	0	0	0	
COPPERFIELD	COPPERFIELD	CPF	1997	0	0	0	
COUGAR RIDGE	COUGAR RIDGE	CGR	1968	0	0	0	
RICHMOND	RICHMOND	RIC	1997	3,906	1,879	2.08	
SOMERSET	SOMERSET	SOM	2017	8,546	3,067	2.79	
SHAGANAPPI	SHAGANAPPI	SHG	2007	1,596	770	2.07	
RANCHLANDS	RANCHLANDS	RAN	1976	11	4	2.75	
CLIFF BUNGALOW	CLIFF BUNGALOW	CLI	1978	1,814	1,087	1.67	
SCARBORO/SUNALTA WEST	SCARBORO	SSW	1998	405	161	2.52	
PENBROOKE MEADOWS	PENBROOKE MEADOWS	PEN	1988	9,614	2,750	3.5	
SETON	SETON	SET	1988	0	0	0	
TUSCANY	TUSCANY	TUS	2017	19,659	6,455	3.05	
NEW BRIGHTON	NEW BRIGHTON	NEB	1968	0	0	0	
TUSCANY	TUSCANY	TUS	2016	19,662	6,400	3.07	
DISCOVERY RIDGE	DISCOVERY RIDGE	DIS	1999	21	6	3.5	
GREENVIEW	GREENVIEW	GRV	1998	2,270	1,070	2.12	
PENBROOKE MEADOWS	PENBROOKE MEADOWS	PEN	1995	9,476	2,799	3.39	
SCENIC ACRES	SCENIC ACRES	SCE	2001	9,490	2,853	3.33	
BRENTWOOD	BRENTWOOD	BRE	1999	6,452	2,505	2.58	
CRANSTON	CRANSTON	CRA	1968	0	0	0	
COUGAR RIDGE	COUGAR RIDGE	CGR	1994	14	5	2.8	
GLENBROOK	GLENBROOK	GBK	2004	6,637	2,935	2.26	
VALLEY RIDGE	VALLEY RIDGE	VAL	2014	5,518	1,868	2.95	
CITADEL	CITADEL	CIT	1982	0	0	0	
CURRIE BARRACKS	CURRIE BARRACKS	CUR	1976	0			
HIGHWOOD	HIGHWOOD	HIW	1971	3,250	848	3.83	
CITYSCAPE	CITYSCAPE	CSC	1981	0	0	0	
CRESCENT HEIGHTS	CRESCENT HEIGHTS	CRE	1995	5,446	3,194	1.71	
CORAL SPRINGS	CORAL SPRINGS	COR	1971	0	0	0	
CHRISTIE PARK	CHRISTIE PARK	CHR	1995	1,900	607	3.13	
ROSEMONT	ROSEMONT	RMT	1996	1,258	524	2.4	
MOUNT PLEASANT	MOUNT PLEASANT	MOP	2008	4,886	2,317	2.11	
CASTLERIDGE	CASTLERIDGE	CAS	2000	6,389	1,812	3.53	
WILDWOOD	WILDWOOD	WLD	1982	3,123	1,047	2.98	
DALHOUSIE	DALHOUSIE	DAL	2016	9,111	3,557	2.56	
SUNALTA	SUNALTA	SNA	1995	2,791	1,819	1.53	
CHARLESWOOD/COLLINGWOOD	CHARLESWOOD		2000	6,057	2,425	2.5	Combined communities of CHARLESWOOD (CHW) and COLLINGWOOD (COL)
SOMERSET	SOMERSET	SOM	1995	344	120	2.87	
MEADOWLARK PARK	MEADOWLARK PARK	MEA	2007	626	262	2.39	
MOUNT PLEASANT	MOUNT PLEASANT	MOP	1999	4,751	2,277	2.09	
DEER RUN	DEER RUN	DRN	1977	0	0	0	
MEADOWLARK PARK	MEADOWLARK PARK	MEA	1981	841	294	2.86	
MACEWAN GLEN	MACEWAN GLEN	MAC	1979	0	0	0	
EVANSTON	EVANSTON	EVN	2004	682	249	2.74	
WILDWOOD	WILDWOOD	WLD	1988	2,777	1,043	2.66	
MCKENZIE TOWNE	MCKENZIE TOWNE	MCT	2000	2,161	833	2.59	
SCENIC ACRES	SCENIC ACRES	SCE	1973	0	0	0	
HUNTINGTON HILLS	HUNTINGTON HILLS	HUN	1971	6,505	1,612	4.04	
ELBOW PARK	ELBOW PARK	EPK	2010	3,447	1,133	3.04	
BANKVIEW	BANKVIEW	BNK	1995	4,813	2,985	1.61	
ROCKY RIDGE	ROCKY RIDGE	ROC	1968	0	0	0	
ROYAL OAK	ROYAL OAK	ROY	1985	0	0	0	
SHAGANAPPI	SHAGANAPPI	SHG	1988	1,687	782	2.16	
SOUTHWOOD	SOUTHWOOD	SOW	1994	6,536	2,509	2.61	
STRATHCONA PARK	STRATHCONA PARK	STR	1977	0	0	0	
SUNDANCE	SUNDANCE	SDC	1994	10,675	2,966	3.6	
SHAWNEE SLOPES	SHAWNEE SLOPES	SHS	1991	1,258	413	3.05	
SKYVIEW RANCH	SKYVIEW RANCH	SKR	1991	0	0	0	
KELVIN GROVE	KELVIN GROVE	KEL	1985	2,150	791	2.72	
CRESCENT HEIGHTS	CRESCENT HEIGHTS	CRE	2009	6,113	3,334	1.83	
LEGACY	LEGACY	LEG	1980	0	0	0	
TUSCANY	TUSCANY	TUS	1975	0	0	0	
SAGE HILL	SAGE HILL	SGH	1975	0	0	0	
POINT MCKAY	POINT MCKAY	POI	1979	236	112	2.11	
SOUTHWOOD	SOUTHWOOD	SOW	1976	7,268	2,013	3.61	
GLENDALE	GLENDALE	GDL	1980	3,003	965	3.11	
DEER RIDGE	DEER RIDGE	DRG	1979	398	127	3.13	
COUNTRY HILLS VILLAGE	COUNTRY HILLS VILLAGE	CHV	2008	1,865	992	1.88	
AUBURN BAY	AUBURN BAY	AUB	1975	0	0	0	
LINCOLN PARK	LINCOLN PARK	LPK	2011	2,501	1,335	1.87	
COUGAR RIDGE	COUGAR RIDGE	CGR	1986	0	0	0	
CORAL SPRINGS	CORAL SPRINGS	COR	2013	5,967	1,492	4	
ROYAL OAK	ROYAL OAK	ROY	2014	11,650	4,010	2.91	
RAMSAY	RAMSAY	RAM	1989	2,172	1,006	2.16	
MOUNT PLEASANT	MOUNT PLEASANT	MOP	1974	5,162	2,077	2.49	
MACEWAN GLEN	MACEWAN GLEN	MAC	1987	1,981	644	3.08	
FOREST HEIGHTS	FOREST HEIGHTS	FHT	2005	6,230	2,053	3.03	
ERLTON	ERLTON	ERL	2010	1,248	706	1.77	
SILVERADO	SILVERADO	SVO	1989	0	0	0	
SADDLE RIDGE	SADDLE RIDGE	SAD	1972	254	60	4.23	
INGLEWOOD	INGLEWOOD	ING	1981	2,908	1,245	2.34	
PARKLAND	PARKLAND	PKL	1971	0	0	0	
HIGHLAND PARK	HIGHLAND PARK	HPK	2011	3,539	1,828	1.94	
FOREST LAWN	FOREST LAWN	FLN	2004	7,535	2,872	2.62	
LEGACY	LEGACY	LEG	2009	16	5	3.2	
KILLARNEY/GLENGARRY	KILLARNEY/GLENGARRY	KIL	1972	7,059	2,383	2.96	
WOODLANDS	WOODLANDS	WOO	1981	3,766	1,186	3.18	
NEW BRIGHTON	NEW BRIGHTON	NEB	2004	743	265	2.8	
HILLHURST	HILLHURST	HIL	1990	4,796	2,464	1.95	
ST. ANDREWS HEIGHTS	ST. ANDREWS HEIGHTS	STA	1972	2,277	595	3.83	
CORNERSTONE	CORNERSTONE	CNS	1999	0	0	0	
ARBOUR LAKE	ARBOUR LAKE	ARB	2009	10,727	3,826	2.8	
PATTERSON	PATTERSON	PAT	2012	4,281	1,972	2.17	
TUSCANY	TUSCANY	TUS	1992	43	15	2.87	
WILDWOOD	WILDWOOD	WLD	1991	2,702	1,042	2.59	
DISCOVERY RIDGE	DISCOVERY RIDGE	DIS	2010	4,333	1,613	2.69	
CASTLERIDGE	CASTLERIDGE	CAS	1992	6,426	1,766	3.64	
EAGLE RIDGE	EAGLE RIDGE	EAG	2002	426	106	4.02	
UNIVERSITY OF CALGARY	UNIVERSITY OF CALGARY	UOC	2012	2,725	854	3.19	
EVERGREEN	EVERGREEN	EVE	1991	291	85	3.42	
NOLAN HILL	NOLAN HILL	NOL	1972	0	0	0	
MIDNAPORE	MIDNAPORE	MID	1978	1,673	517	3.24	
SANDSTONE VALLEY	SANDSTONE VALLEY	SAN	2005	6,653	2,085	3.19	
ARBOUR LAKE	ARBOUR LAKE	ARB	1978	0	0	0	
COUGAR RIDGE	COUGAR RIDGE	CGR	2003	1,164	437	2.66	
MEADOWLARK PARK	MEADOWLARK PARK	MEA	1969	1,186	299	3.97	
CASTLERIDGE	CASTLERIDGE	CAS	1987	5,655	1,648	3.43	
CAMBRIAN HEIGHTS	CAMBRIAN HEIGHTS	CAM	1992	2,122	878	2.42	
SUNNYSIDE	SUNNYSIDE	SSD	1970	3,294	1,299	2.54	
BRAESIDE	BRAESIDE	BRA	2004	6,208	2,476	2.51	
CURRIE BARRACKS	CURRIE BARRACKS	CUR	1994	0			
CLIFF BUNGALOW	CLIFF BUNGALOW	CLI	1997	2,097	1,314	1.6	
ALBERT PARK/RADISSON HEIGHTS	ALBERT PARK/RADISSON HEIGHTS	ALB	1998	6,685	2,440	2.74	
WHITEHORN	WHITEHORN	WHI	2015	12,421	3,712	3.35	
SHERWOOD	SHERWOOD	SHW	2005	188	52	3.62	
TEMPLE	TEMPLE	TEM	1974	0	0	0	
RAMSAY	RAMSAY	RAM	2010	2,015	1,026	1.96	
BRIDGELAND/RIVERSIDE	BRIDGELAND/RIVERSIDE	BRD	1986	4,588	2,297	2	
SOMERSET	SOMERSET	SOM	1972	0	0	0	
PUMP HILL	PUMP HILL	PUM	1976	276	41	6.73	
INGLEWOOD	INGLEWOOD	ING	1983	2,613	1,171	2.23	
SHAWNESSY	SHAWNESSY	SHN	1998	8,167	2,522	3.24	
BAYVIEW	BAYVIEW	BYV	2008	637	243	2.62	
DOWNTOWN COMMERCIAL CORE	DOWNTOWN COMMERCIAL CORE	DNC	1983	5,612	3,987	1.41	
NORTH HAVEN UPPER	NORTH HAVEN UPPER	NHU	1999	710	244	2.91	
MARLBOROUGH	MARLBOROUGH	MRL	2016	8,784	3,013	2.92	
VISTA HEIGHTS	VISTA HEIGHTS	VIS	2016	2,286	801	2.85	
ROSEDALE	ROSEDALE	RDL	1995	1,617	631	2.56	
MIDNAPORE	MIDNAPORE	MID	1981	6,037	1,874	3.22	
HILLHURST	HILLHURST	HIL	1978	4,967	2,348	2.12	
CHINOOK PARK	CHINOOK PARK	CHK	2015	1,702	580	2.93	
MILLRISE	MILLRISE	MLR	1989	2,855	916	3.12	
LEGACY	LEGACY	LEG	2007	0	0	0	
UNIVERSITY DISTRICT	UNIVERSITY DISTRICT	UND	2011	0	0	0	
BEDDINGTON HEIGHTS	BEDDINGTON HEIGHTS	BED	1992	13,236	4,084	3.24	
BEDDINGTON HEIGHTS	BEDDINGTON HEIGHTS	BED	1980	4,134	1,395	2.96	
SPRINGBANK HILL	SPRINGBANK HILL	SPH	1980	0	0	0	
FAIRVIEW	FAIRVIEW	FAI	1987	4,098	1,522	2.69	
ROCKY RIDGE	ROCKY RIDGE	ROC	2015	8,229	3,006	2.74	
BELVEDERE	BELVEDERE	BVD	1968	0	0	0	
MARLBOROUGH	MARLBOROUGH	MRL	1974	8,058	2,149	3.75	
PUMP HILL	PUMP HILL	PUM	1995	1,910	664	2.88	
PATTERSON	PATTERSON	PAT	1996	2,636	1,141	2.31	
MACEWAN GLEN	MACEWAN GLEN	MAC	1973	0	0	0	
GARRISON WOODS	GARRISON WOODS	GAW	1970	0	0	0	
WINDSOR PARK	WINDSOR PARK	WND	2016	4,351	2,300	1.89	
ASPEN WOODS	ASPEN WOODS	ASP	1997	153	50	3.06	
HAWKWOOD	HAWKWOOD	HAW	1969	0	0	0	
CORNERSTONE	CORNERSTONE	CNS	2006	0	0	0	
BRITANNIA	BRITANNIA	BRT	1982	816	315	2.59	
SAGE HILL	SAGE HILL	SGH	1997	79	25	3.16	
GARRISON WOODS	GARRISON WOODS	GAW	1993	0	0	0	
BRAESIDE	BRAESIDE	BRA	1991	6,974	2,432	2.87	
VISTA HEIGHTS	VISTA HEIGHTS	VIS	1982	1,779	537	3.31	
ARBOUR LAKE	ARBOUR LAKE	ARB	2015	10,947	3,879	2.82	
MCKENZIE LAKE	MCKENZIE LAKE	MCK	1979	0	0	0	
MAYFAIR	MAYFAIR	MAF	1975	718	186	3.86	
FAIRVIEW	FAIRVIEW	FAI	1991	3,925	1,502	2.61	
ROSEDALE	ROSEDALE	RDL	1994	1,597	635	2.51	
ARBOUR LAKE	ARBOUR LAKE	ARB	2017	10,713	3,858	2.78	
LINCOLN PARK	LINCOLN PARK	LPK	1977	54	7	7.71	
LAKEVIEW	LAKEVIEW	LKV	1989	6,068	2,317	2.62	
UNIVERSITY HEIGHTS	UNIVERSITY HEIGHTS	UNI	1994	2,898	1,285	2.26	
CITYSCAPE	CITYSCAPE	CSC	1998	0	0	0	
BANFF TRAIL	BANFF TRAIL	BNF	1969	4,824	1,472	3.28	
UNIVERSITY HEIGHTS	UNIVERSITY HEIGHTS	UNI	2011	2,890	1,315	2.2	
CHINOOK PARK	CHINOOK PARK	CHK	1986	1,803	573	3.15	
PARKHILL	PARKHILL	PKH	2009	1,561	769	2.03	
BELVEDERE	BELVEDERE	BVD	1974	0	0	0	
DOUGLASDALE/GLEN	DOUGLASDALE/GLEN	DDG	1981	0	0	0	
AUBURN BAY	AUBURN BAY	AUB	1989	0	0	0	
CITADEL	CITADEL	CIT	2004	10,008	3,440	2.91	
ACADIA	ACADIA	ACA	2005	10,575	4,784	2.21	
BEDDINGTON HEIGHTS	BEDDINGTON HEIGHTS	BED	1977	0	0	0	
CITYSCAPE	CITYSCAPE	CSC	1979	0	0	0	
RED CARPET	RED CARPET	RED	1997	1,263	500	2.53	
CRANSTON	CRANSTON	CRA	1980	0	0	0	
HARVEST HILLS	HARVEST HILLS	HAR	2008	7,409	2,518	2.94	
KILLARNEY/GLENGARRY	KILLARNEY/GLENGARRY	KIL	1991	5,677	2,689	2.11	
CEDARBRAE	CEDARBRAE	CED	1976	2,404	705	3.41	
FALCONRIDGE	FALCONRIDGE	FAL	1984	8,497	2,622	3.24	
AUBURN BAY	AUBURN BAY	AUB	1983	0	0	0	
ERIN WOODS	ERIN WOODS	ERI	1979	0	0	0	
PARKDALE	PARKDALE	PKD	1999	1,740	816	2.13	
SUNNYSIDE	SUNNYSIDE	SSD	1969	3,280	1,251	2.62	
OGDEN	OGDEN	OGD	1980	10,576	3,442	3.07	
WEST HILLHURST	WEST HILLHURST	WHL	2002	5,477	2,589	2.12	
COPPERFIELD	COPPERFIELD	CPF	1985	0	0	0	
GLENBROOK	GLENBROOK	GBK	1975	5,919	1,806	3.28	
EDGEMONT	EDGEMONT	EDG	1989	9,989	2,940	3.4	
PARKLAND	PARKLAND	PKL	2017	3,685	1,424	2.59	
MAYFAIR	MAYFAIR	MAF	1972	753	184	4.09	
EAGLE RIDGE	EAGLE RIDGE	EAG	1973	591	98	6.03	
MIDNAPORE	MIDNAPORE	MID	2008	7,143	2,617	2.73	
LINCOLN PARK	LINCOLN PARK	LPK	2005	2,441	1,330	1.84	
WINSTON HEIGHTS/MOUNTVIEW	WINSTON HEIGHTS/MOUNTVIEW	WIN	2003	3,624	1,674	2.16	
ARBOUR LAKE	ARBOUR LAKE	ARB	1976	0	0	0	
VARSITY	VARSITY	VAR	2006	12,158	5,297	2.3	
SHAWNESSY	SHAWNESSY	SHN	2005	9,621	3,244	2.97	
DOWNTOWN COMMERCIAL CORE	DOWNTOWN COMMERCIAL CORE	DNC	2010	7,568	4,318	1.75	
SHERWOOD	SHERWOOD	SHW	2008	1,400	404	3.47	
ACADIA	ACADIA	ACA	2002	11,090	4,880	2.27	
DOUGLASDALE/GLEN	DOUGLASDALE/GLEN	DDG	2009	11,749	3,913	3	
GLENDALE	GLENDALE	GDL	1989	2,746	1,060	2.59	
WINSTON HEIGHTS/MOUNTVIEW	WINSTON HEIGHTS/MOUNTVIEW	WIN	1982	4,108	1,571	2.61	
SCARBORO/SUNALTA WEST	SCARBORO	SSW	1971	567	164	3.46	
EDGEMONT	EDGEMONT	EDG	2013	16,027	5,329	3.01	
COUGAR RIDGE	COUGAR RIDGE	CGR	2016	7,015	2,177	3.22	
BELTLINE	BELTLINE	BLN	2015	21,939	13,441	1.63	
PENBROOKE MEADOWS	PENBROOKE MEADOWS	PEN	1991	9,720	2,745	3.54	
HARVEST HILLS	HARVEST HILLS	HAR	2000	7,161	2,461	2.91	
GARRISON GREEN	GARRISON GREEN	GAG	2015	2,031	680	2.99	At this time community was referred to as CFB - LINCOLN PARK PMQ (CFL)
RUTLAND PARK	RUTLAND PARK	RUT	1983	2,719	883	3.08	
LAKE BONAVISTA	LAKE BONAVISTA	LKB	2013	10,552	4,004	2.64	
NOLAN HILL	NOLAN HILL	NOL	2011	0	0	0	
TARADALE	TARADALE	TAR	2001	2,397	751	3.19	
RUNDLE	RUNDLE	RUN	1979	9,333	2,673	3.49	
HIGHLAND PARK	HIGHLAND PARK	HPK	1986	3,644	1,752	2.08	
CHARLESWOOD/COLLINGWOOD	CHARLESWOOD		1977	7,971	2,367	3.37	Data from community of Triwood
NORTH HAVEN	NORTH HAVEN	NHV	2006	2,346	940	2.5	
SHAWNESSY	SHAWNESSY	SHN	2011	9,315	3,232	2.88	
BEDDINGTON HEIGHTS	BEDDINGTON HEIGHTS	BED	1993	13,013	4,057	3.21	
CHARLESWOOD/COLLINGWOOD	CHARLESWOOD		1982	7,073	2,368	2.99	Combined communities of CHARLESWOOD (CHW) and COLLINGWOOD (COL)
STRATHCONA PARK	STRATHCONA PARK	STR	2003	6,768	2,229	3.04	
EAU CLAIRE	EAU CLAIRE	EAU	1990	884	494	1.79	
LAKE BONAVISTA	LAKE BONAVISTA	LKB	1985	12,731	3,627	3.51	
CLIFF BUNGALOW	CLIFF BUNGALOW	CLI	1990	1,918	1,262	1.52	
ROSEMONT	ROSEMONT	RMT	1992	1,268	528	2.4	
GLAMORGAN	GLAMORGAN	GLA	1983	6,679	2,452	2.72	
CAMBRIAN HEIGHTS	CAMBRIAN HEIGHTS	CAM	2008	2,015	862	2.34	
COACH HILL	COACH HILL	COA	2017	3,271	1,453	2.25	
SIGNAL HILL	SIGNAL HILL	SIG	1973	71	20	3.55	
GLENDALE	GLENDALE	GDL	1985	2,793	1,042	2.68	
TEMPLE	TEMPLE	TEM	1991	11,993	3,416	3.51	
MARLBOROUGH PARK	MARLBOROUGH PARK	MPK	1999	9,109	2,824	3.23	
MONTGOMERY	MONTGOMERY	MON	2006	3,713	1,569	2.37	
WOODLANDS	WOODLANDS	WOO	1984	5,585	1,805	3.09	
SUNNYSIDE	SUNNYSIDE	SSD	2014	3,848	2,287	1.68	
ABBEYDALE	ABBEYDALE	ABB	1998	6,736	1,945	3.46	
RAMSAY	RAMSAY	RAM	1994	2,121	1,029	2.06	
GLAMORGAN	GLAMORGAN	GLA	1973	6,079	1,624	3.74	
GARRISON GREEN	GARRISON GREEN	GAG	1999	598	212	2.82	At this time community was referred to as CFB - LINCOLN PARK PMQ (CFL)
ROSSCARROCK	ROSSCARROCK	RCK	1986	3,430	1,440	2.38	
SCARBORO/SUNALTA WEST	SCARBORO	SSW	2009	372	156	2.38	
MAYLAND HEIGHTS	MAYLAND HEIGHTS	MAL	1981	5,861	1,889	3.1	
RED CARPET	RED CARPET	RED	1996	1,176	476	2.47	
EVANSTON	EVANSTON	EVN	2003	47	13	3.62	
BRIDGELAND/RIVERSIDE	BRIDGELAND/RIVERSIDE	BRD	2009	5,150	2,576	2	
LAKE BONAVISTA	LAKE BONAVISTA	LKB	1979	13,530	3,583	3.78	
SETON	SETON	SET	2007	0	0	0	
WHITEHORN	WHITEHORN	WHI	1986	11,039	3,138	3.52	
PINERIDGE	PINERIDGE	PIN	1998	10,353	3,383	3.06	
CRANSTON	CRANSTON	CRA	1998	0	0	0	
LEGACY	LEGACY	LEG	1982	0	0	0	
SCARBORO/SUNALTA WEST	SCARBORO	SSW	1970	604	163	3.71	
CLIFF BUNGALOW	CLIFF BUNGALOW	CLI	1987	1,924	1,222	1.57	
ROXBORO	ROXBORO	ROX	2016	391	143	2.73	
GARRISON GREEN	GARRISON GREEN	GAG	1981	734	214	3.43	
NORTH HAVEN	NORTH HAVEN	NHV	1982	2,508	777	3.23	
RIVERBEND	RIVERBEND	RIV	2014	9,696	3,416	2.84	
WILDWOOD	WILDWOOD	WLD	2000	2,730	1,033	2.64	
NEW BRIGHTON	NEW BRIGHTON	NEB	1994	0	0	0	
PINERIDGE	PINERIDGE	PIN	2009	9,808	3,619	2.71	
EAU CLAIRE	EAU CLAIRE	EAU	1992	965	612	1.58	
SADDLE RIDGE	SADDLE RIDGE	SAD	2004	4,138	1,275	3.25	
TUSCANY	TUSCANY	TUS	1969	0	0	0	
CRANSTON	CRANSTON	CRA	2007	6,515	2,382	2.74	
WINSTON HEIGHTS/MOUNTVIEW	WINSTON HEIGHTS/MOUNTVIEW	WIN	2008	3,641	1,692	2.15	
ELBOYA	ELBOYA	EYA	2002	1,717	746	2.3	
CAPITOL HILL	CAPITOL HILL	CAP	2010	4,061	2,028	2	
MIDNAPORE	MIDNAPORE	MID	2013	6,979	2,680	2.6	
UNIVERSITY OF CALGARY	UNIVERSITY OF CALGARY	UOC	2008	2,242	628	3.57	
PENBROOKE MEADOWS	PENBROOKE MEADOWS	PEN	1986	9,085	2,623	3.46	
NEW BRIGHTON	NEW BRIGHTON	NEB	1985	0	0	0	
UPPER MOUNT ROYAL	UPPER MOUNT ROYAL	UMR	1981	2,803	1,013	2.77	
MARTINDALE	MARTINDALE	MRT	1969	0	0	0	
ASPEN WOODS	ASPEN WOODS	ASP	1986	0	0	0	
ALBERT PARK/RADISSON HEIGHTS	ALBERT PARK/RADISSON HEIGHTS	ALB	2013	6,094	2,545	2.39	
TEMPLE	TEMPLE	TEM	1973	0	0	0	
SCARBORO/SUNALTA WEST	SCARBORO	SSW	1980	452	162	2.79	
MONTEREY PARK	MONTEREY PARK	MOR	1971	0	0	0	
TEMPLE	TEMPLE	TEM	1979	2,879	923	3.12	
BEDDINGTON HEIGHTS	BEDDINGTON HEIGHTS	BED	1999	13,019	4,173	3.12	
EAU CLAIRE	EAU CLAIRE	EAU	1981	497	315	1.58	
WESTGATE	WESTGATE	WGT	1977	3,482	1,000	3.48	
MACEWAN GLEN	MACEWAN GLEN	MAC	2016	4,932	1,760	2.8	
CHARLESWOOD/COLLINGWOOD	CHARLESWOOD		1968	9,721	2,327	4.18	Data from community of Triwood
ACADIA	ACADIA	ACA	1974	13,142	3,481	3.78	
CASTLERIDGE	CASTLERIDGE	CAS	1971	0	0	0	
SOUTHVIEW	SOUTHVIEW	SOV	1995	2,203	841	2.62	
SAGE HILL	SAGE HILL	SGH	2013	2,985	1,055	2.83	
MAYFAIR	MAYFAIR	MAF	2007	469	148	3.17	
LINCOLN PARK	LINCOLN PARK	LPK	1968	0	0	0	
ALBERT PARK/RADISSON HEIGHTS	ALBERT PARK/RADISSON HEIGHTS	ALB	1980	6,222	2,015	3.09	
CHAPARRAL	CHAPARRAL	CHA	1997	647	207	3.13	
ACADIA	ACADIA	ACA	2003	11,022	4,868	2.26	
POINT MCKAY	POINT MCKAY	POI	2000	1,343	819	1.64	
POINT MCKAY	POINT MCKAY	POI	1999	1,323	815	1.62	
WOODLANDS	WOODLANDS	WOO	2000	7,054	2,368	2.98	
SUNNYSIDE	SUNNYSIDE	SSD	1988	3,528	2,173	1.62	
WEST SPRINGS	WEST SPRINGS	WSP	2009	6,654	2,188	3.04	
COPPERFIELD	COPPERFIELD	CPF	1993	0	0	0	
NORTH HAVEN UPPER	NORTH HAVEN UPPER	NHU	2008	643	244	2.64	
DOVER	DOVER	DOV	1968	162	42	3.86	
SHERWOOD	SHERWOOD	SHW	1975	0	0	0	
HARVEST HILLS	HARVEST HILLS	HAR	1972	0	0	0	
MISSION	MISSION	MIS	2006	4,433	3,041	1.46	
BRITANNIA	BRITANNIA	BRT	1972	1,016	311	3.27	
EAU CLAIRE	EAU CLAIRE	EAU	2003	1,504	908	1.66	
RED CARPET	RED CARPET	RED	1982	1,160	424	2.74	
WESTGATE	WESTGATE	WGT	1992	3,490	1,302	2.68	
RIDEAU PARK	RIDEAU PARK	RID	1971	652	322	2.02	
BAYVIEW	BAYVIEW	BYV	2000	702	245	2.87	
BAYVIEW	BAYVIEW	BYV	1985	756	236	3.2	
PINERIDGE	PINERIDGE	PIN	1991	10,501	3,361	3.12	
ST. ANDREWS HEIGHTS	ST. ANDREWS HEIGHTS	STA	2008	1,508	591	2.55	
SCARBORO	SCARBORO	SCA	2009	874	298	2.93	
PENBROOKE MEADOWS	PENBROOKE MEADOWS	PEN	1979	9,917	2,697	3.68	
MISSION	MISSION	MIS	1994	3,405	2,364	1.44	
COUNTRY HILLS VILLAGE	COUNTRY HILLS VILLAGE	CHV	1976	0	0	0	
COACH HILL	COACH HILL	COA	1985	2,573	1,003	2.57	
UNIVERSITY HEIGHTS	UNIVERSITY HEIGHTS	UNI	1976	2,457	768	3.2	
DOUGLASDALE/GLEN	DOUGLASDALE/GLEN	DDG	1975	0	0	0	
GARRISON WOODS	GARRISON WOODS	GAW	2005	0	0	0	
ROSEMONT	ROSEMONT	RMT	1974	1,629	504	3.23	
CLIFF BUNGALOW	CLIFF BUNGALOW	CLI	1977	2,041	1,174	1.74	
QUEENS PARK VILLAGE	QUEENS PARK VILLAGE	QPK	1973	0	0	0	
CAPITOL HILL	CAPITOL HILL	CAP	2000	3,971	2,003	1.98	
MARTINDALE	MARTINDALE	MRT	1993	4,205	1,342	3.13	
SETON	SETON	SET	1971	0	0	0	
COUNTRY HILLS VILLAGE	COUNTRY HILLS VILLAGE	CHV	1990	0	0	0	
SADDLE RIDGE	SADDLE RIDGE	SAD	1969	211	47	4.49	
SKYVIEW RANCH	SKYVIEW RANCH	SKR	1994	0	0	0	
LOWER MOUNT ROYAL	LOWER MOUNT ROYAL	LMR	1971	3,558	1,777	2	
TARADALE	TARADALE	TAR	2012	16,841	4,414	3.82	
COACH HILL	COACH HILL	COA	2011	3,194	1,417	2.25	
ALBERT PARK/RADISSON HEIGHTS	ALBERT PARK/RADISSON HEIGHTS	ALB	1977	4,235	1,258	3.37	
SCARBORO/SUNALTA WEST	SCARBORO	SSW	1968	620	165	3.76	
KINCORA	KINCORA	KCA	1971	0	0	0	
CHINATOWN	CHINATOWN	CHN	1998	1,278	737	1.73	
SHAGANAPPI	SHAGANAPPI	SHG	1999	1,714	804	2.13	
ROCKY RIDGE	ROCKY RIDGE	ROC	2014	8,182	2,989	2.74	
CANYON MEADOWS	CANYON MEADOWS	CAN	1978	7,672	2,184	3.51	
TARADALE	TARADALE	TAR	1983	0	0	0	
PUMP HILL	PUMP HILL	PUM	1988	1,424	424	3.36	
ERIN WOODS	ERIN WOODS	ERI	2012	6,901	2,393	2.88	
DISCOVERY RIDGE	DISCOVERY RIDGE	DIS	1995	0	0	0	
RENFREW	RENFREW	REN	2002	5,671	2,859	1.98	
MCKENZIE TOWNE	MCKENZIE TOWNE	MCT	1999	1,532	593	2.58	
BEL-AIRE	BEL-AIRE	BEL	1983	495	145	3.41	
WALDEN	WALDEN	WAL	2003	0	0	0	
ALTADORE	ALTADORE	ALT	2008	8,594	3,981	2.16	
TARADALE	TARADALE	TAR	1981	0	0	0	
DISCOVERY RIDGE	DISCOVERY RIDGE	DIS	1976	0	0	0	
EDGEMONT	EDGEMONT	EDG	1993	13,167	3,948	3.34	
BOWNESS	BOWNESS	BOW	2009	10,945	4,976	2.2	
LOWER MOUNT ROYAL	LOWER MOUNT ROYAL	LMR	1973	3,284	1,747	1.88	
LINCOLN PARK	LINCOLN PARK	LPK	1994	974	431	2.26	
CITADEL	CITADEL	CIT	1983	0	0	0	
BOWNESS	BOWNESS	BOW	1978	12,292	3,896	3.16	
CRESTMONT	CRESTMONT	CRM	1991	0	0	0	
MCKENZIE LAKE	MCKENZIE LAKE	MCK	1969	0	0	0	
LEGACY	LEGACY	LEG	2005	12	6	2	
WINDSOR PARK	WINDSOR PARK	WND	1990	3,603	2,081	1.73	
LINCOLN PARK	LINCOLN PARK	LPK	1969	10	2	5	
BEL-AIRE	BEL-AIRE	BEL	2003	495	157	3.15	
COUNTRY HILLS	COUNTRY HILLS	COU	1995	459	128	3.59	
PALLISER	PALLISER	PAL	2008	3,281	1,665	1.97	
RUTLAND PARK	RUTLAND PARK	RUT	1998	2,399	952	2.52	
SOUTH CALGARY	SOUTH CALGARY	SOC	1972	3,738	1,444	2.59	
ABBEYDALE	ABBEYDALE	ABB	1979	882	295	2.99	
RIDEAU PARK	RIDEAU PARK	RID	1988	646	323	2	
QUEENSLAND	QUEENSLAND	QLD	1983	6,007	1,707	3.52	
ROSEMONT	ROSEMONT	RMT	1971	1,801	501	3.59	
WOODLANDS	WOODLANDS	WOO	1983	5,213	1,627	3.2	
CHINATOWN	CHINATOWN	CHN	1987	1,066	565	1.89	
MISSION	MISSION	MIS	1981	3,433	2,138	1.61	
SUNALTA	SUNALTA	SNA	1997	3,041	1,924	1.58	
EDGEMONT	EDGEMONT	EDG	2014	16,052	5,358	3	
NORTH HAVEN	NORTH HAVEN	NHV	2002	2,490	949	2.62	
SCENIC ACRES	SCENIC ACRES	SCE	1995	6,894	2,050	3.36	
CAMBRIAN HEIGHTS	CAMBRIAN HEIGHTS	CAM	1984	2,368	889	2.66	
WINDSOR PARK	WINDSOR PARK	WND	1984	3,350	1,858	1.8	
ROSSCARROCK	ROSSCARROCK	RCK	1974	3,666	1,257	2.92	
ELBOW PARK	ELBOW PARK	EPK	1975	3,599	1,171	3.07	
KINCORA	KINCORA	KCA	2011	4,625	1,442	3.21	
LEGACY	LEGACY	LEG	1998	0	0	0	
QUEENSLAND	QUEENSLAND	QLD	1978	4,541	1,261	3.6	
BONAVISTA DOWNS	BONAVISTA DOWNS	BDO	1999	1,107	368	3.01	
WILLOW PARK	WILLOW PARK	WIL	2000	5,623	2,227	2.52	
THORNCLIFFE	THORNCLIFFE	THO	1970	8,654	2,073	4.17	
INGLEWOOD	INGLEWOOD	ING	1968	3,598	1,227	2.93	
SUNALTA	SUNALTA	SNA	1993	2,879	1,808	1.59	
DOWNTOWN WEST END	DOWNTOWN WEST END	DNW	1969	918	357	2.57	
HOUNSFIELD HEIGHTS/BRIAR HILL	HOUNSFIELD HEIGHTS/BRIAR HILL	HOU	1995	2,591	898	2.89	
PATTERSON	PATTERSON	PAT	2011	4,162	1,923	2.16	
PARKLAND	PARKLAND	PKL	2011	3,772	1,420	2.66	
BONAVISTA DOWNS	BONAVISTA DOWNS	BDO	1986	1,244	368	3.38	
SANDSTONE VALLEY	SANDSTONE VALLEY	SAN	1977	0	0	0	
CORAL SPRINGS	CORAL SPRINGS	COR	1989	0	0	0	
VISTA HEIGHTS	VISTA HEIGHTS	VIS	2015	2,444	833	2.93	
APPLEWOOD PARK	APPLEWOOD PARK	APP	1976	0	0	0	
CRESTMONT	CRESTMONT	CRM	1998	0	0	0	
SHAWNEE SLOPES	SHAWNEE SLOPES	SHS	1997	1,447	483	3	
NORTH HAVEN	NORTH HAVEN	NHV	1979	2,683	771	3.48	
DEER RUN	DEER RUN	DRN	2011	5,390	2,052	2.63	
EVANSTON	EVANSTON	EVN	2007	3,269	1,095	2.99	
MARLBOROUGH PARK	MARLBOROUGH PARK	MPK	1973	181	52	3.48	
ASPEN WOODS	ASPEN WOODS	ASP	1993	0	0	0	
OAKRIDGE	OAKRIDGE	OAK	1968	13	4	3.25	
SUNALTA	SUNALTA	SNA	2014	3,395	2,001	1.7	
UNIVERSITY OF CALGARY	UNIVERSITY OF CALGARY	UOC	1969	722	4	180.5	
UNIVERSITY OF CALGARY	UNIVERSITY OF CALGARY	UOC	1995	1,865	702	2.66	
MISSION	MISSION	MIS	1989	3,408	2,330	1.46	
MARTINDALE	MARTINDALE	MRT	1977	0	0	0	
ROSEDALE	ROSEDALE	RDL	1999	1,669	629	2.65	
DOUGLASDALE/GLEN	DOUGLASDALE/GLEN	DDG	1995	5,670	1,922	2.95	
FOREST LAWN	FOREST LAWN	FLN	1988	8,238	2,941	2.8	
BANFF TRAIL	BANFF TRAIL	BNF	2012	3,837	1,700	2.26	
ROXBORO	ROXBORO	ROX	2012	421	151	2.79	
SHAWNESSY	SHAWNESSY	SHN	1986	2,602	858	3.03	
BANKVIEW	BANKVIEW	BNK	2009	5,159	3,200	1.61	
LINCOLN PARK	LINCOLN PARK	LPK	2013	2,567	1,356	1.89	
COUGAR RIDGE	COUGAR RIDGE	CGR	2007	4,967	1,690	2.94	
LAKE BONAVISTA	LAKE BONAVISTA	LKB	2014	10,502	4,012	2.62	
CEDARBRAE	CEDARBRAE	CED	1988	6,622	2,149	3.08	
WEST HILLHURST	WEST HILLHURST	WHL	2015	6,409	2,758	2.32	
GARRISON GREEN	GARRISON GREEN	GAG	1997	358	112	3.2	
POINT MCKAY	POINT MCKAY	POI	1984	1,447	752	1.92	
SUNDANCE	SUNDANCE	SDC	1981	0	0	0	
BRIDLEWOOD	BRIDLEWOOD	BRI	1997	24	9	2.67	
LAKEVIEW	LAKEVIEW	LKV	2013	5,446	2,280	2.39	
WHITEHORN	WHITEHORN	WHI	1988	11,553	3,276	3.53	
CRESCENT HEIGHTS	CRESCENT HEIGHTS	CRE	2000	5,792	3,285	1.76	
MONTGOMERY	MONTGOMERY	MON	1979	4,134	1,395	2.96	
WINSTON HEIGHTS/MOUNTVIEW	WINSTON HEIGHTS/MOUNTVIEW	WIN	1999	3,622	1,601	2.26	
BRAESIDE	BRAESIDE	BRA	2001	6,486	2,509	2.59	
SADDLE RIDGE	SADDLE RIDGE	SAD	1993	120	39	3.08	
PARKLAND	PARKLAND	PKL	1988	4,833	1,347	3.59	
MCKENZIE TOWNE	MCKENZIE TOWNE	MCT	2008	13,118	5,260	2.49	
REDSTONE	REDSTONE	RSN	2015	1,950	589	3.31	
GARRISON GREEN	GARRISON GREEN	GAG	2016	2,066	716	2.89	At this time community was referred to as CFB - LINCOLN PARK PMQ (CFL)
MAPLE RIDGE	MAPLE RIDGE	MPL	1971	3,444	793	4.34	
GARRISON GREEN	GARRISON GREEN	GAG	1976	789	220	3.59	
WALDEN	WALDEN	WAL	1977	0	0	0	
SETON	SETON	SET	2013	0	0	0	
CHRISTIE PARK	CHRISTIE PARK	CHR	1980	26	8	3.25	
HAWKWOOD	HAWKWOOD	HAW	2000	11,071	3,312	3.34	
CAMBRIAN HEIGHTS	CAMBRIAN HEIGHTS	CAM	2009	2,080	874	2.38	
HIGHWOOD	HIGHWOOD	HIW	2002	2,162	920	2.35	
CHINOOK PARK	CHINOOK PARK	CHK	1969	2,529	579	4.37	
PALLISER	PALLISER	PAL	1995	3,242	1,523	2.13	
HIGHWOOD	HIGHWOOD	HIW	2004	2,183	916	2.38	
DIAMOND COVE	DIAMOND COVE	DIA	2017	727	270	2.69	
RAMSAY	RAMSAY	RAM	2015	2,201	1,053	2.09	
DIAMOND COVE	DIAMOND COVE	DIA	2000	877	269	3.26	
CITYSCAPE	CITYSCAPE	CSC	1999	0	0	0	
PARKHILL	PARKHILL	PKH	1992	1,436	695	2.07	
ALTADORE	ALTADORE	ALT	1976	5,857	2,106	2.78	
VALLEY RIDGE	VALLEY RIDGE	VAL	2007	4,924	1,646	2.99	
DIAMOND COVE	DIAMOND COVE	DIA	1988	0	0	0	
MAYFAIR	MAYFAIR	MAF	1985	598	187	3.2	
CAPITOL HILL	CAPITOL HILL	CAP	1970	4,511	1,617	2.79	
TUXEDO PARK	TUXEDO PARK	TUX	2003	4,492	2,303	1.95	
BRENTWOOD	BRENTWOOD	BRE	1974	8,836	2,219	3.98	
BRIDLEWOOD	BRIDLEWOOD	BRI	2012	11,835	4,109	2.88	
EAGLE RIDGE	EAGLE RIDGE	EAG	2001	424	101	4.2	
MACEWAN GLEN	MACEWAN GLEN	MAC	1982	296	112	2.64	
KELVIN GROVE	KELVIN GROVE	KEL	1983	2,260	775	2.92	
BELVEDERE	BELVEDERE	BVD	1972	0	0	0	
SOUTHWOOD	SOUTHWOOD	SOW	2000	6,540	2,562	2.55	
SETON	SETON	SET	1974	0	0	0	
PUMP HILL	PUMP HILL	PUM	2010	1,624	540	3.01	
DEER RUN	DEER RUN	DRN	1998	6,532	2,091	3.12	
SPRINGBANK HILL	SPRINGBANK HILL	SPH	1998	456	148	3.08	
GREENVIEW	GREENVIEW	GRV	1974	1,159	294	3.94	
MAHOGANY	MAHOGANY	MAH	1994	0	0	0	
PANORAMA HILLS	PANORAMA HILLS	PAN	1978	0	0	0	
CHARLESWOOD/COLLINGWOOD	CHARLESWOOD		1972	9,191	2,342	3.92	Data from community of Triwood
CRANSTON	CRANSTON	CRA	1977	0	0	0	
DOWNTOWN WEST END	DOWNTOWN WEST END	DNW	2000	392	232	1.69	
RIDEAU PARK	RIDEAU PARK	RID	2014	498	259	1.92	
STRATHCONA PARK	STRATHCONA PARK	STR	2011	7,039	2,373	2.97	
SANDSTONE VALLEY	SANDSTONE VALLEY	SAN	2006	6,628	2,095	3.16	
MIDNAPORE	MIDNAPORE	MID	1972	338	82	4.12	
HIGHLAND PARK	HIGHLAND PARK	HPK	1983	3,724	1,679	2.22	
WOODLANDS	WOODLANDS	WOO	2006	6,529	2,354	2.77	
MAHOGANY	MAHOGANY	MAH	1972	0	0	0	
ARBOUR LAKE	ARBOUR LAKE	ARB	1991	0	0	0	
ERLTON	ERLTON	ERL	1981	637	264	2.41	
BOWNESS	BOWNESS	BOW	2006	11,038	4,946	2.23	
CLIFF BUNGALOW	CLIFF BUNGALOW	CLI	2004	1,915	1,260	1.52	
BRITANNIA	BRITANNIA	BRT	2001	812	305	2.66	
ROCKY RIDGE	ROCKY RIDGE	ROC	1975	0	0	0	
OGDEN	OGDEN	OGD	1985	10,302	3,536	2.91	
HAYSBORO	HAYSBORO	HAY	2008	6,035	2,810	2	
ROSEMONT	ROSEMONT	RMT	1995	1,253	523	2.4	
COUNTRY HILLS VILLAGE	COUNTRY HILLS VILLAGE	CHV	2015	2,691	1,303	2.07	
SUNDANCE	SUNDANCE	SDC	1992	9,219	2,532	3.64	
BRITANNIA	BRITANNIA	BRT	1975	992	319	3.11	
VARSITY	VARSITY	VAR	2009	12,158	5,258	2.31	
FOREST LAWN	FOREST LAWN	FLN	1981	8,970	2,897	3.1	
PARKHILL	PARKHILL	PKH	1993	1,435	695	2.06	
DOWNTOWN WEST END	DOWNTOWN WEST END	DNW	1991	465	296	1.57	
CITADEL	CITADEL	CIT	2013	10,333	3,429	3.01	
DISCOVERY RIDGE	DISCOVERY RIDGE	DIS	1982	0	0	0	
BEL-AIRE	BEL-AIRE	BEL	1989	509	155	3.28	
PATTERSON	PATTERSON	PAT	1989	1,020	466	2.19	
BELVEDERE	BELVEDERE	BVD	1997	0	0	0	
COUNTRY HILLS	COUNTRY HILLS	COU	1980	0	0	0	
BONAVISTA DOWNS	BONAVISTA DOWNS	BDO	2017	911	366	2.49	
MEADOWLARK PARK	MEADOWLARK PARK	MEA	1986	718	292	2.46	
BEL-AIRE	BEL-AIRE	BEL	1996	486	158	3.08	
APPLEWOOD PARK	APPLEWOOD PARK	APP	1989	558	162	3.44	
CRESCENT HEIGHTS	CRESCENT HEIGHTS	CRE	1972	5,723	2,425	2.36	
TEMPLE	TEMPLE	TEM	1994	11,739	3,410	3.44	
DOVER	DOVER	DOV	2001	11,131	4,126	2.7	
ERLTON	ERLTON	ERL	2008	1,191	695	1.71	
SKYVIEW RANCH	SKYVIEW RANCH	SKR	1988	0	0	0	
CAPITOL HILL	CAPITOL HILL	CAP	1989	3,743	1,905	1.96	
DEER RIDGE	DEER RIDGE	DRG	2003	4,536	1,470	3.09	
MOUNT PLEASANT	MOUNT PLEASANT	MOP	1969	5,770	2,033	2.84	
BRITANNIA	BRITANNIA	BRT	1986	777	320	2.43	
FAIRVIEW	FAIRVIEW	FAI	1999	3,872	1,559	2.48	
PALLISER	PALLISER	PAL	2004	3,166	1,586	2	
HAMPTONS	HAMPTONS	HAM	2016	7,706	2,453	3.14	
MAPLE RIDGE	MAPLE RIDGE	MPL	1993	2,294	805	2.85	
PENBROOKE MEADOWS	PENBROOKE MEADOWS	PEN	1981	9,805	2,708	3.62	
GLENBROOK	GLENBROOK	GBK	2005	6,635	2,978	2.23	
SIGNAL HILL	SIGNAL HILL	SIG	2003	13,580	4,954	2.74	
OAKRIDGE	OAKRIDGE	OAK	1970	456	117	3.9	
WESTGATE	WESTGATE	WGT	2001	3,296	1,332	2.47	
SILVER SPRINGS	SILVER SPRINGS	SIL	2002	9,846	3,479	2.83	
WHITEHORN	WHITEHORN	WHI	1972	0	0	0	
MONTGOMERY	MONTGOMERY	MON	1981	4,360	1,570	2.78	
SILVERADO	SILVERADO	SVO	1999	34	13	2.62	
REDSTONE	REDSTONE	RSN	1975	0	0	0	
HOUNSFIELD HEIGHTS/BRIAR HILL	HOUNSFIELD HEIGHTS/BRIAR HILL	HOU	2006	2,903	1,052	2.76	
COUNTRY HILLS	COUNTRY HILLS	COU	1987	0	0	0	
CITYSCAPE	CITYSCAPE	CSC	1984	0	0	0	
SCARBORO	SCARBORO	SCA	1989	872	336	2.6	
PARKLAND	PARKLAND	PKL	1994	4,555	1,348	3.38	
RUNDLE	RUNDLE	RUN	1996	11,542	3,466	3.33	
ROSEMONT	ROSEMONT	RMT	1998	1,289	531	2.43	
STRATHCONA PARK	STRATHCONA PARK	STR	1974	0	0	0	
CHINATOWN	CHINATOWN	CHN	1984	733	412	1.78	
SUNALTA	SUNALTA	SNA	1980	2,882	1,628	1.77	
DEER RIDGE	DEER RIDGE	DRG	1993	4,630	1,435	3.23	
QUEENSLAND	QUEENSLAND	QLD	2004	5,252	1,832	2.87	
OGDEN	OGDEN	OGD	2003	9,108	3,604	2.53	
CANYON MEADOWS	CANYON MEADOWS	CAN	2009	7,985	3,117	2.56	
DOWNTOWN WEST END	DOWNTOWN WEST END	DNW	1998	455	279	1.63	
DEER RUN	DEER RUN	DRN	1976	0	0	0	
RICHMOND	RICHMOND	RIC	1994	3,926	1,864	2.11	
CANYON MEADOWS	CANYON MEADOWS	CAN	2008	7,957	3,087	2.58	
SADDLE RIDGE	SADDLE RIDGE	SAD	1982	131	36	3.64	
NEW BRIGHTON	NEW BRIGHTON	NEB	1984	0	0	0	
BOWNESS	BOWNESS	BOW	2012	11,012	5,049	2.18	
BRIDLEWOOD	BRIDLEWOOD	BRI	2011	11,641	4,030	2.89	
WALDEN	WALDEN	WAL	1978	0	0	0	
DOWNTOWN COMMERCIAL CORE	DOWNTOWN COMMERCIAL CORE	DNC	2000	6,558	4,363	1.5	
REDSTONE	REDSTONE	RSN	1985	0	0	0	
WOODBINE	WOODBINE	WBN	1969	55	16	3.44	
SPRINGBANK HILL	SPRINGBANK HILL	SPH	2006	5,073	1,755	2.89	
PENBROOKE MEADOWS	PENBROOKE MEADOWS	PEN	2010	8,119	2,829	2.87	
NOLAN HILL	NOLAN HILL	NOL	1986	0	0	0	
MONTEREY PARK	MONTEREY PARK	MOR	2000	9,735	2,788	3.49	
MONTGOMERY	MONTGOMERY	MON	1990	4,088	1,663	2.46	
QUEENSLAND	QUEENSLAND	QLD	2015	4,956	1,877	2.64	
ELBOYA	ELBOYA	EYA	1972	1,749	564	3.1	
HOUNSFIELD HEIGHTS/BRIAR HILL	HOUNSFIELD HEIGHTS/BRIAR HILL	HOU	2010	2,971	1,037	2.86	
GREENVIEW	GREENVIEW	GRV	1989	2,280	1,021	2.23	
CRESTMONT	CRESTMONT	CRM	2002	111	41	2.71	
RANCHLANDS	RANCHLANDS	RAN	1988	8,481	2,845	2.98	
TEMPLE	TEMPLE	TEM	2013	11,136	3,547	3.14	
HAWKWOOD	HAWKWOOD	HAW	1994	9,570	2,780	3.44	
HIGHWOOD	HIGHWOOD	HIW	1991	2,082	882	2.36	
WILLOW PARK	WILLOW PARK	WIL	1973	7,305	1,884	3.88	
SOUTH CALGARY	SOUTH CALGARY	SOC	1993	3,250	1,658	1.96	
CANYON MEADOWS	CANYON MEADOWS	CAN	1990	8,727	2,889	3.02	
KILLARNEY/GLENGARRY	KILLARNEY/GLENGARRY	KIL	2014	7,231	3,459	2.09	
MONTGOMERY	MONTGOMERY	MON	1971	5,067	1,336	3.79	
BRENTWOOD	BRENTWOOD	BRE	2010	6,059	2,495	2.43	
GLAMORGAN	GLAMORGAN	GLA	1987	6,796	2,747	2.47	
GREENVIEW	GREENVIEW	GRV	2002	2,092	1,049	1.99	
LAKE BONAVISTA	LAKE BONAVISTA	LKB	1994	11,728	3,599	3.26	
MILLRISE	MILLRISE	MLR	1970	70	16	4.38	
MARTINDALE	MARTINDALE	MRT	1994	4,705	1,504	3.13	
PARKDALE	PARKDALE	PKD	2002	1,790	844	2.12	
DOUGLASDALE/GLEN	DOUGLASDALE/GLEN	DDG	1991	2,518	787	3.2	
NEW BRIGHTON	NEW BRIGHTON	NEB	1998	0	0	0	
MANCHESTER	MANCHESTER	MAN	2009	611	306	2	
UNIVERSITY HEIGHTS	UNIVERSITY HEIGHTS	UNI	2003	2,955	1,292	2.29	
LAKE BONAVISTA	LAKE BONAVISTA	LKB	1973	7,104	1,731	4.1	
WILLOW PARK	WILLOW PARK	WIL	2008	5,365	2,233	2.4	
REDSTONE	REDSTONE	RSN	2005	0	0	0	
FAIRVIEW	FAIRVIEW	FAI	1977	5,305	1,544	3.44	
HAMPTONS	HAMPTONS	HAM	1968	0	0	0	
ALTADORE	ALTADORE	ALT	1993	6,702	2,784	2.41	
MACEWAN GLEN	MACEWAN GLEN	MAC	1995	5,506	1,718	3.2	
WEST HILLHURST	WEST HILLHURST	WHL	1986	4,982	2,417	2.06	
MEADOWLARK PARK	MEADOWLARK PARK	MEA	1997	654	293	2.23	
DOVER	DOVER	DOV	2014	11,024	4,713	2.34	
SIGNAL HILL	SIGNAL HILL	SIG	1998	9,762	3,602	2.71	
WILDWOOD	WILDWOOD	WLD	1971	4,169	1,043	4	
ROSEMONT	ROSEMONT	RMT	1980	1,397	506	2.76	
DEER RIDGE	DEER RIDGE	DRG	1990	4,354	1,315	3.31	
VALLEY RIDGE	VALLEY RIDGE	VAL	1972	0	0	0	
QUEENS PARK VILLAGE	QUEENS PARK VILLAGE	QPK	2001	454	186	2.44	
ALTADORE	ALTADORE	ALT	2000	6,154	2,764	2.23	
SUNDANCE	SUNDANCE	SDC	1979	0	0	0	
THORNCLIFFE	THORNCLIFFE	THO	2004	8,808	3,595	2.45	
UNIVERSITY DISTRICT	UNIVERSITY DISTRICT	UND	1973	0	0	0	
WOODBINE	WOODBINE	WBN	1993	11,087	3,289	3.37	
NEW BRIGHTON	NEW BRIGHTON	NEB	2003	259	96	2.7	
ELBOW PARK	ELBOW PARK	EPK	1992	3,352	1,174	2.86	
AUBURN BAY	AUBURN BAY	AUB	1981	0	0	0	
ALTADORE	ALTADORE	ALT	1994	6,511	2,753	2.37	
SADDLE RIDGE	SADDLE RIDGE	SAD	1989	123	36	3.42	
PARKDALE	PARKDALE	PKD	1996	1,680	822	2.04	
RIDEAU PARK	RIDEAU PARK	RID	1997	665	330	2.02	
GARRISON WOODS	GARRISON WOODS	GAW	2013	0	0	0	
APPLEWOOD PARK	APPLEWOOD PARK	APP	1981	0	0	0	
OGDEN	OGDEN	OGD	2013	8,876	3,727	2.38	
WINDSOR PARK	WINDSOR PARK	WND	1970	2,670	946	2.82	
PINERIDGE	PINERIDGE	PIN	2002	10,266	3,548	2.89	
HIGHLAND PARK	HIGHLAND PARK	HPK	1987	3,713	1,791	2.07	
BOWNESS	BOWNESS	BOW	1975	11,753	3,502	3.36	
FOREST HEIGHTS	FOREST HEIGHTS	FHT	1984	6,455	1,843	3.5	
HAYSBORO	HAYSBORO	HAY	1990	6,474	2,823	2	
ALTADORE	ALTADORE	ALT	1974	5,909	2,072	2.85	
SHAWNEE SLOPES	SHAWNEE SLOPES	SHS	1981	13	4	3.25	
KINCORA	KINCORA	KCA	2015	5,974	1,828	3.27	
COPPERFIELD	COPPERFIELD	CPF	1991	0	0	0	
UNIVERSITY HEIGHTS	UNIVERSITY HEIGHTS	UNI	1978	2,372	763	3.11	
WALDEN	WALDEN	WAL	1976	0	0	0	
OGDEN	OGDEN	OGD	1979	10,015	3,111	3.22	
CAPITOL HILL	CAPITOL HILL	CAP	2016	4,571	2,091	2.19	
OGDEN	OGDEN	OGD	1993	10,527	3,710	2.84	
ACADIA	ACADIA	ACA	1980	11,764	3,829	3.07	
WILLOW PARK	WILLOW PARK	WIL	2005	5,352	2,222	2.41	
WOODLANDS	WOODLANDS	WOO	1989	6,322	2,101	3.01	
CRESTMONT	CRESTMONT	CRM	2003	310	109	2.84	
NOLAN HILL	NOLAN HILL	NOL	1989	0	0	0	
RANCHLANDS	RANCHLANDS	RAN	2010	7,484	2,910	2.57	
MONTGOMERY	MONTGOMERY	MON	1977	4,223	1,384	3.05	
EVERGREEN	EVERGREEN	EVE	1978	30	13	2.31	
PENBROOKE MEADOWS	PENBROOKE MEADOWS	PEN	1994	9,571	2,789	3.43	
SILVER SPRINGS	SILVER SPRINGS	SIL	2005	9,308	3,450	2.7	
RICHMOND	RICHMOND	RIC	2005	3,867	1,903	2.03	
ALBERT PARK/RADISSON HEIGHTS	ALBERT PARK/RADISSON HEIGHTS	ALB	2015	6,611	2,661	2.48	
MISSION	MISSION	MIS	1999	3,569	2,462	1.45	
WILLOW PARK	WILLOW PARK	WIL	2015	5,423	2,244	2.42	
VALLEY RIDGE	VALLEY RIDGE	VAL	2015	5,702	1,903	3	
BRIDGELAND/RIVERSIDE	BRIDGELAND/RIVERSIDE	BRD	2008	5,251	2,635	1.99	
AUBURN BAY	AUBURN BAY	AUB	1984	15	5	3	
LOWER MOUNT ROYAL	LOWER MOUNT ROYAL	LMR	2012	3,180	2,139	1.49	
MCKENZIE TOWNE	MCKENZIE TOWNE	MCT	1988	0	0	0	
GLENBROOK	GLENBROOK	GBK	1979	6,385	2,191	2.91	
WOODBINE	WOODBINE	WBN	1988	9,521	2,828	3.37	
SOUTH CALGARY	SOUTH CALGARY	SOC	1999	3,472	1,775	1.96	
ROSEMONT	ROSEMONT	RMT	2011	1,208	518	2.33	
DOVER	DOVER	DOV	1973	6,415	1,629	3.94	
DALHOUSIE	DALHOUSIE	DAL	1980	10,688	3,434	3.11	
SILVER SPRINGS	SILVER SPRINGS	SIL	1985	10,184	3,233	3.15	
MISSION	MISSION	MIS	2001	3,682	2,499	1.47	
CHRISTIE PARK	CHRISTIE PARK	CHR	1989	48	18	2.67	
ST. ANDREWS HEIGHTS	ST. ANDREWS HEIGHTS	STA	1990	2,237	729	3.07	
KINCORA	KINCORA	KCA	2017	6,363	2,065	3.08	
ROCKY RIDGE	ROCKY RIDGE	ROC	1985	0	0	0	
WINDSOR PARK	WINDSOR PARK	WND	1994	3,568	2,058	1.73	
WESTGATE	WESTGATE	WGT	2016	3,172	1,293	2.45	
FALCONRIDGE	FALCONRIDGE	FAL	1975	0	0	0	
UPPER MOUNT ROYAL	UPPER MOUNT ROYAL	UMR	2011	2,536	988	2.57	
CRESTMONT	CRESTMONT	CRM	1990	0	0	0	
GREENVIEW	GREENVIEW	GRV	1999	2,145	1,022	2.1	
MONTEREY PARK	MONTEREY PARK	MOR	2005	10,417	3,034	3.43	
ROSSCARROCK	ROSSCARROCK	RCK	2008	3,206	1,448	2.21	
WEST SPRINGS	WEST SPRINGS	WSP	2008	6,186	2,079	2.98	
PARKLAND	PARKLAND	PKL	1989	4,833	1,352	3.57	
KILLARNEY/GLENGARRY	KILLARNEY/GLENGARRY	KIL	1997	6,319	3,043	2.08	
COACH HILL	COACH HILL	COA	1987	2,729	1,026	2.66	
CRESCENT HEIGHTS	CRESCENT HEIGHTS	CRE	2002	5,861	3,343	1.75	
SOMERSET	SOMERSET	SOM	2004	8,158	3,026	2.7	
EVERGREEN	EVERGREEN	EVE	2007	14,648	5,291	2.77	
PENBROOKE MEADOWS	PENBROOKE MEADOWS	PEN	1974	6,270	1,660	3.78	
LAKEVIEW	LAKEVIEW	LKV	1981	7,218	2,304	3.13	
TEMPLE	TEMPLE	TEM	1969	0	0	0	
CAPITOL HILL	CAPITOL HILL	CAP	1999	3,925	1,992	1.97	
DOVER	DOVER	DOV	1969	131	34	3.85	
NORTH HAVEN	NORTH HAVEN	NHV	1989	2,582	928	2.78	
BELVEDERE	BELVEDERE	BVD	2014	0	0	0	
DALHOUSIE	DALHOUSIE	DAL	2007	9,090	3,624	2.51	
MEADOWLARK PARK	MEADOWLARK PARK	MEA	1978	887	294	3.02	
FALCONRIDGE	FALCONRIDGE	FAL	1980	1,693	546	3.1	
MARLBOROUGH	MARLBOROUGH	MRL	1997	9,096	3,019	3.01	
NORTH HAVEN UPPER	NORTH HAVEN UPPER	NHU	1972	0	0	0	
CASTLERIDGE	CASTLERIDGE	CAS	2009	6,096	1,821	3.35	
EDGEMONT	EDGEMONT	EDG	1981	2,589	791	3.27	
RIVERBEND	RIVERBEND	RIV	1993	7,299	2,459	2.97	
CLIFF BUNGALOW	CLIFF BUNGALOW	CLI	1976	1,983	1,141	1.74	
SHAGANAPPI	SHAGANAPPI	SHG	1995	1,671	779	2.15	
ROSEDALE	ROSEDALE	RDL	1977	1,578	642	2.46	
CRESCENT HEIGHTS	CRESCENT HEIGHTS	CRE	2010	5,874	3,219	1.82	
RANCHLANDS	RANCHLANDS	RAN	1971	0	0	0	
RAMSAY	RAMSAY	RAM	1984	2,159	993	2.17	
INGLEWOOD	INGLEWOOD	ING	2001	2,875	1,437	2	
WEST HILLHURST	WEST HILLHURST	WHL	1997	5,057	2,517	2.01	
WINDSOR PARK	WINDSOR PARK	WND	1987	3,500	2,034	1.72	
MACEWAN GLEN	MACEWAN GLEN	MAC	1996	5,620	1,744	3.22	
MAHOGANY	MAHOGANY	MAH	2006	18	6	3	
CANYON MEADOWS	CANYON MEADOWS	CAN	1992	8,672	2,903	2.99	
EVANSTON	EVANSTON	EVN	1976	0	0	0	
RED CARPET	RED CARPET	RED	2000	1,263	511	2.47	
SOUTHWOOD	SOUTHWOOD	SOW	1984	6,990	2,389	2.93	
WOODBINE	WOODBINE	WBN	1976	66	22	3	
ROXBORO	ROXBORO	ROX	2007	415	151	2.75	
CURRIE BARRACKS	CURRIE BARRACKS	CUR	1980	0			
MARLBOROUGH	MARLBOROUGH	MRL	2002	8,774	3,009	2.92	
SUNDANCE	SUNDANCE	SDC	2006	11,297	3,356	3.37	
MAYLAND HEIGHTS	MAYLAND HEIGHTS	MAL	1975	5,982	1,651	3.62	
MAHOGANY	MAHOGANY	MAH	1997	0	0	0	
MONTEREY PARK	MONTEREY PARK	MOR	1981	0	0	0	
SCARBORO	SCARBORO	SCA	1999	871	328	2.66	
HOUNSFIELD HEIGHTS/BRIAR HILL	HOUNSFIELD HEIGHTS/BRIAR HILL	HOU	2000	2,643	917	2.88	
BRENTWOOD	BRENTWOOD	BRE	1992	6,401	2,475	2.59	
CAMBRIAN HEIGHTS	CAMBRIAN HEIGHTS	CAM	1987	2,259	896	2.52	
CAPITOL HILL	CAPITOL HILL	CAP	1994	3,819	1,957	1.95	
MAHOGANY	MAHOGANY	MAH	1980	0	0	0	
DIAMOND COVE	DIAMOND COVE	DIA	2001	853	270	3.16	
CHRISTIE PARK	CHRISTIE PARK	CHR	2011	2,180	708	3.08	
GLENBROOK	GLENBROOK	GBK	2006	6,827	3,098	2.2	
VISTA HEIGHTS	VISTA HEIGHTS	VIS	1983	1,672	505	3.31	
MANCHESTER	MANCHESTER	MAN	1992	274	167	1.64	
NEW BRIGHTON	NEW BRIGHTON	NEB	2014	10,628	3,667	2.9	
VISTA HEIGHTS	VISTA HEIGHTS	VIS	2011	2,274	802	2.84	
CHINOOK PARK	CHINOOK PARK	CHK	1999	1,753	581	3.02	
HAMPTONS	HAMPTONS	HAM	1997	3,127	905	3.46	
ELBOYA	ELBOYA	EYA	2004	1,651	705	2.34	
ELBOW PARK	ELBOW PARK	EPK	2014	3,126	1,017	3.07	
VARSITY	VARSITY	VAR	1974	9,974	2,748	3.63	
GREENVIEW	GREENVIEW	GRV	1968	1,328	303	4.38	
PARKLAND	PARKLAND	PKL	1972	20	6	3.33	
BRIDGELAND/RIVERSIDE	BRIDGELAND/RIVERSIDE	BRD	2006	5,042	2,487	2.03	
MARLBOROUGH PARK	MARLBOROUGH PARK	MPK	1990	9,342	2,759	3.39	
SCARBORO	SCARBORO	SCA	1991	908	334	2.72	
WILDWOOD	WILDWOOD	WLD	1970	4,179	1,037	4.03	
SUNALTA	SUNALTA	SNA	1985	2,752	1,693	1.63	
MANCHESTER	MANCHESTER	MAN	2000	256	155	1.65	
FOREST HEIGHTS	FOREST HEIGHTS	FHT	1992	6,960	2,005	3.47	
GREENVIEW	GREENVIEW	GRV	1977	1,314	412	3.19	
CAMBRIAN HEIGHTS	CAMBRIAN HEIGHTS	CAM	1975	2,842	869	3.27	
HIDDEN VALLEY	HIDDEN VALLEY	HID	2009	11,772	3,801	3.1	
WOODBINE	WOODBINE	WBN	1980	159	54	2.94	
SCARBORO	SCARBORO	SCA	2008	915	313	2.92	
BRITANNIA	BRITANNIA	BRT	1978	922	319	2.89	
SCARBORO/SUNALTA WEST	SCARBORO	SSW	1985	421	165	2.55	
FOREST HEIGHTS	FOREST HEIGHTS	FHT	1988	6,875	1,995	3.45	
QUEENSLAND	QUEENSLAND	QLD	1979	5,159	1,453	3.55	
RAMSAY	RAMSAY	RAM	1977	2,414	941	2.57	
FOREST HEIGHTS	FOREST HEIGHTS	FHT	1975	4,692	1,145	4.1	
COUNTRY HILLS	COUNTRY HILLS	COU	1968	0	0	0	
MACEWAN GLEN	MACEWAN GLEN	MAC	2008	5,316	1,753	3.03	
COUNTRY HILLS	COUNTRY HILLS	COU	1998	935	318	2.94	
SCARBORO	SCARBORO	SCA	2012	880	317	2.78	
OAKRIDGE	OAKRIDGE	OAK	1984	7,061	2,101	3.36	
UNIVERSITY HEIGHTS	UNIVERSITY HEIGHTS	UNI	1982	3,036	1,217	2.49	
PATTERSON	PATTERSON	PAT	1999	3,833	1,603	2.39	
WOODBINE	WOODBINE	WBN	1978	0	0	0	
ST. ANDREWS HEIGHTS	ST. ANDREWS HEIGHTS	STA	1991	1,994	704	2.83	
MIDNAPORE	MIDNAPORE	MID	1993	7,463	2,474	3.02	
BAYVIEW	BAYVIEW	BYV	2013	665	244	2.73	
NORTH GLENMORE PARK	NORTH GLENMORE PARK	NGM	1991	2,564	985	2.6	
SKYVIEW RANCH	SKYVIEW RANCH	SKR	1985	0	0	0	
KINGSLAND	KINGSLAND	KIN	1992	4,214	2,070	2.04	
WEST HILLHURST	WEST HILLHURST	WHL	1970	6,766	2,181	3.1	
BEDDINGTON HEIGHTS	BEDDINGTON HEIGHTS	BED	1990	13,226	4,074	3.25	
RUTLAND PARK	RUTLAND PARK	RUT	2017	2,370	953	2.49	
SANDSTONE VALLEY	SANDSTONE VALLEY	SAN	2003	6,837	2,089	3.27	
BEDDINGTON HEIGHTS	BEDDINGTON HEIGHTS	BED	1973	0	0	0	
MONTEREY PARK	MONTEREY PARK	MOR	1992	3,109	937	3.32	
SOUTHVIEW	SOUTHVIEW	SOV	2003	2,268	852	2.66	
WINSTON HEIGHTS/MOUNTVIEW	WINSTON HEIGHTS/MOUNTVIEW	WIN	1990	3,866	1,626	2.38	
WINSTON HEIGHTS/MOUNTVIEW	WINSTON HEIGHTS/MOUNTVIEW	WIN	1979	4,081	1,519	2.69	
NEW BRIGHTON	NEW BRIGHTON	NEB	1978	0	0	0	
KILLARNEY/GLENGARRY	KILLARNEY/GLENGARRY	KIL	1970	7,498	2,376	3.16	
KINGSLAND	KINGSLAND	KIN	2014	4,812	2,308	2.08	
ST. ANDREWS HEIGHTS	ST. ANDREWS HEIGHTS	STA	1973	2,284	608	3.76	
SKYVIEW RANCH	SKYVIEW RANCH	SKR	2017	10,043	3,330	3.02	
WINDSOR PARK	WINDSOR PARK	WND	2015	4,501	2,335	1.93	
MCKENZIE LAKE	MCKENZIE LAKE	MCK	1974	0	0	0	
BRIDGELAND/RIVERSIDE	BRIDGELAND/RIVERSIDE	BRD	1998	4,403	2,259	1.95	
MCKENZIE TOWNE	MCKENZIE TOWNE	MCT	1991	0	0	0	
VALLEY RIDGE	VALLEY RIDGE	VAL	1971	0	0	0	
HOUNSFIELD HEIGHTS/BRIAR HILL	HOUNSFIELD HEIGHTS/BRIAR HILL	HOU	1985	2,730	943	2.9	
CASTLERIDGE	CASTLERIDGE	CAS	1974	0	0	0	
SHERWOOD	SHERWOOD	SHW	1994	0	0	0	
SILVER SPRINGS	SILVER SPRINGS	SIL	2010	8,896	3,442	2.58	
ACADIA	ACADIA	ACA	1994	11,041	4,638	2.38	
MARLBOROUGH PARK	MARLBOROUGH PARK	MPK	2007	8,630	2,898	2.98	
KINGSLAND	KINGSLAND	KIN	1982	4,630	2,114	2.19	
SPRUCE CLIFF	SPRUCE CLIFF	SPR	1997	3,134	1,327	2.36	
ALTADORE	ALTADORE	ALT	1989	5,916	2,542	2.33	
GREENWOOD/GREENBRIAR	GREENWOOD/GREENBRIAR	GRE	1991	1,025	473	2.17	
KINGSLAND	KINGSLAND	KIN	1995	4,253	2,159	1.97	
QUEENSLAND	QUEENSLAND	QLD	1994	5,710	1,764	3.24	
RIVERBEND	RIVERBEND	RIV	1972	80	23	3.48	
CHINOOK PARK	CHINOOK PARK	CHK	1976	2,158	583	3.7	
WOODLANDS	WOODLANDS	WOO	2007	6,370	2,351	2.71	
INGLEWOOD	INGLEWOOD	ING	2008	3,284	1,763	1.86	
SUNALTA	SUNALTA	SNA	1984	2,759	1,605	1.72	
ROYAL OAK	ROYAL OAK	ROY	1982	0	0	0	
COUNTRY HILLS VILLAGE	COUNTRY HILLS VILLAGE	CHV	1968	0	0	0	
HUNTINGTON HILLS	HUNTINGTON HILLS	HUN	1972	9,130	2,317	3.94	
ROCKY RIDGE	ROCKY RIDGE	ROC	2011	7,266	2,776	2.62	
SANDSTONE VALLEY	SANDSTONE VALLEY	SAN	1978	0	0	0	
GARRISON WOODS	GARRISON WOODS	GAW	2004	0	0	0	
PENBROOKE MEADOWS	PENBROOKE MEADOWS	PEN	1992	9,671	2,733	3.54	
NOLAN HILL	NOLAN HILL	NOL	1982	0	0	0	
HIGHWOOD	HIGHWOOD	HIW	2012	2,214	936	2.37	
MCKENZIE TOWNE	MCKENZIE TOWNE	MCT	1972	0	0	0	
MARTINDALE	MARTINDALE	MRT	1968	0	0	0	
CANYON MEADOWS	CANYON MEADOWS	CAN	1973	3,765	997	3.78	
WINSTON HEIGHTS/MOUNTVIEW	WINSTON HEIGHTS/MOUNTVIEW	WIN	1978	4,050	1,520	2.66	
ROYAL OAK	ROYAL OAK	ROY	1981	0	0	0	
MILLRISE	MILLRISE	MLR	1996	4,381	1,472	2.98	
BRAESIDE	BRAESIDE	BRA	1984	7,048	2,301	3.06	
ERLTON	ERLTON	ERL	1990	627	295	2.13	
DISCOVERY RIDGE	DISCOVERY RIDGE	DIS	1988	0	0	0	
TARADALE	TARADALE	TAR	1986	609	182	3.35	
SANDSTONE VALLEY	SANDSTONE VALLEY	SAN	2000	6,921	2,082	3.32	
RANCHLANDS	RANCHLANDS	RAN	2011	7,529	2,941	2.56	
SHAWNESSY	SHAWNESSY	SHN	1987	2,786	901	3.09	
UNIVERSITY DISTRICT	UNIVERSITY DISTRICT	UND	1991	0	0	0	
SADDLE RIDGE	SADDLE RIDGE	SAD	1985	120	35	3.43	
ST. ANDREWS HEIGHTS	ST. ANDREWS HEIGHTS	STA	2006	1,588	619	2.57	
SIGNAL HILL	SIGNAL HILL	SIG	2002	12,990	4,755	2.73	
MAPLE RIDGE	MAPLE RIDGE	MPL	1977	3,156	796	3.96	
CORAL SPRINGS	CORAL SPRINGS	COR	1979	0	0	0	
WESTGATE	WESTGATE	WGT	2013	3,160	1,267	2.49	
MILLRISE	MILLRISE	MLR	1976	47	15	3.13	
WEST HILLHURST	WEST HILLHURST	WHL	1975	5,584	2,177	2.56	
CRESCENT HEIGHTS	CRESCENT HEIGHTS	CRE	1981	5,694	3,013	1.89	
REDSTONE	REDSTONE	RSN	1988	0	0	0	
CORNERSTONE	CORNERSTONE	CNS	2002	0	0	0	
EVERGREEN	EVERGREEN	EVE	2004	5,252	1,758	2.99	
CANYON MEADOWS	CANYON MEADOWS	CAN	1996	8,485	3,031	2.8	
PARKLAND	PARKLAND	PKL	1983	5,020	1,339	3.75	
HARVEST HILLS	HARVEST HILLS	HAR	1993	1,217	389	3.13	
SAGE HILL	SAGE HILL	SGH	1972	0	0	0	
MAYFAIR	MAYFAIR	MAF	1968	838	184	4.55	
MAYFAIR	MAYFAIR	MAF	1969	832	183	4.55	
ROCKY RIDGE	ROCKY RIDGE	ROC	2013	7,894	2,903	2.72	
PARKDALE	PARKDALE	PKD	2016	2,412	938	2.57	
ACADIA	ACADIA	ACA	1968	9,676	2,175	4.45	
ACADIA	ACADIA	ACA	1997	10,978	4,691	2.34	
FOREST LAWN	FOREST LAWN	FLN	1973	8,126	2,128	3.82	
WOODBINE	WOODBINE	WBN	1972	43	13	3.31	
BAYVIEW	BAYVIEW	BYV	1972	446	100	4.46	
PANORAMA HILLS	PANORAMA HILLS	PAN	1972	0	0	0	
HIGHWOOD	HIGHWOOD	HIW	1969	3,435	844	4.07	
UPPER MOUNT ROYAL	UPPER MOUNT ROYAL	UMR	2006	2,613	1,007	2.59	
SUNNYSIDE	SUNNYSIDE	SSD	1999	3,714	2,210	1.68	
MEADOWLARK PARK	MEADOWLARK PARK	MEA	1980	845	294	2.87	
SPRINGBANK HILL	SPRINGBANK HILL	SPH	1974	0	0	0	
WHITEHORN	WHITEHORN	WHI	1980	6,223	1,843	3.38	
UNIVERSITY DISTRICT	UNIVERSITY DISTRICT	UND	1980	0	0	0	
EVANSTON	EVANSTON	EVN	1971	0	0	0	
DALHOUSIE	DALHOUSIE	DAL	2005	9,081	3,629	2.5	
COACH HILL	COACH HILL	COA	1994	3,164	1,236	2.56	
VISTA HEIGHTS	VISTA HEIGHTS	VIS	2002	2,234	752	2.97	
DALHOUSIE	DALHOUSIE	DAL	2000	9,256	3,598	2.57	
EAU CLAIRE	EAU CLAIRE	EAU	1975	632	264	2.39	
COACH HILL	COACH HILL	COA	2016	3,317	1,448	2.29	
REDSTONE	REDSTONE	RSN	1970	0	0	0	
KILLARNEY/GLENGARRY	KILLARNEY/GLENGARRY	KIL	1984	5,612	2,520	2.23	
TARADALE	TARADALE	TAR	1982	0	0	0	
PARKDALE	PARKDALE	PKD	2009	2,247	1,045	2.15	
DISCOVERY RIDGE	DISCOVERY RIDGE	DIS	1998	21	6	3.5	
ALBERT PARK/RADISSON HEIGHTS	ALBERT PARK/RADISSON HEIGHTS	ALB	2006	6,221	2,495	2.49	
WEST SPRINGS	WEST SPRINGS	WSP	1996	244	81	3.01	
MACEWAN GLEN	MACEWAN GLEN	MAC	1989	2,606	816	3.19	
EVANSTON	EVANSTON	EVN	1993	17	6	2.83	
SANDSTONE VALLEY	SANDSTONE VALLEY	SAN	2007	6,557	2,074	3.16	
GARRISON GREEN	GARRISON GREEN	GAG	2012	1,973	709	2.78	At this time community was referred to as CFB - LINCOLN PARK PMQ (CFL)
APPLEWOOD PARK	APPLEWOOD PARK	APP	1993	1,834	517	3.55	
MACEWAN GLEN	MACEWAN GLEN	MAC	2015	5,029	1,768	2.84	
SHERWOOD	SHERWOOD	SHW	1980	0	0	0	
ASPEN WOODS	ASPEN WOODS	ASP	1968	0	0	0	
DOUGLASDALE/GLEN	DOUGLASDALE/GLEN	DDG	1969	0	0	0	
COPPERFIELD	COPPERFIELD	CPF	1968	0	0	0	
DOWNTOWN EAST VILLAGE	DOWNTOWN EAST VILLAGE	DNE	1974	960	504	1.9	
LEGACY	LEGACY	LEG	1996	0	0	0	
SAGE HILL	SAGE HILL	SGH	1973	0	0	0	
MARLBOROUGH PARK	MARLBOROUGH PARK	MPK	2006	8,513	2,850	2.99	
CASTLERIDGE	CASTLERIDGE	CAS	1998	6,422	1,797	3.57	
PANORAMA HILLS	PANORAMA HILLS	PAN	1981	0	0	0	
PALLISER	PALLISER	PAL	2007	3,291	1,670	1.97	
DIAMOND COVE	DIAMOND COVE	DIA	1971	0	0	0	
RANCHLANDS	RANCHLANDS	RAN	1996	8,432	2,901	2.91	
NORTH HAVEN UPPER	NORTH HAVEN UPPER	NHU	2011	615	240	2.56	
HIGHWOOD	HIGHWOOD	HIW	1976	2,719	860	3.16	
MAYFAIR	MAYFAIR	MAF	2008	485	153	3.17	
QUEENS PARK VILLAGE	QUEENS PARK VILLAGE	QPK	1992	366	170	2.15	
BEL-AIRE	BEL-AIRE	BEL	1985	499	150	3.33	
TUXEDO PARK	TUXEDO PARK	TUX	1973	4,546	1,809	2.51	
CLIFF BUNGALOW	CLIFF BUNGALOW	CLI	2011	1,912	1,269	1.51	
CASTLERIDGE	CASTLERIDGE	CAS	1999	6,474	1,804	3.59	
NEW BRIGHTON	NEW BRIGHTON	NEB	2009	5,142	1,762	2.92	
BEL-AIRE	BEL-AIRE	BEL	2014	434	149	2.91	
RED CARPET	RED CARPET	RED	1983	1,114	419	2.66	
INGLEWOOD	INGLEWOOD	ING	2010	3,427	1,885	1.82	
BELVEDERE	BELVEDERE	BVD	1990	0	0	0	
KINCORA	KINCORA	KCA	1969	0	0	0	
APPLEWOOD PARK	APPLEWOOD PARK	APP	1999	4,927	1,364	3.61	
CANYON MEADOWS	CANYON MEADOWS	CAN	1993	8,368	2,892	2.89	
LAKEVIEW	LAKEVIEW	LKV	1978	7,569	2,210	3.42	
CURRIE BARRACKS	CURRIE BARRACKS	CUR	1978	13			
CANYON MEADOWS	CANYON MEADOWS	CAN	1994	8,438	2,957	2.85	
SPRINGBANK HILL	SPRINGBANK HILL	SPH	1976	0	0	0	
SETON	SETON	SET	2001	0	0	0	
CLIFF BUNGALOW	CLIFF BUNGALOW	CLI	2015	2,125	1,285	1.65	
DOUGLASDALE/GLEN	DOUGLASDALE/GLEN	DDG	1989	952	297	3.21	
LINCOLN PARK	LINCOLN PARK	LPK	2006	2,421	1,344	1.8	
CHINATOWN	CHINATOWN	CHN	2011	1,269	801	1.58	
GLAMORGAN	GLAMORGAN	GLA	1969	4,397	1,022	4.3	
BANKVIEW	BANKVIEW	BNK	2006	5,068	3,159	1.6	
ASPEN WOODS	ASPEN WOODS	ASP	1975	0	0	0	
BEL-AIRE	BEL-AIRE	BEL	2005	494	155	3.19	
SKYVIEW RANCH	SKYVIEW RANCH	SKR	1992	0	0	0	
THORNCLIFFE	THORNCLIFFE	THO	2007	8,992	3,649	2.46	
SKYVIEW RANCH	SKYVIEW RANCH	SKR	2000	0	0	0	
SCARBORO/SUNALTA WEST	SCARBORO	SSW	1999	420	164	2.56	
HUNTINGTON HILLS	HUNTINGTON HILLS	HUN	2008	13,621	5,364	2.54	
POINT MCKAY	POINT MCKAY	POI	1980	510	224	2.28	
WILLOW PARK	WILLOW PARK	WIL	1976	7,185	2,001	3.59	
MARTINDALE	MARTINDALE	MRT	1998	6,258	2,052	3.05	
REDSTONE	REDSTONE	RSN	2002	0	0	0	
COACH HILL	COACH HILL	COA	2005	3,338	1,451	2.3	
PANORAMA HILLS	PANORAMA HILLS	PAN	1976	0	0	0	
LAKE BONAVISTA	LAKE BONAVISTA	LKB	1986	12,750	3,623	3.52	
EVERGREEN	EVERGREEN	EVE	1982	34	14	2.43	
FALCONRIDGE	FALCONRIDGE	FAL	1978	0	0	0	
ERLTON	ERLTON	ERL	2014	1,210	681	1.78	
RAMSAY	RAMSAY	RAM	2017	2,110	1,014	2.08	
SHAGANAPPI	SHAGANAPPI	SHG	1990	1,685	784	2.15	
PARKLAND	PARKLAND	PKL	2010	3,829	1,422	2.69	
MAPLE RIDGE	MAPLE RIDGE	MPL	1995	2,250	806	2.79	
SOMERSET	SOMERSET	SOM	1977	0	0	0	
CASTLERIDGE	CASTLERIDGE	CAS	2014	6,396	1,917	3.34	
SUNALTA	SUNALTA	SNA	2013	3,293	1,994	1.65	
LEGACY	LEGACY	LEG	1990	0	0	0	
SANDSTONE VALLEY	SANDSTONE VALLEY	SAN	1976	0	0	0	
RAMSAY	RAMSAY	RAM	1975	2,428	945	2.57	
SCARBORO/SUNALTA WEST	SCARBORO	SSW	1969	620	165	3.76	
ALBERT PARK/RADISSON HEIGHTS	ALBERT PARK/RADISSON HEIGHTS	ALB	1986	6,395	2,300	2.78	
ARBOUR LAKE	ARBOUR LAKE	ARB	1980	0	0	0	
HILLHURST	HILLHURST	HIL	2015	6,737	3,231	2.09	
SKYVIEW RANCH	SKYVIEW RANCH	SKR	1999	0	0	0	
ROSEMONT	ROSEMONT	RMT	2013	1,272	540	2.36	
WINDSOR PARK	WINDSOR PARK	WND	1998	3,832	2,161	1.77	
EAGLE RIDGE	EAGLE RIDGE	EAG	1976	585	106	5.52	
SADDLE RIDGE	SADDLE RIDGE	SAD	1981	133	35	3.8	
GLENDALE	GLENDALE	GDL	2011	2,730	1,074	2.54	
ROYAL OAK	ROYAL OAK	ROY	1978	0	0	0	
FOREST HEIGHTS	FOREST HEIGHTS	FHT	1979	6,120	1,678	3.65	
DEER RIDGE	DEER RIDGE	DRG	1984	3,581	1,083	3.31	
CANYON MEADOWS	CANYON MEADOWS	CAN	1997	8,492	3,076	2.76	
CRESCENT HEIGHTS	CRESCENT HEIGHTS	CRE	2013	6,256	3,403	1.84	
UNIVERSITY OF CALGARY	UNIVERSITY OF CALGARY	UOC	2006	2,137	625	3.42	
UNIVERSITY DISTRICT	UNIVERSITY DISTRICT	UND	2010	0	0	0	
HIGHWOOD	HIGHWOOD	HIW	1982	2,420	892	2.71	
MAPLE RIDGE	MAPLE RIDGE	MPL	2006	2,066	799	2.59	
SHERWOOD	SHERWOOD	SHW	1995	0	0	0	
PALLISER	PALLISER	PAL	1984	3,022	1,228	2.46	
REDSTONE	REDSTONE	RSN	2003	0	0	0	
MCKENZIE LAKE	MCKENZIE LAKE	MCK	1986	1,512	475	3.18	
MILLRISE	MILLRISE	MLR	1997	4,649	1,560	2.98	
RANCHLANDS	RANCHLANDS	RAN	1994	8,506	2,874	2.96	
RIDEAU PARK	RIDEAU PARK	RID	1974	593	315	1.88	
LEGACY	LEGACY	LEG	1999	0	0	0	
RUNDLE	RUNDLE	RUN	2008	11,359	3,634	3.13	
CHINOOK PARK	CHINOOK PARK	CHK	1970	2,469	570	4.33	
GREENWOOD/GREENBRIAR	GREENWOOD/GREENBRIAR	GRE	2003	996	477	2.09	
HUNTINGTON HILLS	HUNTINGTON HILLS	HUN	1991	15,347	5,126	2.99	
SOUTH CALGARY	SOUTH CALGARY	SOC	2005	3,428	1,828	1.88	
MONTGOMERY	MONTGOMERY	MON	1991	4,112	1,595	2.58	
DALHOUSIE	DALHOUSIE	DAL	1968	161	49	3.29	
CHINATOWN	CHINATOWN	CHN	2012	1,577	1,027	1.54	
UNIVERSITY HEIGHTS	UNIVERSITY HEIGHTS	UNI	2008	2,913	1,318	2.21	
GLENBROOK	GLENBROOK	GBK	2013	7,041	3,100	2.27	
UNIVERSITY HEIGHTS	UNIVERSITY HEIGHTS	UNI	2004	2,950	1,305	2.26	
DOVER	DOVER	DOV	1976	10,035	2,743	3.66	
WOODBINE	WOODBINE	WBN	2017	8,959	3,311	2.71	
SHAGANAPPI	SHAGANAPPI	SHG	2013	1,527	720	2.12	
CRESCENT HEIGHTS	CRESCENT HEIGHTS	CRE	1980	5,397	2,862	1.89	
SAGE HILL	SAGE HILL	SGH	1990	58	20	2.9	
MARTINDALE	MARTINDALE	MRT	2016	14,877	3,972	3.75	
EAGLE RIDGE	EAGLE RIDGE	EAG	2007	246	95	2.59	
DEER RIDGE	DEER RIDGE	DRG	1982	2,451	724	3.39	
SCENIC ACRES	SCENIC ACRES	SCE	1987	1,959	594	3.3	
BRENTWOOD	BRENTWOOD	BRE	2008	6,195	2,491	2.49	
MILLRISE	MILLRISE	MLR	1974	57	16	3.56	
SCENIC ACRES	SCENIC ACRES	SCE	1999	9,172	2,744	3.34	
AUBURN BAY	AUBURN BAY	AUB	2009	3,466	1,150	3.01	
ROSEDALE	ROSEDALE	RDL	1970	1,730	671	2.58	
PANORAMA HILLS	PANORAMA HILLS	PAN	2011	19,851	6,257	3.17	
WINDSOR PARK	WINDSOR PARK	WND	1980	3,048	1,575	1.94	
BRITANNIA	BRITANNIA	BRT	2013	757	290	2.61	
HAWKWOOD	HAWKWOOD	HAW	2017	9,512	3,281	2.9	
HUNTINGTON HILLS	HUNTINGTON HILLS	HUN	1970	4,554	1,142	3.99	
FOREST LAWN	FOREST LAWN	FLN	2011	7,313	2,964	2.47	
KELVIN GROVE	KELVIN GROVE	KEL	2006	2,266	892	2.54	
SILVERADO	SILVERADO	SVO	2012	5,136	1,715	2.99	
APPLEWOOD PARK	APPLEWOOD PARK	APP	1994	2,284	662	3.45	
OAKRIDGE	OAKRIDGE	OAK	2012	5,651	2,254	2.51	
SADDLE RIDGE	SADDLE RIDGE	SAD	2009	12,255	3,116	3.93	
PENBROOKE MEADOWS	PENBROOKE MEADOWS	PEN	1968	246	56	4.39	
SOUTHVIEW	SOUTHVIEW	SOV	1993	2,331	855	2.73	
PUMP HILL	PUMP HILL	PUM	2009	1,619	544	2.98	
BEDDINGTON HEIGHTS	BEDDINGTON HEIGHTS	BED	2000	12,843	4,173	3.08	
PARKLAND	PARKLAND	PKL	1981	4,973	1,338	3.72	
WEST SPRINGS	WEST SPRINGS	WSP	2015	9,529	2,988	3.19	
BONAVISTA DOWNS	BONAVISTA DOWNS	BDO	1991	1,161	369	3.15	
NORTH HAVEN UPPER	NORTH HAVEN UPPER	NHU	1988	795	243	3.27	
EVANSTON	EVANSTON	EVN	1974	0	0	0	
ASPEN WOODS	ASPEN WOODS	ASP	1977	0	0	0	
OGDEN	OGDEN	OGD	2000	10,185	3,801	2.68	
DOWNTOWN COMMERCIAL CORE	DOWNTOWN COMMERCIAL CORE	DNC	1980	5,820	4,322	1.35	
RAMSAY	RAMSAY	RAM	2003	2,061	1,035	1.99	
ERLTON	ERLTON	ERL	1982	656	259	2.53	
RANCHLANDS	RANCHLANDS	RAN	1969	18	5	3.6	
SOUTHVIEW	SOUTHVIEW	SOV	1968	3,247	768	4.23	
COVENTRY HILLS	COVENTRY HILLS	COV	2006	12,601	4,320	2.92	
SHAWNEE SLOPES	SHAWNEE SLOPES	SHS	1974	33	10	3.3	
CRESTMONT	CRESTMONT	CRM	2007	1,163	377	3.08	
ERIN WOODS	ERIN WOODS	ERI	1991	4,568	1,344	3.4	
CURRIE BARRACKS	CURRIE BARRACKS	CUR	2017	857			
PATTERSON	PATTERSON	PAT	1969	129	30	4.3	
CEDARBRAE	CEDARBRAE	CED	2004	6,386	2,425	2.63	
PINERIDGE	PINERIDGE	PIN	2005	9,787	3,640	2.69	
WINDSOR PARK	WINDSOR PARK	WND	2000	3,791	2,149	1.76	
EVANSTON	EVANSTON	EVN	1985	0	0	0	
MARTINDALE	MARTINDALE	MRT	1987	812	255	3.18	
MAYFAIR	MAYFAIR	MAF	1993	549	186	2.95	
NORTH GLENMORE PARK	NORTH GLENMORE PARK	NGM	1970	3,776	911	4.14	
ABBEYDALE	ABBEYDALE	ABB	2009	6,032	1,934	3.12	
TARADALE	TARADALE	TAR	1998	1,503	475	3.16	
ERIN WOODS	ERIN WOODS	ERI	1970	0	0	0	
CHINOOK PARK	CHINOOK PARK	CHK	2007	1,726	576	3	
ARBOUR LAKE	ARBOUR LAKE	ARB	1972	0	0	0	
WESTGATE	WESTGATE	WGT	2015	3,201	1,298	2.47	
DOVER	DOVER	DOV	2006	10,444	4,255	2.45	
SCENIC ACRES	SCENIC ACRES	SCE	1984	789	215	3.67	
LAKEVIEW	LAKEVIEW	LKV	2000	5,878	2,298	2.56	
WESTGATE	WESTGATE	WGT	2012	3,172	1,299	2.44	
SPRUCE CLIFF	SPRUCE CLIFF	SPR	2011	3,992	1,963	2.03	
BELTLINE	BELTLINE	BLN	2013	20,266	12,797	1.58	
HOUNSFIELD HEIGHTS/BRIAR HILL	HOUNSFIELD HEIGHTS/BRIAR HILL	HOU	1972	3,167	885	3.58	
BOWNESS	BOWNESS	BOW	1982	13,134	4,528	2.9	
COUGAR RIDGE	COUGAR RIDGE	CGR	1998	53	19	2.79	
VALLEY RIDGE	VALLEY RIDGE	VAL	2003	3,913	1,300	3.01	
NEW BRIGHTON	NEW BRIGHTON	NEB	1970	0	0	0	
ROSEDALE	ROSEDALE	RDL	2006	1,650	609	2.71	
RIVERBEND	RIVERBEND	RIV	1975	72	21	3.43	
BANKVIEW	BANKVIEW	BNK	2016	5,158	3,164	1.63	
SOUTHWOOD	SOUTHWOOD	SOW	1970	5,620	1,296	4.34	
EDGEMONT	EDGEMONT	EDG	1979	332	89	3.73	
NOLAN HILL	NOLAN HILL	NOL	2013	147	52	2.83	
ST. ANDREWS HEIGHTS	ST. ANDREWS HEIGHTS	STA	2016	1,729	607	2.85	
SHAGANAPPI	SHAGANAPPI	SHG	1979	1,830	788	2.32	
OAKRIDGE	OAKRIDGE	OAK	2003	6,293	2,258	2.79	
HIGHLAND PARK	HIGHLAND PARK	HPK	1972	4,533	1,590	2.85	
POINT MCKAY	POINT MCKAY	POI	1968	0	0	0	
CHRISTIE PARK	CHRISTIE PARK	CHR	1998	2,191	783	2.8	
EAGLE RIDGE	EAGLE RIDGE	EAG	1995	516	109	4.73	
LAKE BONAVISTA	LAKE BONAVISTA	LKB	1970	1,154	279	4.14	
DIAMOND COVE	DIAMOND COVE	DIA	1973	0	0	0	
NORTH HAVEN UPPER	NORTH HAVEN UPPER	NHU	1998	733	246	2.98	
DOWNTOWN COMMERCIAL CORE	DOWNTOWN COMMERCIAL CORE	DNC	1998	6,867	4,528	1.52	
SOUTH CALGARY	SOUTH CALGARY	SOC	2016	4,118	2,124	1.94	
ROSEDALE	ROSEDALE	RDL	1998	1,693	635	2.67	
ACADIA	ACADIA	ACA	1989	11,418	4,640	2.46	
CRANSTON	CRANSTON	CRA	2010	9,645	3,417	2.82	
SOUTHVIEW	SOUTHVIEW	SOV	1983	2,545	841	3.03	
KELVIN GROVE	KELVIN GROVE	KEL	1994	2,141	837	2.56	
GLENDALE	GLENDALE	GDL	1972	3,670	955	3.84	
WILDWOOD	WILDWOOD	WLD	2012	2,598	1,023	2.54	
HAWKWOOD	HAWKWOOD	HAW	2013	9,851	3,289	3	
GARRISON WOODS	GARRISON WOODS	GAW	1985	0	0	0	
HAYSBORO	HAYSBORO	HAY	1985	6,436	2,599	2	
BRENTWOOD	BRENTWOOD	BRE	2005	6,228	2,493	2.5	
NEW BRIGHTON	NEW BRIGHTON	NEB	1987	0	0	0	
CASTLERIDGE	CASTLERIDGE	CAS	2004	6,180	1,797	3.44	
CEDARBRAE	CEDARBRAE	CED	2006	6,441	2,561	2.52	
FAIRVIEW	FAIRVIEW	FAI	1976	5,326	1,531	3.48	
SOMERSET	SOMERSET	SOM	2012	8,540	3,087	2.77	
HARVEST HILLS	HARVEST HILLS	HAR	2017	7,302	2,486	2.94	
WESTGATE	WESTGATE	WGT	1975	3,677	997	3.69	
WEST HILLHURST	WEST HILLHURST	WHL	2010	5,696	2,588	2.2	
INGLEWOOD	INGLEWOOD	ING	1989	2,438	1,203	2.03	
SIGNAL HILL	SIGNAL HILL	SIG	1992	3,349	1,047	3.2	
GREENWOOD/GREENBRIAR	GREENWOOD/GREENBRIAR	GRE	2004	972	466	2.09	
ARBOUR LAKE	ARBOUR LAKE	ARB	1979	0	0	0	
WOODBINE	WOODBINE	WBN	2007	9,881	3,308	2.99	
EVERGREEN	EVERGREEN	EVE	1989	32	13	2.46	
GREENVIEW	GREENVIEW	GRV	2013	2,055	1,060	1.94	
WOODBINE	WOODBINE	WBN	1983	5,973	1,894	3.15	
NORTH HAVEN UPPER	NORTH HAVEN UPPER	NHU	2013	627	241	2.6	
QUEENSLAND	QUEENSLAND	QLD	2011	4,877	1,837	2.65	
BAYVIEW	BAYVIEW	BYV	2009	647	238	2.72	
REDSTONE	REDSTONE	RSN	1981	0	0	0	
MIDNAPORE	MIDNAPORE	MID	2015	7,183	2,700	2.66	
UNIVERSITY OF CALGARY	UNIVERSITY OF CALGARY	UOC	1989	1,413	636	2.22	
MISSION	MISSION	MIS	2003	3,653	2,511	1.45	
WINDSOR PARK	WINDSOR PARK	WND	2001	3,791	2,157	1.76	
HIDDEN VALLEY	HIDDEN VALLEY	HID	2005	11,695	3,809	3.07	
ROSSCARROCK	ROSSCARROCK	RCK	1990	3,431	1,455	2.36	
QUEENSLAND	QUEENSLAND	QLD	2010	4,831	1,820	2.65	
SHAGANAPPI	SHAGANAPPI	SHG	1989	1,651	778	2.12	
DOWNTOWN COMMERCIAL CORE	DOWNTOWN COMMERCIAL CORE	DNC	1971	5,246	3,313	1.58	
KILLARNEY/GLENGARRY	KILLARNEY/GLENGARRY	KIL	1985	5,551	2,570	2.16	
MANCHESTER	MANCHESTER	MAN	2007	597	319	1.87	
VISTA HEIGHTS	VISTA HEIGHTS	VIS	2001	2,276	751	3.03	
SCARBORO	SCARBORO	SCA	1977	1,020	340	3	
SPRUCE CLIFF	SPRUCE CLIFF	SPR	1973	3,761	1,293	2.91	
ABBEYDALE	ABBEYDALE	ABB	1997	6,666	1,935	3.44	
RENFREW	RENFREW	REN	1998	5,458	2,656	2.05	
SPRUCE CLIFF	SPRUCE CLIFF	SPR	1986	3,175	1,339	2.37	
CITYSCAPE	CITYSCAPE	CSC	1977	0	0	0	
DISCOVERY RIDGE	DISCOVERY RIDGE	DIS	1970	0	0	0	
STRATHCONA PARK	STRATHCONA PARK	STR	1972	0	0	0	
CHAPARRAL	CHAPARRAL	CHA	1985	0	0	0	
PUMP HILL	PUMP HILL	PUM	2004	1,849	550	3.36	
INGLEWOOD	INGLEWOOD	ING	1974	2,928	1,130	2.59	
COUGAR RIDGE	COUGAR RIDGE	CGR	1970	0	0	0	
BEL-AIRE	BEL-AIRE	BEL	2001	479	155	3.09	
COVENTRY HILLS	COVENTRY HILLS	COV	2013	16,720	5,330	3.14	
QUEENS PARK VILLAGE	QUEENS PARK VILLAGE	QPK	1999	418	171	2.44	
GLENDALE	GLENDALE	GDL	2010	2,729	1,082	2.52	
SHAWNESSY	SHAWNESSY	SHN	2006	9,496	3,241	2.93	
VISTA HEIGHTS	VISTA HEIGHTS	VIS	1997	2,411	768	3.14	
ROXBORO	ROXBORO	ROX	1974	465	166	2.8	
KELVIN GROVE	KELVIN GROVE	KEL	2005	2,298	871	2.64	
UNIVERSITY OF CALGARY	UNIVERSITY OF CALGARY	UOC	1981	1,421	249	5.71	
CRANSTON	CRANSTON	CRA	1994	13	3	4.33	
REDSTONE	REDSTONE	RSN	1986	0	0	0	
HARVEST HILLS	HARVEST HILLS	HAR	2001	7,465	2,504	2.98	
SUNNYSIDE	SUNNYSIDE	SSD	2016	3,990	2,311	1.73	
DALHOUSIE	DALHOUSIE	DAL	2006	9,098	3,640	2.5	
PINERIDGE	PINERIDGE	PIN	2015	10,212	3,676	2.78	
QUEENSLAND	QUEENSLAND	QLD	1984	5,783	1,663	3.48	
SPRUCE CLIFF	SPRUCE CLIFF	SPR	1970	3,414	1,067	3.2	
CORNERSTONE	CORNERSTONE	CNS	1969	0	0	0	
CURRIE BARRACKS	CURRIE BARRACKS	CUR	1993	0			
CHINOOK PARK	CHINOOK PARK	CHK	2004	1,710	570	3	
PARKLAND	PARKLAND	PKL	2015	3,780	1,419	2.66	
CHAPARRAL	CHAPARRAL	CHA	1984	0	0	0	
LINCOLN PARK	LINCOLN PARK	LPK	2007	2,605	1,388	1.88	
QUEENS PARK VILLAGE	QUEENS PARK VILLAGE	QPK	2013	464	185	2.51	
STRATHCONA PARK	STRATHCONA PARK	STR	1976	0	0	0	
ST. ANDREWS HEIGHTS	ST. ANDREWS HEIGHTS	STA	1971	2,341	600	3.9	
WALDEN	WALDEN	WAL	1984	0	0	0	
STRATHCONA PARK	STRATHCONA PARK	STR	2005	7,187	2,369	3.03	
SUNNYSIDE	SUNNYSIDE	SSD	1989	3,401	2,124	1.6	
PARKLAND	PARKLAND	PKL	1992	4,692	1,343	3.49	
SILVER SPRINGS	SILVER SPRINGS	SIL	2007	9,225	3,457	2.67	
TARADALE	TARADALE	TAR	1974	0	0	0	
MONTGOMERY	MONTGOMERY	MON	1969	5,287	1,331	3.97	
ELBOW PARK	ELBOW PARK	EPK	1994	3,365	1,171	2.87	
LINCOLN PARK	LINCOLN PARK	LPK	2010	2,488	1,325	1.88	
TUSCANY	TUSCANY	TUS	2010	18,601	6,321	2.94	
SOMERSET	SOMERSET	SOM	1989	0	0	0	
SILVER SPRINGS	SILVER SPRINGS	SIL	1991	10,391	3,348	3.1	
DEER RUN	DEER RUN	DRN	1992	6,631	2,067	3.21	
HIGHLAND PARK	HIGHLAND PARK	HPK	2006	3,496	1,855	1.88	
CASTLERIDGE	CASTLERIDGE	CAS	2008	6,329	1,857	3.41	
HOUNSFIELD HEIGHTS/BRIAR HILL	HOUNSFIELD HEIGHTS/BRIAR HILL	HOU	1976	2,865	882	3.25	
LAKEVIEW	LAKEVIEW	LKV	2003	5,683	2,285	2.49	
SHAWNEE SLOPES	SHAWNEE SLOPES	SHS	1980	16	4	4	
ROXBORO	ROXBORO	ROX	1997	437	164	2.66	
FOREST LAWN	FOREST LAWN	FLN	2017	7,772	3,009	2.58	
ROYAL OAK	ROYAL OAK	ROY	1979	0	0	0	
PALLISER	PALLISER	PAL	1986	3,068	1,328	2.31	
PENBROOKE MEADOWS	PENBROOKE MEADOWS	PEN	1980	9,883	2,727	3.62	
UPPER MOUNT ROYAL	UPPER MOUNT ROYAL	UMR	1984	2,721	1,007	2.7	
KINGSLAND	KINGSLAND	KIN	1989	4,236	2,086	2.03	
BELTLINE	BELTLINE	BLN	1982	15,446	9,043	1.71	Combined communities of CONNAUGHT (CON) and VICTORIA PARK (VIC)
MEADOWLARK PARK	MEADOWLARK PARK	MEA	2006	625	269	2.32	
CASTLERIDGE	CASTLERIDGE	CAS	1970	13	3	4.33	
CITYSCAPE	CITYSCAPE	CSC	2015	627	164	3.82	
DOWNTOWN EAST VILLAGE	DOWNTOWN EAST VILLAGE	DNE	2007	2,201	831	2.65	
NEW BRIGHTON	NEW BRIGHTON	NEB	1996	0	0	0	
ALBERT PARK/RADISSON HEIGHTS	ALBERT PARK/RADISSON HEIGHTS	ALB	2011	6,217	2,513	2.47	
CRESCENT HEIGHTS	CRESCENT HEIGHTS	CRE	2004	5,661	3,186	1.78	
SCENIC ACRES	SCENIC ACRES	SCE	1968	0	0	0	
GREENWOOD/GREENBRIAR	GREENWOOD/GREENBRIAR	GRE	1992	978	454	2.15	
DOUGLASDALE/GLEN	DOUGLASDALE/GLEN	DDG	1982	0	0	0	
WEST HILLHURST	WEST HILLHURST	WHL	1999	5,159	2,538	2.03	
INGLEWOOD	INGLEWOOD	ING	1995	2,488	1,277	1.95	
MILLRISE	MILLRISE	MLR	2013	6,937	2,584	2.68	
FALCONRIDGE	FALCONRIDGE	FAL	1977	0	0	0	
SHAGANAPPI	SHAGANAPPI	SHG	1969	2,132	705	3.02	
THORNCLIFFE	THORNCLIFFE	THO	1979	10,966	3,562	3.08	
FAIRVIEW	FAIRVIEW	FAI	1972	5,891	1,506	3.91	
SKYVIEW RANCH	SKYVIEW RANCH	SKR	2004	0	0	0	
RANCHLANDS	RANCHLANDS	RAN	1982	7,945	2,661	2.99	
HOUNSFIELD HEIGHTS/BRIAR HILL	HOUNSFIELD HEIGHTS/BRIAR HILL	HOU	2005	2,894	1,059	2.73	
UNIVERSITY HEIGHTS	UNIVERSITY HEIGHTS	UNI	1979	2,892	1,070	2.7	
CASTLERIDGE	CASTLERIDGE	CAS	1995	6,276	1,747	3.59	
FOREST LAWN	FOREST LAWN	FLN	1992	8,374	2,957	2.83	
ROSEMONT	ROSEMONT	RMT	1969	1,933	504	3.84	
BRIDGELAND/RIVERSIDE	BRIDGELAND/RIVERSIDE	BRD	1994	4,426	2,220	1.99	
QUEENS PARK VILLAGE	QUEENS PARK VILLAGE	QPK	2010	421	178	2.37	
SADDLE RIDGE	SADDLE RIDGE	SAD	2001	1,019	331	3.08	
WILLOW PARK	WILLOW PARK	WIL	1985	6,427	2,171	2.96	
SHAGANAPPI	SHAGANAPPI	SHG	1996	1,727	789	2.19	
BOWNESS	BOWNESS	BOW	2013	11,074	5,025	2.2	
PARKHILL	PARKHILL	PKH	1970	1,666	539	3.09	
PUMP HILL	PUMP HILL	PUM	1991	1,862	642	2.9	
COVENTRY HILLS	COVENTRY HILLS	COV	1990	0	0	0	
ERIN WOODS	ERIN WOODS	ERI	2013	7,209	2,396	3.01	
HAWKWOOD	HAWKWOOD	HAW	1998	11,165	3,305	3.38	
WESTGATE	WESTGATE	WGT	1970	4,156	990	4.2	
BRAESIDE	BRAESIDE	BRA	1983	7,065	2,285	3.09	
CLIFF BUNGALOW	CLIFF BUNGALOW	CLI	1980	1,891	1,144	1.65	
DOWNTOWN WEST END	DOWNTOWN WEST END	DNW	2013	2,285	1,417	1.61	
MARTINDALE	MARTINDALE	MRT	1979	14	4	3.5	
MACEWAN GLEN	MACEWAN GLEN	MAC	2013	5,108	1,762	2.9	
BONAVISTA DOWNS	BONAVISTA DOWNS	BDO	2016	923	364	2.54	
KINCORA	KINCORA	KCA	1973	0	0	0	
HARVEST HILLS	HARVEST HILLS	HAR	2010	7,411	2,503	2.96	
HOUNSFIELD HEIGHTS/BRIAR HILL	HOUNSFIELD HEIGHTS/BRIAR HILL	HOU	1986	2,674	925	2.89	
HOUNSFIELD HEIGHTS/BRIAR HILL	HOUNSFIELD HEIGHTS/BRIAR HILL	HOU	2004	2,811	1,004	2.8	
EVANSTON	EVANSTON	EVN	1984	0	0	0	
ERLTON	ERLTON	ERL	1970	954	349	2.73	
ROCKY RIDGE	ROCKY RIDGE	ROC	1988	0	0	0	
TUSCANY	TUSCANY	TUS	1979	0	0	0	
PARKDALE	PARKDALE	PKD	2008	2,093	1,031	2.03	
UPPER MOUNT ROYAL	UPPER MOUNT ROYAL	UMR	1983	2,724	999	2.73	
PINERIDGE	PINERIDGE	PIN	1975	1,312	408	3.22	
VALLEY RIDGE	VALLEY RIDGE	VAL	1970	0	0	0	
NORTH HAVEN	NORTH HAVEN	NHV	1971	3,211	765	4.2	
EDGEMONT	EDGEMONT	EDG	2001	17,078	5,160	3.31	
ROSSCARROCK	ROSSCARROCK	RCK	2012	3,356	1,512	2.22	
GLENDALE	GLENDALE	GDL	1984	2,904	1,053	2.76	
THORNCLIFFE	THORNCLIFFE	THO	1994	9,328	3,574	2.61	
MARLBOROUGH PARK	MARLBOROUGH PARK	MPK	1978	7,578	2,191	3.46	
FOREST LAWN	FOREST LAWN	FLN	1985	7,882	2,774	2.84	
RUNDLE	RUNDLE	RUN	1990	11,514	3,419	3.37	
COUNTRY HILLS VILLAGE	COUNTRY HILLS VILLAGE	CHV	1985	0	0	0	
NORTH HAVEN UPPER	NORTH HAVEN UPPER	NHU	2014	637	242	2.63	
BRAESIDE	BRAESIDE	BRA	2008	6,014	2,497	2.41	
SUNALTA	SUNALTA	SNA	2002	3,150	1,921	1.64	
KELVIN GROVE	KELVIN GROVE	KEL	1997	2,157	857	2.52	
UNIVERSITY HEIGHTS	UNIVERSITY HEIGHTS	UNI	2005	2,845	1,278	2.23	
SHAWNEE SLOPES	SHAWNEE SLOPES	SHS	1990	879	304	2.89	
MAHOGANY	MAHOGANY	MAH	1989	0	0	0	
DOWNTOWN COMMERCIAL CORE	DOWNTOWN COMMERCIAL CORE	DNC	1997	6,913	4,467	1.55	
TUSCANY	TUSCANY	TUS	2002	6,923	2,567	2.7	
QUEENSLAND	QUEENSLAND	QLD	2002	5,481	1,840	2.98	
GARRISON GREEN	GARRISON GREEN	GAG	2013	2,008	714	2.81	At this time community was referred to as CFB - LINCOLN PARK PMQ (CFL)
CITYSCAPE	CITYSCAPE	CSC	1980	0	0	0	
HILLHURST	HILLHURST	HIL	2013	6,401	3,115	2.05	
KINGSLAND	KINGSLAND	KIN	1998	4,405	2,210	1.99	
SCARBORO/SUNALTA WEST	SCARBORO	SSW	1989	391	167	2.34	
SILVER SPRINGS	SILVER SPRINGS	SIL	1995	10,314	3,429	3.01	
EVANSTON	EVANSTON	EVN	2006	2,650	915	2.9	
DOWNTOWN WEST END	DOWNTOWN WEST END	DNW	1985	454	294	1.54	
MOUNT PLEASANT	MOUNT PLEASANT	MOP	1968	5,805	2,043	2.84	
BRIDGELAND/RIVERSIDE	BRIDGELAND/RIVERSIDE	BRD	1971	5,534	2,000	2.77	
GLAMORGAN	GLAMORGAN	GLA	1980	5,684	1,827	3.11	
CAPITOL HILL	CAPITOL HILL	CAP	1974	3,930	1,614	2.43	
WESTGATE	WESTGATE	WGT	2006	3,145	1,305	2.41	
CORNERSTONE	CORNERSTONE	CNS	2009	0	0	0	
DISCOVERY RIDGE	DISCOVERY RIDGE	DIS	1973	0	0	0	
UNIVERSITY OF CALGARY	UNIVERSITY OF CALGARY	UOC	1968	806	5	161.2	
NEW BRIGHTON	NEW BRIGHTON	NEB	2015	11,229	3,815	2.94	
EAU CLAIRE	EAU CLAIRE	EAU	2012	1,851	1,166	1.59	
UPPER MOUNT ROYAL	UPPER MOUNT ROYAL	UMR	1971	3,057	985	3.1	
NORTH GLENMORE PARK	NORTH GLENMORE PARK	NGM	1997	2,526	986	2.56	
CORNERSTONE	CORNERSTONE	CNS	1976	0	0	0	
THORNCLIFFE	THORNCLIFFE	THO	2009	8,792	3,619	2.43	
PALLISER	PALLISER	PAL	1975	2,495	806	3.1	
MCKENZIE LAKE	MCKENZIE LAKE	MCK	1980	0	0	0	
TUSCANY	TUSCANY	TUS	1972	0	0	0	
COACH HILL	COACH HILL	COA	1969	30	7	4.29	
MACEWAN GLEN	MACEWAN GLEN	MAC	1972	0	0	0	
SUNDANCE	SUNDANCE	SDC	1993	9,960	2,772	3.59	
HIDDEN VALLEY	HIDDEN VALLEY	HID	1990	15	7	2.14	
DOWNTOWN EAST VILLAGE	DOWNTOWN EAST VILLAGE	DNE	2000	1,322	666	1.98	
PINERIDGE	PINERIDGE	PIN	1989	10,368	3,330	3.11	
SUNNYSIDE	SUNNYSIDE	SSD	1983	3,699	2,063	1.79	
SCARBORO	SCARBORO	SCA	1968	1,124	344	3.27	
BRIDGELAND/RIVERSIDE	BRIDGELAND/RIVERSIDE	BRD	2004	4,582	2,210	2.07	
DEER RUN	DEER RUN	DRN	1971	0	0	0	
WESTGATE	WESTGATE	WGT	1997	3,406	1,333	2.56	
QUEENSLAND	QUEENSLAND	QLD	1985	5,811	1,684	3.45	
BANKVIEW	BANKVIEW	BNK	1992	4,803	2,916	1.65	
TUSCANY	TUSCANY	TUS	1994	46	15	3.07	
SOMERSET	SOMERSET	SOM	1984	12	5	2.4	
WILLOW PARK	WILLOW PARK	WIL	2004	5,357	2,204	2.43	
UNIVERSITY DISTRICT	UNIVERSITY DISTRICT	UND	1990	0	0	0	
MAPLE RIDGE	MAPLE RIDGE	MPL	2012	1,910	793	2.41	
PARKHILL	PARKHILL	PKH	2016	1,697	795	2.13	
VARSITY	VARSITY	VAR	1985	12,967	4,908	2.64	
UNIVERSITY OF CALGARY	UNIVERSITY OF CALGARY	UOC	1986	1,607	496	3.24	
GLAMORGAN	GLAMORGAN	GLA	1978	5,664	1,735	3.26	
BOWNESS	BOWNESS	BOW	2014	11,611	5,087	2.28	
FAIRVIEW	FAIRVIEW	FAI	2001	3,817	1,539	2.48	
ROSEMONT	ROSEMONT	RMT	2004	1,265	524	2.41	
RICHMOND	RICHMOND	RIC	2001	3,979	1,917	2.08	
KELVIN GROVE	KELVIN GROVE	KEL	2016	2,361	859	2.75	
QUEENS PARK VILLAGE	QUEENS PARK VILLAGE	QPK	1977	0	0	0	
FALCONRIDGE	FALCONRIDGE	FAL	1991	10,652	3,115	3.42	
ERLTON	ERLTON	ERL	1987	563	277	2.03	
UPPER MOUNT ROYAL	UPPER MOUNT ROYAL	UMR	2016	2,513	1,004	2.5	
ROSEMONT	ROSEMONT	RMT	2012	1,241	539	2.3	
SKYVIEW RANCH	SKYVIEW RANCH	SKR	2016	8,578	2,697	3.18	
GLENDALE	GLENDALE	GDL	1973	3,586	957	3.75	
HUNTINGTON HILLS	HUNTINGTON HILLS	HUN	1994	14,741	5,074	2.91	
NORTH HAVEN	NORTH HAVEN	NHV	1988	2,529	915	2.76	
LOWER MOUNT ROYAL	LOWER MOUNT ROYAL	LMR	1997	3,073	2,071	1.48	
RIVERBEND	RIVERBEND	RIV	1981	136	47	2.89	
PINERIDGE	PINERIDGE	PIN	2008	9,778	3,645	2.68	
SPRINGBANK HILL	SPRINGBANK HILL	SPH	1975	0	0	0	
UNIVERSITY DISTRICT	UNIVERSITY DISTRICT	UND	2012	0	0	0	
RENFREW	RENFREW	REN	1985	5,622	2,637	2.13	
CRESCENT HEIGHTS	CRESCENT HEIGHTS	CRE	2006	6,082	3,402	1.79	
SCENIC ACRES	SCENIC ACRES	SCE	1998	8,937	2,659	3.36	
BELTLINE	BELTLINE	BLN	2011	19,556	12,346	1.58	
CITADEL	CITADEL	CIT	1971	0	0	0	
COUGAR RIDGE	COUGAR RIDGE	CGR	1977	0	0	0	
SOUTHWOOD	SOUTHWOOD	SOW	1995	6,589	2,540	2.59	
COUNTRY HILLS	COUNTRY HILLS	COU	2003	3,686	1,408	2.62	
LOWER MOUNT ROYAL	LOWER MOUNT ROYAL	LMR	1992	2,958	1,946	1.52	
SKYVIEW RANCH	SKYVIEW RANCH	SKR	1977	0	0	0	
UPPER MOUNT ROYAL	UPPER MOUNT ROYAL	UMR	2004	2,610	1,012	2.58	
WHITEHORN	WHITEHORN	WHI	1991	11,991	3,323	3.61	
LAKE BONAVISTA	LAKE BONAVISTA	LKB	1978	13,388	3,507	3.82	
DIAMOND COVE	DIAMOND COVE	DIA	2013	681	264	2.58	
KINCORA	KINCORA	KCA	1981	0	0	0	
UNIVERSITY DISTRICT	UNIVERSITY DISTRICT	UND	2008	0	0	0	
HIGHLAND PARK	HIGHLAND PARK	HPK	1985	3,653	1,730	2.11	
COACH HILL	COACH HILL	COA	1976	29	9	3.22	
SCARBORO/SUNALTA WEST	SCARBORO	SSW	2008	377	157	2.4	
DEER RUN	DEER RUN	DRN	1996	6,470	2,064	3.13	
SILVERADO	SILVERADO	SVO	1975	0	0	0	
BANKVIEW	BANKVIEW	BNK	1989	5,079	3,077	1.65	
CHAPARRAL	CHAPARRAL	CHA	2011	11,151	3,512	3.18	
SOUTH CALGARY	SOUTH CALGARY	SOC	1985	3,120	1,540	2.03	
CASTLERIDGE	CASTLERIDGE	CAS	1977	11	4	2.75	
MARLBOROUGH PARK	MARLBOROUGH PARK	MPK	2005	8,587	2,872	2.99	
COUGAR RIDGE	COUGAR RIDGE	CGR	1975	0	0	0	
BAYVIEW	BAYVIEW	BYV	1983	794	233	3.41	
BRENTWOOD	BRENTWOOD	BRE	2014	6,206	2,525	2.46	
MISSION	MISSION	MIS	1970	3,804	1,869	2.04	
GREENVIEW	GREENVIEW	GRV	1980	1,427	498	2.87	
HIGHLAND PARK	HIGHLAND PARK	HPK	2003	3,675	1,875	1.96	
RUTLAND PARK	RUTLAND PARK	RUT	1999	2,380	956	2.49	
DIAMOND COVE	DIAMOND COVE	DIA	1981	0	0	0	
MONTGOMERY	MONTGOMERY	MON	1968	5,280	1,278	4.13	
ROSEMONT	ROSEMONT	RMT	1979	1,432	506	2.83	
CANYON MEADOWS	CANYON MEADOWS	CAN	1982	8,435	2,532	3.33	
MAYLAND HEIGHTS	MAYLAND HEIGHTS	MAL	2012	5,833	2,676	2.18	
EDGEMONT	EDGEMONT	EDG	2012	15,898	5,353	2.97	
SAGE HILL	SAGE HILL	SGH	1987	0	0	0	
MAYLAND HEIGHTS	MAYLAND HEIGHTS	MAL	1968	5,290	1,254	4.22	
KELVIN GROVE	KELVIN GROVE	KEL	2011	2,334	877	2.66	
GARRISON WOODS	GARRISON WOODS	GAW	1995	0	0	0	
CHARLESWOOD/COLLINGWOOD	CHARLESWOOD		1991	6,136	2,407	2.55	Combined communities of CHARLESWOOD (CHW) and COLLINGWOOD (COL)
SILVERADO	SILVERADO	SVO	1972	0	0	0	
VISTA HEIGHTS	VISTA HEIGHTS	VIS	1996	2,332	730	3.19	
DEER RIDGE	DEER RIDGE	DRG	2015	4,316	1,498	2.88	
MARLBOROUGH	MARLBOROUGH	MRL	2003	8,715	2,984	2.92	
THORNCLIFFE	THORNCLIFFE	THO	1982	10,634	3,625	2.93	
APPLEWOOD PARK	APPLEWOOD PARK	APP	1996	3,197	949	3.37	
GLAMORGAN	GLAMORGAN	GLA	1981	6,666	2,364	2.82	
GLENBROOK	GLENBROOK	GBK	1992	7,068	2,777	2.55	
WILDWOOD	WILDWOOD	WLD	2013	2,634	1,023	2.57	
ROYAL OAK	ROYAL OAK	ROY	1990	61	24	2.54	
HARVEST HILLS	HARVEST HILLS	HAR	1980	0	0	0	
TARADALE	TARADALE	TAR	1979	0	0	0	
BELTLINE	BELTLINE	BLN	2005	16,360	10,470	1.56	
INGLEWOOD	INGLEWOOD	ING	2002	3,153	1,585	1.99	
EVANSTON	EVANSTON	EVN	1981	0	0	0	
MAYFAIR	MAYFAIR	MAF	2015	478	154	3.1	
UNIVERSITY OF CALGARY	UNIVERSITY OF CALGARY	UOC	2003	2,235	618	3.62	
UNIVERSITY DISTRICT	UNIVERSITY DISTRICT	UND	2016	780	238	3.28	Newly created from part of UNIVERSITY OF CALGARY (UOC)
MAYFAIR	MAYFAIR	MAF	1977	700	187	3.74	
ABBEYDALE	ABBEYDALE	ABB	2013	6,150	1,972	3.12	
MARTINDALE	MARTINDALE	MRT	1980	12	4	3	
FOREST LAWN	FOREST LAWN	FLN	2001	8,002	2,996	2.67	
RED CARPET	RED CARPET	RED	2017	1,605	857	1.87	
SILVER SPRINGS	SILVER SPRINGS	SIL	1978	8,370	2,534	3.3	
MACEWAN GLEN	MACEWAN GLEN	MAC	1980	0	0	0	
COUNTRY HILLS VILLAGE	COUNTRY HILLS VILLAGE	CHV	1971	0	0	0	
MCKENZIE TOWNE	MCKENZIE TOWNE	MCT	2009	14,068	5,574	2.52	
DOVER	DOVER	DOV	2012	10,474	4,524	2.32	
AUBURN BAY	AUBURN BAY	AUB	2004	0	0	0	
SCARBORO	SCARBORO	SCA	1974	1,054	344	3.06	
ST. ANDREWS HEIGHTS	ST. ANDREWS HEIGHTS	STA	1999	2,055	724	2.84	
CAPITOL HILL	CAPITOL HILL	CAP	1983	3,763	1,868	2.01	
KILLARNEY/GLENGARRY	KILLARNEY/GLENGARRY	KIL	2015	7,677	3,509	2.19	
LAKE BONAVISTA	LAKE BONAVISTA	LKB	1999	10,570	3,260	3.24	
SADDLE RIDGE	SADDLE RIDGE	SAD	2002	2,100	682	3.08	
NOLAN HILL	NOLAN HILL	NOL	1995	0	0	0	
BEDDINGTON HEIGHTS	BEDDINGTON HEIGHTS	BED	1972	0	0	0	
MIDNAPORE	MIDNAPORE	MID	2004	7,232	2,568	2.82	
COPPERFIELD	COPPERFIELD	CPF	1974	0	0	0	
HIDDEN VALLEY	HIDDEN VALLEY	HID	1991	27	8	3.38	
STRATHCONA PARK	STRATHCONA PARK	STR	2013	6,979	2,408	2.9	
CURRIE BARRACKS	CURRIE BARRACKS	CUR	1972	0			
CITADEL	CITADEL	CIT	1999	5,039	1,654	3.05	
ABBEYDALE	ABBEYDALE	ABB	1984	5,511	1,643	3.35	
UNIVERSITY HEIGHTS	UNIVERSITY HEIGHTS	UNI	1970	2,759	759	3.64	
GREENVIEW	GREENVIEW	GRV	2009	2,004	1,038	1.93	
WOODLANDS	WOODLANDS	WOO	1985	5,851	1,918	3.05	
EAGLE RIDGE	EAGLE RIDGE	EAG	1996	469	108	4.34	
COUNTRY HILLS VILLAGE	COUNTRY HILLS VILLAGE	CHV	1997	0	0	0	
EAU CLAIRE	EAU CLAIRE	EAU	1982	348	243	1.43	
CHARLESWOOD/COLLINGWOOD	CHARLESWOOD		1973	8,915	2,351	3.79	Data from community of Triwood
FALCONRIDGE	FALCONRIDGE	FAL	1969	0	0	0	
RIDEAU PARK	RIDEAU PARK	RID	2003	634	315	2.01	
DEER RIDGE	DEER RIDGE	DRG	1986	4,060	1,218	3.33	
LAKEVIEW	LAKEVIEW	LKV	1986	6,421	2,302	2.79	
CHINATOWN	CHINATOWN	CHN	2008	1,281	823	1.56	
REDSTONE	REDSTONE	RSN	1974	0	0	0	
HAMPTONS	HAMPTONS	HAM	2015	7,767	2,450	3.17	
SILVER SPRINGS	SILVER SPRINGS	SIL	1998	10,245	3,489	2.94	
MAHOGANY	MAHOGANY	MAH	1986	0	0	0	
DOWNTOWN EAST VILLAGE	DOWNTOWN EAST VILLAGE	DNE	1991	1,021	673	1.52	
MAYFAIR	MAYFAIR	MAF	2016	450	154	2.92	
GREENWOOD/GREENBRIAR	GREENWOOD/GREENBRIAR	GRE	1985	1,043	464	2.25	
DOVER	DOVER	DOV	2016	10,928	4,618	2.37	
UNIVERSITY OF CALGARY	UNIVERSITY OF CALGARY	UOC	1990	1,854	677	2.74	
BANFF TRAIL	BANFF TRAIL	BNF	1986	3,353	1,550	2.16	
HIGHLAND PARK	HIGHLAND PARK	HPK	1998	3,789	1,896	2	
CITADEL	CITADEL	CIT	1998	4,355	1,443	3.02	
GLENBROOK	GLENBROOK	GBK	2003	6,958	3,023	2.3	
MOUNT PLEASANT	MOUNT PLEASANT	MOP	2000	4,774	2,286	2.09	
PARKLAND	PARKLAND	PKL	2004	4,097	1,428	2.87	
MILLRISE	MILLRISE	MLR	2002	6,212	2,180	2.85	
MCKENZIE LAKE	MCKENZIE LAKE	MCK	1990	3,149	936	3.36	
CEDARBRAE	CEDARBRAE	CED	1973	74	19	3.89	
COUNTRY HILLS VILLAGE	COUNTRY HILLS VILLAGE	CHV	1992	0	0	0	
UNIVERSITY DISTRICT	UNIVERSITY DISTRICT	UND	1971	0	0	0	
MONTGOMERY	MONTGOMERY	MON	1992	4,038	1,586	2.55	
CURRIE BARRACKS	CURRIE BARRACKS	CUR	2014	414			
KINGSLAND	KINGSLAND	KIN	1997	4,348	2,190	1.99	
CHAPARRAL	CHAPARRAL	CHA	1979	0	0	0	
HOUNSFIELD HEIGHTS/BRIAR HILL	HOUNSFIELD HEIGHTS/BRIAR HILL	HOU	1979	2,863	883	3.24	
ELBOYA	ELBOYA	EYA	1978	1,540	565	2.73	
UPPER MOUNT ROYAL	UPPER MOUNT ROYAL	UMR	1986	2,656	1,028	2.58	
BELVEDERE	BELVEDERE	BVD	2005	0	0	0	
SAGE HILL	SAGE HILL	SGH	2004	76	23	3.3	
MAPLE RIDGE	MAPLE RIDGE	MPL	1984	2,760	804	3.43	
UPPER MOUNT ROYAL	UPPER MOUNT ROYAL	UMR	1974	2,904	983	2.95	
KILLARNEY/GLENGARRY	KILLARNEY/GLENGARRY	KIL	2012	6,816	3,363	2.03	
LAKE BONAVISTA	LAKE BONAVISTA	LKB	1984	12,830	3,618	3.55	
SILVER SPRINGS	SILVER SPRINGS	SIL	2009	9,154	3,465	2.64	
KELVIN GROVE	KELVIN GROVE	KEL	1971	2,001	440	4.55	
BELVEDERE	BELVEDERE	BVD	2001	0	0	0	
RANCHLANDS	RANCHLANDS	RAN	1998	8,495	2,931	2.9	
CURRIE BARRACKS	CURRIE BARRACKS	CUR	2011	24			
AUBURN BAY	AUBURN BAY	AUB	1978	0	0	0	
MONTEREY PARK	MONTEREY PARK	MOR	2003	10,522	2,965	3.55	
PINERIDGE	PINERIDGE	PIN	1976	4,095	1,282	3.19	
CAMBRIAN HEIGHTS	CAMBRIAN HEIGHTS	CAM	2006	2,039	878	2.32	
GARRISON GREEN	GARRISON GREEN	GAG	2001	655	214	3.06	At this time community was referred to as CFB - LINCOLN PARK PMQ (CFL)
COPPERFIELD	COPPERFIELD	CPF	1999	0	0	0	
PALLISER	PALLISER	PAL	1993	3,189	1,439	2.22	
MCKENZIE LAKE	MCKENZIE LAKE	MCK	1998	11,505	3,443	3.34	
BEDDINGTON HEIGHTS	BEDDINGTON HEIGHTS	BED	1975	0	0	0	
ROCKY RIDGE	ROCKY RIDGE	ROC	1971	0	0	0	
PUMP HILL	PUMP HILL	PUM	1999	1,949	689	2.83	
RIDEAU PARK	RIDEAU PARK	RID	1992	643	334	1.93	
NORTH HAVEN	NORTH HAVEN	NHV	1978	2,723	770	3.54	
ROSSCARROCK	ROSSCARROCK	RCK	1980	3,481	1,370	2.54	
CURRIE BARRACKS	CURRIE BARRACKS	CUR	1997	0			
DOWNTOWN WEST END	DOWNTOWN WEST END	DNW	2014	2,287	1,404	1.63	
DEER RUN	DEER RUN	DRN	2009	5,520	2,047	2.7	
TUSCANY	TUSCANY	TUS	1990	46	15	3.07	
BEDDINGTON HEIGHTS	BEDDINGTON HEIGHTS	BED	1979	1,381	454	3.04	
SAGE HILL	SAGE HILL	SGH	1979	0	0	0	
SIGNAL HILL	SIGNAL HILL	SIG	1989	970	306	3.17	
CRESCENT HEIGHTS	CRESCENT HEIGHTS	CRE	1984	5,393	3,032	1.78	
WILLOW PARK	WILLOW PARK	WIL	1983	6,559	2,074	3.16	
MARLBOROUGH	MARLBOROUGH	MRL	2010	8,170	2,871	2.85	
ALBERT PARK/RADISSON HEIGHTS	ALBERT PARK/RADISSON HEIGHTS	ALB	1982	6,550	2,185	3	
SILVERADO	SILVERADO	SVO	1976	0	0	0	
ROCKY RIDGE	ROCKY RIDGE	ROC	1999	1,337	471	2.84	
BRITANNIA	BRITANNIA	BRT	1989	753	316	2.38	
MILLRISE	MILLRISE	MLR	1993	4,000	1,311	3.05	
VISTA HEIGHTS	VISTA HEIGHTS	VIS	1968	1,932	465	4.15	
FALCONRIDGE	FALCONRIDGE	FAL	1973	0	0	0	
RIDEAU PARK	RIDEAU PARK	RID	1996	668	325	2.06	
WILDWOOD	WILDWOOD	WLD	1978	3,372	1,045	3.23	
NORTH GLENMORE PARK	NORTH GLENMORE PARK	NGM	1977	3,303	932	3.54	
HAYSBORO	HAYSBORO	HAY	1993	6,198	2,759	2	
MANCHESTER	MANCHESTER	MAN	1981	176	68	2.59	
BELTLINE	BELTLINE	BLN	2008	17,818	10,947	1.63	
KINCORA	KINCORA	KCA	2016	6,166	1,946	3.17	
PINERIDGE	PINERIDGE	PIN	2017	9,741	3,629	2.68	
DISCOVERY RIDGE	DISCOVERY RIDGE	DIS	1985	0	0	0	
UNIVERSITY DISTRICT	UNIVERSITY DISTRICT	UND	1985	0	0	0	
VISTA HEIGHTS	VISTA HEIGHTS	VIS	1998	2,416	770	3.14	
RAMSAY	RAMSAY	RAM	1999	2,128	1,038	2.05	
TUXEDO PARK	TUXEDO PARK	TUX	1976	4,112	1,822	2.26	
MEADOWLARK PARK	MEADOWLARK PARK	MEA	1994	664	292	2.27	
BANFF TRAIL	BANFF TRAIL	BNF	2000	3,453	1,571	2.2	
LAKE BONAVISTA	LAKE BONAVISTA	LKB	2012	10,475	4,003	2.62	
SHAWNESSY	SHAWNESSY	SHN	1972	0	0	0	
ALBERT PARK/RADISSON HEIGHTS	ALBERT PARK/RADISSON HEIGHTS	ALB	2001	6,423	2,424	2.65	
HAMPTONS	HAMPTONS	HAM	1977	0	0	0	
APPLEWOOD PARK	APPLEWOOD PARK	APP	1988	556	157	3.54	
MISSION	MISSION	MIS	1978	3,013	1,892	1.59	
COPPERFIELD	COPPERFIELD	CPF	2004	1,060	415	2.55	
BRITANNIA	BRITANNIA	BRT	1990	757	319	2.37	
ROXBORO	ROXBORO	ROX	1983	450	160	2.81	
HUNTINGTON HILLS	HUNTINGTON HILLS	HUN	2002	14,459	5,366	2.69	
WINSTON HEIGHTS/MOUNTVIEW	WINSTON HEIGHTS/MOUNTVIEW	WIN	1988	3,837	1,608	2.39	
RED CARPET	RED CARPET	RED	1972	135	39	3.46	
UNIVERSITY OF CALGARY	UNIVERSITY OF CALGARY	UOC	1993	1,866	697	2.68	
HOUNSFIELD HEIGHTS/BRIAR HILL	HOUNSFIELD HEIGHTS/BRIAR HILL	HOU	1982	2,883	940	3.07	
SETON	SETON	SET	1981	0	0	0	
DEER RUN	DEER RUN	DRN	1994	6,468	2,040	3.17	
BELVEDERE	BELVEDERE	BVD	2013	0	0	0	
HUNTINGTON HILLS	HUNTINGTON HILLS	HUN	1980	15,416	4,525	3.41	
WESTGATE	WESTGATE	WGT	2005	3,147	1,295	2.43	
UNIVERSITY DISTRICT	UNIVERSITY DISTRICT	UND	1987	0	0	0	
MARLBOROUGH	MARLBOROUGH	MRL	2004	8,529	2,929	2.91	
SHAWNEE SLOPES	SHAWNEE SLOPES	SHS	1972	59	18	3.28	
OAKRIDGE	OAKRIDGE	OAK	1994	6,863	2,243	3.06	
EAU CLAIRE	EAU CLAIRE	EAU	1988	878	518	1.69	
SAGE HILL	SAGE HILL	SGH	1983	0	0	0	
APPLEWOOD PARK	APPLEWOOD PARK	APP	2009	6,379	1,968	3.24	
SILVERADO	SILVERADO	SVO	2005	25	11	2.27	
MISSION	MISSION	MIS	1979	3,156	1,980	1.59	
SCARBORO	SCARBORO	SCA	1981	985	338	2.91	
MCKENZIE TOWNE	MCKENZIE TOWNE	MCT	1976	0	0	0	
RAMSAY	RAMSAY	RAM	1985	2,178	994	2.19	
FOREST LAWN	FOREST LAWN	FLN	2002	8,193	3,068	2.67	
DALHOUSIE	DALHOUSIE	DAL	2003	9,177	3,572	2.57	
INGLEWOOD	INGLEWOOD	ING	1973	3,032	1,143	2.65	
FALCONRIDGE	FALCONRIDGE	FAL	1998	10,697	3,175	3.37	
MAHOGANY	MAHOGANY	MAH	1995	0	0	0	
LEGACY	LEGACY	LEG	1992	0	0	0	
PUMP HILL	PUMP HILL	PUM	1993	1,893	665	2.85	
MONTGOMERY	MONTGOMERY	MON	2014	4,104	1,764	2.33	
APPLEWOOD PARK	APPLEWOOD PARK	APP	1979	0	0	0	
RICHMOND	RICHMOND	RIC	2000	3,949	1,922	2.05	
CITADEL	CITADEL	CIT	1993	915	328	2.79	
EAGLE RIDGE	EAGLE RIDGE	EAG	1972	580	91	6.37	
DEER RIDGE	DEER RIDGE	DRG	1987	4,197	1,257	3.34	
MAYFAIR	MAYFAIR	MAF	2011	470	150	3.13	
MISSION	MISSION	MIS	1980	3,347	2,133	1.57	
SHAWNEE SLOPES	SHAWNEE SLOPES	SHS	1971	61	18	3.39	
VISTA HEIGHTS	VISTA HEIGHTS	VIS	2007	2,212	773	2.86	
MARTINDALE	MARTINDALE	MRT	1984	287	98	2.93	
KILLARNEY/GLENGARRY	KILLARNEY/GLENGARRY	KIL	1998	6,229	3,013	2.07	
CITYSCAPE	CITYSCAPE	CSC	2013	0	0	0	
UNIVERSITY HEIGHTS	UNIVERSITY HEIGHTS	UNI	1993	2,931	1,265	2.32	
PARKHILL	PARKHILL	PKH	2001	1,514	733	2.07	
BANKVIEW	BANKVIEW	BNK	1999	5,172	3,163	1.64	
KINGSLAND	KINGSLAND	KIN	1969	4,781	1,448	3.3	
KILLARNEY/GLENGARRY	KILLARNEY/GLENGARRY	KIL	1979	5,586	2,333	2.39	
ABBEYDALE	ABBEYDALE	ABB	1975	0	0	0	
COUNTRY HILLS	COUNTRY HILLS	COU	1984	0	0	0	
HUNTINGTON HILLS	HUNTINGTON HILLS	HUN	1997	14,667	5,162	2.84	
RUTLAND PARK	RUTLAND PARK	RUT	2011	2,309	952	2.43	
SCARBORO	SCARBORO	SCA	2000	896	332	2.7	
SCARBORO	SCARBORO	SCA	1986	932	337	2.77	
ERLTON	ERLTON	ERL	2001	1,001	537	1.86	
ELBOYA	ELBOYA	EYA	2013	1,800	732	2.46	
CURRIE BARRACKS	CURRIE BARRACKS	CUR	1988	0			
SILVER SPRINGS	SILVER SPRINGS	SIL	1993	10,283	3,356	3.06	
ACADIA	ACADIA	ACA	1971	12,560	3,017	4.16	
CHINATOWN	CHINATOWN	CHN	2007	1,308	833	1.57	
APPLEWOOD PARK	APPLEWOOD PARK	APP	1983	448	127	3.53	
RICHMOND	RICHMOND	RIC	2016	4,705	2,147	2.19	
FALCONRIDGE	FALCONRIDGE	FAL	2002	10,632	3,190	3.33	
DALHOUSIE	DALHOUSIE	DAL	1999	9,364	3,617	2.59	
COUNTRY HILLS VILLAGE	COUNTRY HILLS VILLAGE	CHV	1984	0	0	0	
CAPITOL HILL	CAPITOL HILL	CAP	1995	3,760	1,948	1.93	
HUNTINGTON HILLS	HUNTINGTON HILLS	HUN	2006	13,739	5,379	2.55	
ERIN WOODS	ERIN WOODS	ERI	1968	0	0	0	
PARKLAND	PARKLAND	PKL	1978	4,974	1,338	3.72	
WALDEN	WALDEN	WAL	1968	0	0	0	
SPRUCE CLIFF	SPRUCE CLIFF	SPR	1990	3,176	1,358	2.34	
RICHMOND	RICHMOND	RIC	2010	4,028	1,947	2.07	
BONAVISTA DOWNS	BONAVISTA DOWNS	BDO	1981	1,278	367	3.48	
MONTEREY PARK	MONTEREY PARK	MOR	1997	7,737	2,296	3.37	
NORTH HAVEN	NORTH HAVEN	NHV	1975	2,881	764	3.77	
SOUTHVIEW	SOUTHVIEW	SOV	1971	3,288	816	4.03	
DEER RIDGE	DEER RIDGE	DRG	1976	0	0	0	
RICHMOND	RICHMOND	RIC	2007	3,920	1,894	2.07	
MIDNAPORE	MIDNAPORE	MID	1971	342	73	4.68	
CASTLERIDGE	CASTLERIDGE	CAS	1988	6,055	1,757	3.45	
HAYSBORO	HAYSBORO	HAY	1979	6,912	2,394	3	
ABBEYDALE	ABBEYDALE	ABB	2005	6,040	1,922	3.14	
EVERGREEN	EVERGREEN	EVE	1976	0	0	0	
QUEENS PARK VILLAGE	QUEENS PARK VILLAGE	QPK	1976	0	0	0	
ST. ANDREWS HEIGHTS	ST. ANDREWS HEIGHTS	STA	1996	1,947	710	2.74	
CAPITOL HILL	CAPITOL HILL	CAP	1998	3,887	1,979	1.96	
CHAPARRAL	CHAPARRAL	CHA	2012	11,552	3,647	3.17	
ST. ANDREWS HEIGHTS	ST. ANDREWS HEIGHTS	STA	2001	1,972	726	2.72	
RUTLAND PARK	RUTLAND PARK	RUT	2004	2,283	944	2.42	
CHINATOWN	CHINATOWN	CHN	2001	1,222	726	1.68	
HIGHWOOD	HIGHWOOD	HIW	1978	2,608	867	3.01	
EVERGREEN	EVERGREEN	EVE	1995	904	274	3.3	
CITYSCAPE	CITYSCAPE	CSC	1994	0	0	0	
DALHOUSIE	DALHOUSIE	DAL	1982	10,770	3,498	3.08	
UNIVERSITY OF CALGARY	UNIVERSITY OF CALGARY	UOC	1999	1,895	694	2.73	
MISSION	MISSION	MIS	2016	4,430	2,985	1.48	
OGDEN	OGDEN	OGD	2011	8,432	3,657	2.31	
LEGACY	LEGACY	LEG	2004	0	0	0	
HIGHLAND PARK	HIGHLAND PARK	HPK	1984	3,668	1,742	2.11	
SIGNAL HILL	SIGNAL HILL	SIG	1993	4,317	1,379	3.13	
MOUNT PLEASANT	MOUNT PLEASANT	MOP	1987	4,336	2,114	2.05	
ASPEN WOODS	ASPEN WOODS	ASP	1989	0	0	0	
HARVEST HILLS	HARVEST HILLS	HAR	1977	0	0	0	
EAGLE RIDGE	EAGLE RIDGE	EAG	1991	522	107	4.88	
DEER RIDGE	DEER RIDGE	DRG	2002	4,621	1,477	3.13	
EAU CLAIRE	EAU CLAIRE	EAU	1984	677	427	1.59	
WILDWOOD	WILDWOOD	WLD	2001	2,675	1,041	2.57	
OAKRIDGE	OAKRIDGE	OAK	2009	5,823	2,261	2.58	
BRITANNIA	BRITANNIA	BRT	1987	743	318	2.34	
DOWNTOWN EAST VILLAGE	DOWNTOWN EAST VILLAGE	DNE	1989	984	723	1.36	
FOREST LAWN	FOREST LAWN	FLN	2006	7,857	3,092	2.54	
DISCOVERY RIDGE	DISCOVERY RIDGE	DIS	2016	4,331	1,590	2.72	
MARLBOROUGH PARK	MARLBOROUGH PARK	MPK	1994	9,110	2,748	3.32	
BRIDLEWOOD	BRIDLEWOOD	BRI	2013	12,432	4,153	2.99	
NORTH GLENMORE PARK	NORTH GLENMORE PARK	NGM	2008	2,393	975	2.45	
MOUNT PLEASANT	MOUNT PLEASANT	MOP	1973	5,367	2,105	2.55	
LOWER MOUNT ROYAL	LOWER MOUNT ROYAL	LMR	1972	3,365	1,768	1.9	
GLAMORGAN	GLAMORGAN	GLA	1984	6,524	2,485	2.63	
ABBEYDALE	ABBEYDALE	ABB	1987	6,298	1,802	3.5	
CHARLESWOOD/COLLINGWOOD	CHARLESWOOD		2015	5,969	2,367	2.52	Combined communities of CHARLESWOOD (CHW) and COLLINGWOOD (COL)
GARRISON WOODS	GARRISON WOODS	GAW	1971	0	0	0	
HIDDEN VALLEY	HIDDEN VALLEY	HID	2013	11,888	3,809	3.12	
VALLEY RIDGE	VALLEY RIDGE	VAL	1975	0	0	0	
CAPITOL HILL	CAPITOL HILL	CAP	1972	4,324	1,617	2.67	
COPPERFIELD	COPPERFIELD	CPF	1971	0	0	0	
REDSTONE	REDSTONE	RSN	2016	2,374	718	3.31	
ERIN WOODS	ERIN WOODS	ERI	2006	6,994	2,351	2.97	
HUNTINGTON HILLS	HUNTINGTON HILLS	HUN	2015	13,781	5,449	2.53	
CHRISTIE PARK	CHRISTIE PARK	CHR	2007	2,217	706	3.14	
BANFF TRAIL	BANFF TRAIL	BNF	1971	4,668	1,505	3.1	
SUNNYSIDE	SUNNYSIDE	SSD	1974	3,567	1,731	2.06	
HIGHLAND PARK	HIGHLAND PARK	HPK	2002	3,753	1,897	1.98	
ALTADORE	ALTADORE	ALT	2013	9,317	4,172	2.23	
SKYVIEW RANCH	SKYVIEW RANCH	SKR	1973	0	0	0	
DALHOUSIE	DALHOUSIE	DAL	2015	9,362	3,650	2.56	
PARKLAND	PARKLAND	PKL	1986	4,856	1,347	3.61	
HAWKWOOD	HAWKWOOD	HAW	1978	0	0	0	
NORTH HAVEN UPPER	NORTH HAVEN UPPER	NHU	2012	622	243	2.56	
COVENTRY HILLS	COVENTRY HILLS	COV	1981	0	0	0	
OAKRIDGE	OAKRIDGE	OAK	1999	6,626	2,273	2.92	
BRAESIDE	BRAESIDE	BRA	2016	5,985	2,489	2.4	
FAIRVIEW	FAIRVIEW	FAI	1998	3,909	1,569	2.49	
OGDEN	OGDEN	OGD	1969	5,037	1,290	3.9	
LOWER MOUNT ROYAL	LOWER MOUNT ROYAL	LMR	1994	2,853	1,905	1.5	
HARVEST HILLS	HARVEST HILLS	HAR	1982	0	0	0	
CRESTMONT	CRESTMONT	CRM	1993	0	0	0	
EVANSTON	EVANSTON	EVN	1977	0	0	0	
MCKENZIE LAKE	MCKENZIE LAKE	MCK	2015	14,008	4,600	3.05	
CLIFF BUNGALOW	CLIFF BUNGALOW	CLI	2008	1,861	1,241	1.5	
QUEENSLAND	QUEENSLAND	QLD	1987	5,954	1,763	3.38	
DIAMOND COVE	DIAMOND COVE	DIA	1997	876	270	3.24	
RIVERBEND	RIVERBEND	RIV	1979	146	54	2.7	
ST. ANDREWS HEIGHTS	ST. ANDREWS HEIGHTS	STA	1974	2,263	624	3.63	
CANYON MEADOWS	CANYON MEADOWS	CAN	1986	8,565	2,774	3.09	
CLIFF BUNGALOW	CLIFF BUNGALOW	CLI	1999	2,028	1,297	1.56	
SOUTHVIEW	SOUTHVIEW	SOV	2014	1,815	778	2.33	
SADDLE RIDGE	SADDLE RIDGE	SAD	1978	139	36	3.86	
SADDLE RIDGE	SADDLE RIDGE	SAD	2003	3,033	953	3.18	
ELBOW PARK	ELBOW PARK	EPK	2004	3,484	1,162	3	
MOUNT PLEASANT	MOUNT PLEASANT	MOP	2017	5,811	2,542	2.29	
WOODLANDS	WOODLANDS	WOO	2015	6,229	2,343	2.66	
DALHOUSIE	DALHOUSIE	DAL	1985	10,326	3,591	2.88	
RIVERBEND	RIVERBEND	RIV	2002	10,773	3,451	3.12	
BRAESIDE	BRAESIDE	BRA	1974	3,558	929	3.83	
MANCHESTER	MANCHESTER	MAN	2002	243	154	1.58	
AUBURN BAY	AUBURN BAY	AUB	2002	0	0	0	
COUNTRY HILLS VILLAGE	COUNTRY HILLS VILLAGE	CHV	2000	0	0	0	
MARLBOROUGH PARK	MARLBOROUGH PARK	MPK	2017	8,673	2,979	2.91	
RENFREW	RENFREW	REN	2006	5,629	2,938	1.92	
TUSCANY	TUSCANY	TUS	1976	0	0	0	
ERIN WOODS	ERIN WOODS	ERI	1974	0	0	0	
KILLARNEY/GLENGARRY	KILLARNEY/GLENGARRY	KIL	1983	5,794	2,543	2.28	
KILLARNEY/GLENGARRY	KILLARNEY/GLENGARRY	KIL	1986	5,672	2,662	2.13	
RICHMOND	RICHMOND	RIC	2014	4,551	2,077	2.19	
ALBERT PARK/RADISSON HEIGHTS	ALBERT PARK/RADISSON HEIGHTS	ALB	1988	6,289	2,312	2.72	
RANCHLANDS	RANCHLANDS	RAN	2012	7,626	2,958	2.58	
GLAMORGAN	GLAMORGAN	GLA	2016	6,457	2,915	2.22	
SHAWNESSY	SHAWNESSY	SHN	1969	0	0	0	
ERIN WOODS	ERIN WOODS	ERI	1971	0	0	0	
LINCOLN PARK	LINCOLN PARK	LPK	1983	32	4	8	
REDSTONE	REDSTONE	RSN	1971	0	0	0	
MAHOGANY	MAHOGANY	MAH	1978	0	0	0	
SILVER SPRINGS	SILVER SPRINGS	SIL	2012	8,933	3,474	2.57	
HIDDEN VALLEY	HIDDEN VALLEY	HID	2001	10,028	3,301	3.04	
EVERGREEN	EVERGREEN	EVE	2016	21,394	6,947	3.08	
CRESTMONT	CRESTMONT	CRM	1975	0	0	0	
RIDEAU PARK	RIDEAU PARK	RID	1968	713	317	2.25	
SHAWNEE SLOPES	SHAWNEE SLOPES	SHS	1998	1,409	483	2.92	
MAPLE RIDGE	MAPLE RIDGE	MPL	1980	2,984	804	3.71	
HAWKWOOD	HAWKWOOD	HAW	2005	10,602	3,305	3.21	
WEST HILLHURST	WEST HILLHURST	WHL	2007	5,568	2,610	2.13	
CITADEL	CITADEL	CIT	1979	0	0	0	
PARKLAND	PARKLAND	PKL	2006	4,046	1,431	2.83	
FOREST LAWN	FOREST LAWN	FLN	1996	8,064	2,912	2.77	
BRENTWOOD	BRENTWOOD	BRE	2015	6,941	2,868	2.42	
AUBURN BAY	AUBURN BAY	AUB	2008	2,324	784	2.96	
NEW BRIGHTON	NEW BRIGHTON	NEB	2011	7,314	2,590	2.82	
UNIVERSITY HEIGHTS	UNIVERSITY HEIGHTS	UNI	2013	3,034	1,349	2.25	
HUNTINGTON HILLS	HUNTINGTON HILLS	HUN	1974	13,222	3,598	3.67	
NORTH GLENMORE PARK	NORTH GLENMORE PARK	NGM	1974	3,445	927	3.72	
POINT MCKAY	POINT MCKAY	POI	2004	1,339	813	1.65	
CITYSCAPE	CITYSCAPE	CSC	2016	1,551	421	3.68	
REDSTONE	REDSTONE	RSN	1995	0	0	0	
FOREST HEIGHTS	FOREST HEIGHTS	FHT	1973	4,457	1,035	4.31	
KILLARNEY/GLENGARRY	KILLARNEY/GLENGARRY	KIL	1981	5,795	2,468	2.35	
STRATHCONA PARK	STRATHCONA PARK	STR	1978	11	3	3.67	
THORNCLIFFE	THORNCLIFFE	THO	1969	7,899	1,859	4.25	
UNIVERSITY HEIGHTS	UNIVERSITY HEIGHTS	UNI	2015	3,020	1,322	2.28	
SHERWOOD	SHERWOOD	SHW	1979	0	0	0	
SPRINGBANK HILL	SPRINGBANK HILL	SPH	1992	0	0	0	
DEER RUN	DEER RUN	DRN	1999	6,456	2,073	3.11	
STRATHCONA PARK	STRATHCONA PARK	STR	1998	5,200	1,689	3.08	
COUNTRY HILLS VILLAGE	COUNTRY HILLS VILLAGE	CHV	2003	319	212	1.5	
OGDEN	OGDEN	OGD	1978	8,687	2,648	3.28	
TEMPLE	TEMPLE	TEM	1993	11,841	3,441	3.44	
VALLEY RIDGE	VALLEY RIDGE	VAL	2006	4,575	1,530	2.99	
CRESTMONT	CRESTMONT	CRM	1996	0	0	0	
CORAL SPRINGS	CORAL SPRINGS	COR	2007	6,133	1,452	4.22	
DIAMOND COVE	DIAMOND COVE	DIA	1969	0	0	0	
MAHOGANY	MAHOGANY	MAH	2005	0	0	0	
CRESTMONT	CRESTMONT	CRM	1985	0	0	0	
ASPEN WOODS	ASPEN WOODS	ASP	2012	5,323	1,778	2.99	
GARRISON GREEN	GARRISON GREEN	GAG	2008	1,209	572	2.11	At this time community was referred to as CFB - LINCOLN PARK PMQ (CFL)
RICHMOND	RICHMOND	RIC	1983	3,941	1,776	2.22	
FAIRVIEW	FAIRVIEW	FAI	2006	3,660	1,556	2.35	
KILLARNEY/GLENGARRY	KILLARNEY/GLENGARRY	KIL	2008	6,486	3,223	2.01	
HARVEST HILLS	HARVEST HILLS	HAR	1985	0	0	0	
STRATHCONA PARK	STRATHCONA PARK	STR	1986	3,672	1,242	2.96	
TUXEDO PARK	TUXEDO PARK	TUX	2008	4,565	2,332	1.96	
BRIDLEWOOD	BRIDLEWOOD	BRI	1987	16	5	3.2	
DISCOVERY RIDGE	DISCOVERY RIDGE	DIS	2015	4,401	1,609	2.74	
SPRUCE CLIFF	SPRUCE CLIFF	SPR	1991	3,241	1,371	2.36	
HAYSBORO	HAYSBORO	HAY	1969	8,010	1,841	4	
MARLBOROUGH	MARLBOROUGH	MRL	1996	9,050	2,963	3.05	
HAYSBORO	HAYSBORO	HAY	1991	6,376	2,781	2	
PANORAMA HILLS	PANORAMA HILLS	PAN	1984	11	4	2.75	
CHRISTIE PARK	CHRISTIE PARK	CHR	2015	2,162	711	3.04	
BELVEDERE	BELVEDERE	BVD	1977	0	0	0	
LOWER MOUNT ROYAL	LOWER MOUNT ROYAL	LMR	1996	3,031	2,031	1.49	
CHRISTIE PARK	CHRISTIE PARK	CHR	1993	1,479	444	3.33	
INGLEWOOD	INGLEWOOD	ING	1986	2,546	1,175	2.17	
SCARBORO	SCARBORO	SCA	1987	900	338	2.66	
PENBROOKE MEADOWS	PENBROOKE MEADOWS	PEN	1976	8,374	2,210	3.79	
MAHOGANY	MAHOGANY	MAH	2017	8,444	2,841	2.97	
BRAESIDE	BRAESIDE	BRA	2012	5,940	2,488	2.39	
DOWNTOWN COMMERCIAL CORE	DOWNTOWN COMMERCIAL CORE	DNC	1991	6,238	4,265	1.46	
AUBURN BAY	AUBURN BAY	AUB	1977	0	0	0	
HIGHLAND PARK	HIGHLAND PARK	HPK	2017	3,998	1,947	2.05	
BRENTWOOD	BRENTWOOD	BRE	2007	6,225	2,504	2.49	
RENFREW	RENFREW	REN	2005	5,454	2,818	1.94	
ROSSCARROCK	ROSSCARROCK	RCK	2011	3,175	1,425	2.23	
RUTLAND PARK	RUTLAND PARK	RUT	1972	2,221	573	3.88	
SETON	SETON	SET	1993	0	0	0	
MONTEREY PARK	MONTEREY PARK	MOR	1975	0	0	0	
SUNALTA	SUNALTA	SNA	1978	2,603	1,444	1.8	
WILLOW PARK	WILLOW PARK	WIL	1991	6,064	2,215	2.74	
PARKDALE	PARKDALE	PKD	2006	2,136	1,008	2.12	
LAKEVIEW	LAKEVIEW	LKV	1988	6,210	2,307	2.69	
HILLHURST	HILLHURST	HIL	2000	5,265	2,646	1.99	
BEDDINGTON HEIGHTS	BEDDINGTON HEIGHTS	BED	1971	0	0	0	
COUGAR RIDGE	COUGAR RIDGE	CGR	1983	0	0	0	
SCARBORO/SUNALTA WEST	SCARBORO	SSW	1993	392	159	2.47	
BRIDGELAND/RIVERSIDE	BRIDGELAND/RIVERSIDE	BRD	1979	4,790	2,131	2.25	
TEMPLE	TEMPLE	TEM	1970	0	0	0	
DEER RIDGE	DEER RIDGE	DRG	1977	0	0	0	
BRENTWOOD	BRENTWOOD	BRE	1971	8,944	2,088	4.28	
WILDWOOD	WILDWOOD	WLD	2002	2,655	1,039	2.56	
MARLBOROUGH PARK	MARLBOROUGH PARK	MPK	2014	8,741	2,970	2.94	
CURRIE BARRACKS	CURRIE BARRACKS	CUR	2008	0			
THORNCLIFFE	THORNCLIFFE	THO	1971	8,593	2,133	4.03	
PATTERSON	PATTERSON	PAT	2005	4,162	1,861	2.24	
FALCONRIDGE	FALCONRIDGE	FAL	1974	0	0	0	
HARVEST HILLS	HARVEST HILLS	HAR	2005	7,336	2,517	2.91	
BRITANNIA	BRITANNIA	BRT	1994	771	316	2.44	
SHAGANAPPI	SHAGANAPPI	SHG	2004	1,603	812	1.97	
PENBROOKE MEADOWS	PENBROOKE MEADOWS	PEN	1969	234	54	4.33	
BELVEDERE	BELVEDERE	BVD	2004	0	0	0	
GARRISON GREEN	GARRISON GREEN	GAG	2003	630	207	3.04	At this time community was referred to as CFB - LINCOLN PARK PMQ (CFL)
ST. ANDREWS HEIGHTS	ST. ANDREWS HEIGHTS	STA	1998	1,974	723	2.73	
CAPITOL HILL	CAPITOL HILL	CAP	1992	3,856	1,947	1.98	
MCKENZIE TOWNE	MCKENZIE TOWNE	MCT	2016	18,124	6,939	2.61	
ROSEDALE	ROSEDALE	RDL	2013	1,517	585	2.59	
UPPER MOUNT ROYAL	UPPER MOUNT ROYAL	UMR	2003	2,653	1,019	2.6	
CITYSCAPE	CITYSCAPE	CSC	1978	0	0	0	
CHINOOK PARK	CHINOOK PARK	CHK	1977	2,105	580	3.63	
NORTH HAVEN	NORTH HAVEN	NHV	2010	2,312	931	2.48	
COUNTRY HILLS VILLAGE	COUNTRY HILLS VILLAGE	CHV	2014	2,710	1,317	2.06	
MONTGOMERY	MONTGOMERY	MON	1984	4,066	1,564	2.6	
ABBEYDALE	ABBEYDALE	ABB	2010	5,805	1,895	3.06	
MOUNT PLEASANT	MOUNT PLEASANT	MOP	1983	4,640	2,169	2.14	
PARKHILL	PARKHILL	PKH	2005	1,566	769	2.04	
SCARBORO	SCARBORO	SCA	1996	850	334	2.54	
CHAPARRAL	CHAPARRAL	CHA	1980	0	0	0	
PARKHILL	PARKHILL	PKH	2006	1,543	770	2	
VISTA HEIGHTS	VISTA HEIGHTS	VIS	1990	2,470	763	3.24	
LINCOLN PARK	LINCOLN PARK	LPK	2002	1,823	989	1.84	
DIAMOND COVE	DIAMOND COVE	DIA	2005	827	268	3.09	
CASTLERIDGE	CASTLERIDGE	CAS	1979	0	0	0	
SHERWOOD	SHERWOOD	SHW	1988	0	0	0	
BOWNESS	BOWNESS	BOW	1979	12,579	4,109	3.06	
WOODBINE	WOODBINE	WBN	2000	10,902	3,346	3.26	
MARLBOROUGH PARK	MARLBOROUGH PARK	MPK	1980	9,502	2,734	3.48	
SILVER SPRINGS	SILVER SPRINGS	SIL	1983	10,368	3,208	3.23	
RICHMOND	RICHMOND	RIC	1968	5,080	1,664	3.05	
BANKVIEW	BANKVIEW	BNK	2004	5,014	3,094	1.62	
CRANSTON	CRANSTON	CRA	1982	0	0	0	
BELTLINE	BELTLINE	BLN	2007	17,794	11,028	1.61	
ERLTON	ERLTON	ERL	1995	535	272	1.97	
VISTA HEIGHTS	VISTA HEIGHTS	VIS	1985	1,927	615	3.13	
COPPERFIELD	COPPERFIELD	CPF	1982	0	0	0	
SIGNAL HILL	SIGNAL HILL	SIG	2012	13,914	5,168	2.69	
KELVIN GROVE	KELVIN GROVE	KEL	1973	2,260	613	3.69	
SHAGANAPPI	SHAGANAPPI	SHG	1985	1,654	762	2.17	
CAPITOL HILL	CAPITOL HILL	CAP	1996	3,823	1,952	1.96	
ROXBORO	ROXBORO	ROX	1971	496	168	2.95	
ALTADORE	ALTADORE	ALT	1970	6,695	2,061	3.25	
MACEWAN GLEN	MACEWAN GLEN	MAC	1984	1,309	451	2.9	
MIDNAPORE	MIDNAPORE	MID	2014	6,956	2,682	2.59	
DOWNTOWN WEST END	DOWNTOWN WEST END	DNW	1990	434	275	1.58	
DALHOUSIE	DALHOUSIE	DAL	1993	9,864	3,695	2.67	
DIAMOND COVE	DIAMOND COVE	DIA	1977	0	0	0	
PARKLAND	PARKLAND	PKL	2003	4,203	1,430	2.94	
MILLRISE	MILLRISE	MLR	1985	1,557	519	3	
MONTEREY PARK	MONTEREY PARK	MOR	1978	0	0	0	
TEMPLE	TEMPLE	TEM	1983	11,046	3,297	3.35	
DOWNTOWN EAST VILLAGE	DOWNTOWN EAST VILLAGE	DNE	1969	975	364	2.68	
COUNTRY HILLS	COUNTRY HILLS	COU	2000	3,047	1,124	2.71	
SADDLE RIDGE	SADDLE RIDGE	SAD	1975	250	63	3.97	
PATTERSON	PATTERSON	PAT	1980	46	14	3.29	
HAYSBORO	HAYSBORO	HAY	1984	6,421	2,483	3	
RUNDLE	RUNDLE	RUN	1994	11,446	3,387	3.38	
MISSION	MISSION	MIS	1968	3,482	1,686	2.07	
SPRUCE CLIFF	SPRUCE CLIFF	SPR	2006	2,827	1,322	2.14	
LOWER MOUNT ROYAL	LOWER MOUNT ROYAL	LMR	2013	3,274	2,152	1.52	
PARKHILL	PARKHILL	PKH	1968	1,739	560	3.11	
LAKEVIEW	LAKEVIEW	LKV	2005	5,567	2,286	2.44	
ALTADORE	ALTADORE	ALT	2017	6,795	2,871	2.37	Community boundaries were changed to create GARRISON WOODS (GAW)
COUNTRY HILLS VILLAGE	COUNTRY HILLS VILLAGE	CHV	1970	0	0	0	
BELVEDERE	BELVEDERE	BVD	1996	0	0	0	
VARSITY	VARSITY	VAR	2013	12,316	5,385	2.29	
PINERIDGE	PINERIDGE	PIN	2000	10,149	3,386	3	
HOUNSFIELD HEIGHTS/BRIAR HILL	HOUNSFIELD HEIGHTS/BRIAR HILL	HOU	2002	2,644	916	2.89	
SILVER SPRINGS	SILVER SPRINGS	SIL	1970	144	39	3.69	
SUNNYSIDE	SUNNYSIDE	SSD	2012	3,704	2,250	1.65	
SANDSTONE VALLEY	SANDSTONE VALLEY	SAN	1974	0	0	0	
CORNERSTONE	CORNERSTONE	CNS	1978	0	0	0	
GREENVIEW	GREENVIEW	GRV	1975	1,390	416	3.34	
HAYSBORO	HAYSBORO	HAY	1997	6,098	2,740	2	
BEL-AIRE	BEL-AIRE	BEL	2016	408	143	2.85	
PANORAMA HILLS	PANORAMA HILLS	PAN	1986	0	0	0	
CANYON MEADOWS	CANYON MEADOWS	CAN	1984	8,240	2,590	3.18	
DOUGLASDALE/GLEN	DOUGLASDALE/GLEN	DDG	1972	0	0	0	
DOVER	DOVER	DOV	1992	11,569	3,729	3.1	
CRANSTON	CRANSTON	CRA	1971	0	0	0	
MOUNT PLEASANT	MOUNT PLEASANT	MOP	2010	4,405	2,116	2.08	
CEDARBRAE	CEDARBRAE	CED	2001	6,746	2,439	2.77	
CASTLERIDGE	CASTLERIDGE	CAS	2016	6,305	1,870	3.37	
QUEENS PARK VILLAGE	QUEENS PARK VILLAGE	QPK	1979	0	0	0	
VISTA HEIGHTS	VISTA HEIGHTS	VIS	1986	1,911	623	3.07	
LAKE BONAVISTA	LAKE BONAVISTA	LKB	1977	11,550	2,859	4.04	
ERLTON	ERLTON	ERL	2002	1,206	669	1.8	
SHAWNEE SLOPES	SHAWNEE SLOPES	SHS	2013	1,588	665	2.39	
APPLEWOOD PARK	APPLEWOOD PARK	APP	1974	0	0	0	
AUBURN BAY	AUBURN BAY	AUB	1999	0	0	0	
EDGEMONT	EDGEMONT	EDG	1999	16,463	5,023	3.28	
CLIFF BUNGALOW	CLIFF BUNGALOW	CLI	1968	2,108	996	2.12	
RANCHLANDS	RANCHLANDS	RAN	1973	11	4	2.75	
KELVIN GROVE	KELVIN GROVE	KEL	1990	2,174	844	2.58	
SUNALTA	SUNALTA	SNA	1989	3,049	1,883	1.62	
RUNDLE	RUNDLE	RUN	1975	2,232	682	3.27	
QUEENS PARK VILLAGE	QUEENS PARK VILLAGE	QPK	1985	0	0	0	
WOODLANDS	WOODLANDS	WOO	1980	3,062	994	3.08	
HAMPTONS	HAMPTONS	HAM	1992	609	175	3.48	
TARADALE	TARADALE	TAR	2008	13,174	3,575	3.69	
BELVEDERE	BELVEDERE	BVD	2015	0	0	0	
BELTLINE	BELTLINE	BLN	1990	16,219	10,284	1.58	Combined communities of CONNAUGHT (CON) and VICTORIA PARK (VIC)
NOLAN HILL	NOLAN HILL	NOL	1976	0	0	0	
OAKRIDGE	OAKRIDGE	OAK	1979	6,519	1,889	3.45	
MCKENZIE TOWNE	MCKENZIE TOWNE	MCT	2007	11,805	4,774	2.47	
ALTADORE	ALTADORE	ALT	1978	7,567	2,652	2.85	
COACH HILL	COACH HILL	COA	1992	3,145	1,215	2.59	
WEST SPRINGS	WEST SPRINGS	WSP	1992	0	0	0	
MEADOWLARK PARK	MEADOWLARK PARK	MEA	2016	659	263	2.51	
PUMP HILL	PUMP HILL	PUM	1977	501	97	5.16	
DEER RUN	DEER RUN	DRN	1983	4,883	1,560	3.13	
POINT MCKAY	POINT MCKAY	POI	1987	1,407	746	1.89	
DOWNTOWN COMMERCIAL CORE	DOWNTOWN COMMERCIAL CORE	DNC	1995	6,339	4,256	1.49	
VARSITY	VARSITY	VAR	1988	12,817	4,961	2.58	
FAIRVIEW	FAIRVIEW	FAI	1990	3,987	1,521	2.62	
CLIFF BUNGALOW	CLIFF BUNGALOW	CLI	1994	1,959	1,253	1.56	
MARTINDALE	MARTINDALE	MRT	1999	7,276	2,333	3.12	
TUXEDO PARK	TUXEDO PARK	TUX	1996	4,278	2,161	1.98	
PARKHILL	PARKHILL	PKH	1976	1,385	586	2.36	
EVERGREEN	EVERGREEN	EVE	2014	21,386	6,976	3.07	
RUTLAND PARK	RUTLAND PARK	RUT	1993	2,566	947	2.71	
FAIRVIEW	FAIRVIEW	FAI	1974	5,471	1,521	3.6	
SUNDANCE	SUNDANCE	SDC	2009	10,969	3,356	3.27	
COACH HILL	COACH HILL	COA	1977	21	8	2.63	
ARBOUR LAKE	ARBOUR LAKE	ARB	2006	10,592	3,732	2.84	
WALDEN	WALDEN	WAL	1999	0	0	0	
CLIFF BUNGALOW	CLIFF BUNGALOW	CLI	2016	1,925	1,222	1.58	
EVANSTON	EVANSTON	EVN	1973	0	0	0	
ELBOYA	ELBOYA	EYA	2006	1,683	707	2.38	
UPPER MOUNT ROYAL	UPPER MOUNT ROYAL	UMR	1976	2,822	1,009	2.8	
ABBEYDALE	ABBEYDALE	ABB	1989	6,637	1,867	3.55	
KINGSLAND	KINGSLAND	KIN	2003	4,352	2,205	1.97	
GREENWOOD/GREENBRIAR	GREENWOOD/GREENBRIAR	GRE	2010	941	481	1.96	
CITYSCAPE	CITYSCAPE	CSC	1996	0	0	0	
ACADIA	ACADIA	ACA	1993	11,133	4,664	2.39	
CITADEL	CITADEL	CIT	1996	2,732	942	2.9	
MAYLAND HEIGHTS	MAYLAND HEIGHTS	MAL	2017	5,808	2,583	2.25	
GLENBROOK	GLENBROOK	GBK	1993	6,983	2,845	2.45	
ELBOW PARK	ELBOW PARK	EPK	1987	3,299	1,185	2.78	
OAKRIDGE	OAKRIDGE	OAK	1977	5,037	1,418	3.55	
GREENWOOD/GREENBRIAR	GREENWOOD/GREENBRIAR	GRE	1976	0	0	0	
LAKE BONAVISTA	LAKE BONAVISTA	LKB	1995	11,574	3,580	3.23	
SUNALTA	SUNALTA	SNA	2016	3,333	1,850	1.8	
COVENTRY HILLS	COVENTRY HILLS	COV	1983	0	0	0	
LOWER MOUNT ROYAL	LOWER MOUNT ROYAL	LMR	2009	3,222	2,076	1.55	
CRESTMONT	CRESTMONT	CRM	2004	485	168	2.89	
MAHOGANY	MAHOGANY	MAH	2001	0	0	0	
DEER RUN	DEER RUN	DRN	1982	3,913	1,185	3.3	
TUXEDO PARK	TUXEDO PARK	TUX	1969	5,101	1,858	2.75	
CHINATOWN	CHINATOWN	CHN	1981	709	374	1.9	
GREENVIEW	GREENVIEW	GRV	1990	2,294	1,025	2.24	
PARKLAND	PARKLAND	PKL	1973	0	0	0	
CAMBRIAN HEIGHTS	CAMBRIAN HEIGHTS	CAM	1981	2,561	884	2.9	
MEADOWLARK PARK	MEADOWLARK PARK	MEA	1972	1,085	296	3.67	
ARBOUR LAKE	ARBOUR LAKE	ARB	1982	0	0	0	
PANORAMA HILLS	PANORAMA HILLS	PAN	1968	0	0	0	
SUNALTA	SUNALTA	SNA	2004	2,969	1,792	1.66	
SETON	SETON	SET	2009	0	0	0	
NORTH HAVEN	NORTH HAVEN	NHV	2015	2,473	979	2.53	
EVERGREEN	EVERGREEN	EVE	1992	360	105	3.43	
UNIVERSITY HEIGHTS	UNIVERSITY HEIGHTS	UNI	2016	2,876	1,309	2.2	
SUNDANCE	SUNDANCE	SDC	2011	10,623	3,356	3.17	
BANFF TRAIL	BANFF TRAIL	BNF	1991	3,429	1,585	2.16	
EDGEMONT	EDGEMONT	EDG	1983	4,095	1,255	3.26	
PARKHILL	PARKHILL	PKH	1980	1,246	564	2.21	
SANDSTONE VALLEY	SANDSTONE VALLEY	SAN	1992	5,810	1,690	3.44	
ROCKY RIDGE	ROCKY RIDGE	ROC	2006	6,043	2,405	2.51	
CITADEL	CITADEL	CIT	1986	0	0	0	
BEDDINGTON HEIGHTS	BEDDINGTON HEIGHTS	BED	1970	0	0	0	
ALBERT PARK/RADISSON HEIGHTS	ALBERT PARK/RADISSON HEIGHTS	ALB	1989	6,368	2,325	2.74	
NORTH GLENMORE PARK	NORTH GLENMORE PARK	NGM	1968	3,713	876	4.24	
ELBOW PARK	ELBOW PARK	EPK	1995	3,386	1,179	2.87	
RANCHLANDS	RANCHLANDS	RAN	1980	5,005	1,745	2.87	
FALCONRIDGE	FALCONRIDGE	FAL	1996	10,513	3,119	3.37	
NORTH HAVEN UPPER	NORTH HAVEN UPPER	NHU	1995	742	247	3	
LOWER MOUNT ROYAL	LOWER MOUNT ROYAL	LMR	1995	2,930	1,957	1.5	
SANDSTONE VALLEY	SANDSTONE VALLEY	SAN	2009	6,476	2,087	3.1	
HAYSBORO	HAYSBORO	HAY	1978	7,068	2,396	3	
TUXEDO PARK	TUXEDO PARK	TUX	1994	4,198	2,137	1.96	
POINT MCKAY	POINT MCKAY	POI	1973	0	0	0	
CRESCENT HEIGHTS	CRESCENT HEIGHTS	CRE	2005	5,748	3,312	1.74	
ELBOYA	ELBOYA	EYA	2016	1,810	715	2.53	
DALHOUSIE	DALHOUSIE	DAL	2011	8,917	3,574	2.49	
ROSEMONT	ROSEMONT	RMT	2009	1,235	530	2.33	
BRIDLEWOOD	BRIDLEWOOD	BRI	1977	0	0	0	
UNIVERSITY DISTRICT	UNIVERSITY DISTRICT	UND	1994	0	0	0	
DEER RIDGE	DEER RIDGE	DRG	2001	4,638	1,471	3.15	
FOREST HEIGHTS	FOREST HEIGHTS	FHT	1993	6,699	1,996	3.36	
UNIVERSITY DISTRICT	UNIVERSITY DISTRICT	UND	2001	0	0	0	
CAPITOL HILL	CAPITOL HILL	CAP	2015	4,465	2,083	2.14	
MARLBOROUGH	MARLBOROUGH	MRL	1973	6,234	1,601	3.89	
MCKENZIE TOWNE	MCKENZIE TOWNE	MCT	1993	0	0	0	
EVERGREEN	EVERGREEN	EVE	1974	0	0	0	
CURRIE BARRACKS	CURRIE BARRACKS	CUR	1992	0			
CHARLESWOOD/COLLINGWOOD	CHARLESWOOD		1993	6,105	2,398	2.55	Combined communities of CHARLESWOOD (CHW) and COLLINGWOOD (COL)
SADDLE RIDGE	SADDLE RIDGE	SAD	1999	127	41	3.1	
PENBROOKE MEADOWS	PENBROOKE MEADOWS	PEN	1999	9,424	2,805	3.36	
ABBEYDALE	ABBEYDALE	ABB	2017	6,043	1,963	3.08	
HARVEST HILLS	HARVEST HILLS	HAR	2016	7,568	2,531	2.99	
BEDDINGTON HEIGHTS	BEDDINGTON HEIGHTS	BED	1996	13,016	4,115	3.16	
MARLBOROUGH	MARLBOROUGH	MRL	1990	9,516	2,966	3.21	
ROSEDALE	ROSEDALE	RDL	1980	1,469	625	2.35	
MAYFAIR	MAYFAIR	MAF	2009	430	142	3.03	
ROYAL OAK	ROYAL OAK	ROY	1975	0	0	0	
PALLISER	PALLISER	PAL	1971	2,233	645	3.46	
SCENIC ACRES	SCENIC ACRES	SCE	2004	9,533	2,900	3.29	
ROSSCARROCK	ROSSCARROCK	RCK	1973	3,792	1,247	3.04	
TEMPLE	TEMPLE	TEM	1978	897	287	3.13	
CRESCENT HEIGHTS	CRESCENT HEIGHTS	CRE	1989	5,659	3,237	1.75	
LAKE BONAVISTA	LAKE BONAVISTA	LKB	1968	0	0	0	
NOLAN HILL	NOLAN HILL	NOL	2003	0	0	0	
OAKRIDGE	OAKRIDGE	OAK	1976	4,576	1,305	3.51	
PENBROOKE MEADOWS	PENBROOKE MEADOWS	PEN	2002	9,130	2,866	3.19	
MCKENZIE TOWNE	MCKENZIE TOWNE	MCT	2012	16,102	6,308	2.55	
COPPERFIELD	COPPERFIELD	CPF	1983	0	0	0	
REDSTONE	REDSTONE	RSN	1977	0	0	0	
UNIVERSITY DISTRICT	UNIVERSITY DISTRICT	UND	1977	0	0	0	
MONTEREY PARK	MONTEREY PARK	MOR	1988	495	167	2.96	
DEER RIDGE	DEER RIDGE	DRG	1995	4,682	1,512	3.1	
THORNCLIFFE	THORNCLIFFE	THO	1995	9,283	3,563	2.61	
HILLHURST	HILLHURST	HIL	1986	4,500	2,423	1.86	
CITADEL	CITADEL	CIT	1995	2,244	781	2.87	
KELVIN GROVE	KELVIN GROVE	KEL	2012	2,343	875	2.68	
RUNDLE	RUNDLE	RUN	2000	11,731	3,521	3.33	
SKYVIEW RANCH	SKYVIEW RANCH	SKR	1971	0	0	0	
SILVER SPRINGS	SILVER SPRINGS	SIL	1990	10,434	3,336	3.13	
SILVER SPRINGS	SILVER SPRINGS	SIL	1977	6,742	2,023	3.33	
HILLHURST	HILLHURST	HIL	1982	5,066	2,474	2.05	
REDSTONE	REDSTONE	RSN	1979	0	0	0	
EVERGREEN	EVERGREEN	EVE	1975	0	0	0	
UPPER MOUNT ROYAL	UPPER MOUNT ROYAL	UMR	1979	2,767	1,023	2.7	
RIVERBEND	RIVERBEND	RIV	2011	9,749	3,409	2.86	
THORNCLIFFE	THORNCLIFFE	THO	1972	9,881	2,561	3.86	
FOREST HEIGHTS	FOREST HEIGHTS	FHT	1976	5,272	1,299	4.06	
GLENDALE	GLENDALE	GDL	2009	2,794	1,084	2.58	
TUSCANY	TUSCANY	TUS	1971	0	0	0	
CEDARBRAE	CEDARBRAE	CED	1984	5,786	1,853	3.12	
CHAPARRAL	CHAPARRAL	CHA	1981	0	0	0	
GREENVIEW	GREENVIEW	GRV	2006	2,013	1,056	1.91	
SANDSTONE VALLEY	SANDSTONE VALLEY	SAN	2001	6,905	2,082	3.32	
SOUTH CALGARY	SOUTH CALGARY	SOC	1979	3,279	1,531	2.14	
STRATHCONA PARK	STRATHCONA PARK	STR	2008	7,207	2,375	3.03	
PUMP HILL	PUMP HILL	PUM	1971	55	18	3.06	
COVENTRY HILLS	COVENTRY HILLS	COV	1995	1,790	647	2.77	
NEW BRIGHTON	NEW BRIGHTON	NEB	1981	0	0	0	
NORTH GLENMORE PARK	NORTH GLENMORE PARK	NGM	1969	3,747	892	4.2	
RIDEAU PARK	RIDEAU PARK	RID	2009	641	317	2.02	
PANORAMA HILLS	PANORAMA HILLS	PAN	2013	23,746	7,353	3.23	
STRATHCONA PARK	STRATHCONA PARK	STR	1996	5,116	1,649	3.1	
SCENIC ACRES	SCENIC ACRES	SCE	2009	9,072	2,900	3.13	
GREENWOOD/GREENBRIAR	GREENWOOD/GREENBRIAR	GRE	1999	1,041	468	2.22	
SIGNAL HILL	SIGNAL HILL	SIG	2015	13,613	5,103	2.67	
EDGEMONT	EDGEMONT	EDG	1991	12,286	3,665	3.35	
FOREST HEIGHTS	FOREST HEIGHTS	FHT	2006	6,211	2,097	2.96	
BRIDGELAND/RIVERSIDE	BRIDGELAND/RIVERSIDE	BRD	2011	5,254	2,662	1.97	
SOUTHWOOD	SOUTHWOOD	SOW	1985	6,948	2,419	2.87	
CRESTMONT	CRESTMONT	CRM	1981	0	0	0	
DOWNTOWN WEST END	DOWNTOWN WEST END	DNW	1968	760	362	2.1	
HOUNSFIELD HEIGHTS/BRIAR HILL	HOUNSFIELD HEIGHTS/BRIAR HILL	HOU	2013	3,014	1,052	2.87	
LOWER MOUNT ROYAL	LOWER MOUNT ROYAL	LMR	1985	2,868	1,866	1.54	
QUEENSLAND	QUEENSLAND	QLD	1976	2,922	856	3.41	
COUNTRY HILLS VILLAGE	COUNTRY HILLS VILLAGE	CHV	1995	0	0	0	
SILVER SPRINGS	SILVER SPRINGS	SIL	2016	8,875	3,445	2.58	
VISTA HEIGHTS	VISTA HEIGHTS	VIS	1976	2,036	546	3.73	
ROCKY RIDGE	ROCKY RIDGE	ROC	2005	5,504	2,125	2.59	
BANFF TRAIL	BANFF TRAIL	BNF	2014	4,204	1,832	2.29	
SCARBORO	SCARBORO	SCA	1984	950	334	2.84	
CHAPARRAL	CHAPARRAL	CHA	1987	0	0	0	
QUEENSLAND	QUEENSLAND	QLD	2001	5,449	1,790	3.04	
CAMBRIAN HEIGHTS	CAMBRIAN HEIGHTS	CAM	1990	2,155	896	2.41	
PANORAMA HILLS	PANORAMA HILLS	PAN	1979	0	0	0	
WOODLANDS	WOODLANDS	WOO	1996	6,975	2,309	3.02	
THORNCLIFFE	THORNCLIFFE	THO	1968	7,620	1,797	4.24	
SHAWNEE SLOPES	SHAWNEE SLOPES	SHS	2012	1,565	643	2.43	
HAYSBORO	HAYSBORO	HAY	1973	7,631	2,032	4	
SOUTH CALGARY	SOUTH CALGARY	SOC	1978	3,327	1,502	2.22	
SUNNYSIDE	SUNNYSIDE	SSD	1973	3,544	1,668	2.12	
UNIVERSITY OF CALGARY	UNIVERSITY OF CALGARY	UOC	1973	1,412	253	5.58	
QUEENS PARK VILLAGE	QUEENS PARK VILLAGE	QPK	2011	400	181	2.21	
BAYVIEW	BAYVIEW	BYV	2017	638	233	2.74	
PATTERSON	PATTERSON	PAT	2004	4,141	1,830	2.26	
NORTH GLENMORE PARK	NORTH GLENMORE PARK	NGM	2010	2,379	981	2.43	
CITYSCAPE	CITYSCAPE	CSC	2001	0	0	0	
EDGEMONT	EDGEMONT	EDG	1977	0	0	0	
COVENTRY HILLS	COVENTRY HILLS	COV	1992	284	109	2.61	
KINGSLAND	KINGSLAND	KIN	1996	4,320	2,167	1.99	
HIDDEN VALLEY	HIDDEN VALLEY	HID	2004	11,647	3,769	3.09	
ERIN WOODS	ERIN WOODS	ERI	1973	2	1	2	
KILLARNEY/GLENGARRY	KILLARNEY/GLENGARRY	KIL	1977	6,210	2,442	2.54	
MCKENZIE TOWNE	MCKENZIE TOWNE	MCT	1978	0	0	0	
FOREST LAWN	FOREST LAWN	FLN	2012	7,487	3,046	2.46	
MOUNT PLEASANT	MOUNT PLEASANT	MOP	1986	4,324	2,128	2.03	
GLENDALE	GLENDALE	GDL	1998	2,860	1,093	2.62	
VARSITY	VARSITY	VAR	1998	12,454	5,204	2.39	
ELBOW PARK	ELBOW PARK	EPK	2000	3,423	1,158	2.96	
ROXBORO	ROXBORO	ROX	2004	414	157	2.64	
BRENTWOOD	BRENTWOOD	BRE	1997	6,346	2,520	2.52	
OGDEN	OGDEN	OGD	2012	8,702	3,715	2.34	
ROXBORO	ROXBORO	ROX	2008	428	154	2.78	
WEST HILLHURST	WEST HILLHURST	WHL	1988	5,012	2,422	2.07	
SUNNYSIDE	SUNNYSIDE	SSD	1990	3,553	2,196	1.62	
UNIVERSITY OF CALGARY	UNIVERSITY OF CALGARY	UOC	1994	1,861	703	2.65	
SOMERSET	SOMERSET	SOM	1970	0	0	0	
PUMP HILL	PUMP HILL	PUM	2005	1,801	551	3.27	
PALLISER	PALLISER	PAL	1974	2,396	722	3.32	
BEDDINGTON HEIGHTS	BEDDINGTON HEIGHTS	BED	2017	11,694	4,236	2.76	
TUSCANY	TUSCANY	TUS	1986	0	0	0	
MONTEREY PARK	MONTEREY PARK	MOR	1977	0	0	0	
CANYON MEADOWS	CANYON MEADOWS	CAN	2001	8,444	3,116	2.71	
GREENWOOD/GREENBRIAR	GREENWOOD/GREENBRIAR	GRE	2001	968	461	2.1	
CRESTMONT	CRESTMONT	CRM	1979	0	0	0	
VISTA HEIGHTS	VISTA HEIGHTS	VIS	1971	2,425	589	4.12	
VISTA HEIGHTS	VISTA HEIGHTS	VIS	2010	2,215	795	2.79	
SANDSTONE VALLEY	SANDSTONE VALLEY	SAN	2011	6,142	2,062	2.98	
CHARLESWOOD/COLLINGWOOD	CHARLESWOOD		1980	7,345	2,369	3.1	Combined communities of CHARLESWOOD (CHW) and COLLINGWOOD (COL)
INGLEWOOD	INGLEWOOD	ING	1977	2,750	1,131	2.43	
MARLBOROUGH PARK	MARLBOROUGH PARK	MPK	1984	9,277	2,689	3.45	
CHINATOWN	CHINATOWN	CHN	1979	284	175	1.62	
MAYLAND HEIGHTS	MAYLAND HEIGHTS	MAL	1987	6,347	2,423	2.62	
MAHOGANY	MAHOGANY	MAH	1990	0	0	0	
WESTGATE	WESTGATE	WGT	1998	3,444	1,338	2.57	
TARADALE	TARADALE	TAR	1972	0	0	0	
MEADOWLARK PARK	MEADOWLARK PARK	MEA	1987	723	293	2.47	
PUMP HILL	PUMP HILL	PUM	2011	1,655	548	3.02	
CANYON MEADOWS	CANYON MEADOWS	CAN	2017	7,553	3,066	2.46	
KELVIN GROVE	KELVIN GROVE	KEL	1991	2,199	843	2.61	
GLENBROOK	GLENBROOK	GBK	1968	5,317	1,388	3.83	
SUNDANCE	SUNDANCE	SDC	1988	4,676	1,361	3.44	
MAPLE RIDGE	MAPLE RIDGE	MPL	2010	1,982	795	2.49	
MOUNT PLEASANT	MOUNT PLEASANT	MOP	1979	4,759	2,114	2.25	
NOLAN HILL	NOLAN HILL	NOL	2010	0	0	0	
SILVER SPRINGS	SILVER SPRINGS	SIL	1997	10,236	3,476	2.94	
MANCHESTER	MANCHESTER	MAN	1968	795	247	3.22	
UNIVERSITY DISTRICT	UNIVERSITY DISTRICT	UND	2013	0	0	0	
BONAVISTA DOWNS	BONAVISTA DOWNS	BDO	1974	1,124	330	3.41	
MONTGOMERY	MONTGOMERY	MON	2008	3,871	1,583	2.45	
SCARBORO/SUNALTA WEST	SCARBORO	SSW	1994	393	161	2.44	
DOWNTOWN EAST VILLAGE	DOWNTOWN EAST VILLAGE	DNE	1977	1,257	660	1.9	
GREENWOOD/GREENBRIAR	GREENWOOD/GREENBRIAR	GRE	1980	1,308	471	2.78	
APPLEWOOD PARK	APPLEWOOD PARK	APP	2013	6,745	2,056	3.28	
SCENIC ACRES	SCENIC ACRES	SCE	2017	8,251	2,896	2.85	
BEL-AIRE	BEL-AIRE	BEL	1973	562	136	4.13	
ASPEN WOODS	ASPEN WOODS	ASP	1974	0	0	0	
KELVIN GROVE	KELVIN GROVE	KEL	2017	2,311	851	2.72	
GREENWOOD/GREENBRIAR	GREENWOOD/GREENBRIAR	GRE	1984	1,050	466	2.25	
SUNNYSIDE	SUNNYSIDE	SSD	1995	3,455	2,153	1.6	
RIVERBEND	RIVERBEND	RIV	1988	1,995	643	3.1	
PARKLAND	PARKLAND	PKL	1969	0	0	0	
BRAESIDE	BRAESIDE	BRA	2010	5,916	2,473	2.39	
UPPER MOUNT ROYAL	UPPER MOUNT ROYAL	UMR	1980	2,775	1,030	2.69	
GLENDALE	GLENDALE	GDL	2006	2,770	1,096	2.53	
CHRISTIE PARK	CHRISTIE PARK	CHR	1992	1,214	372	3.26	
CAPITOL HILL	CAPITOL HILL	CAP	1973	4,122	1,629	2.53	
EDGEMONT	EDGEMONT	EDG	2003	17,667	5,362	3.29	
FOREST HEIGHTS	FOREST HEIGHTS	FHT	1985	6,415	1,865	3.44	
RIVERBEND	RIVERBEND	RIV	1996	9,937	3,312	3	
HILLHURST	HILLHURST	HIL	2010	5,951	3,032	1.96	
HOUNSFIELD HEIGHTS/BRIAR HILL	HOUNSFIELD HEIGHTS/BRIAR HILL	HOU	2016	2,972	1,037	2.87	
MILLRISE	MILLRISE	MLR	1995	4,197	1,391	3.02	
RAMSAY	RAMSAY	RAM	1973	2,667	975	2.74	
HIGHLAND PARK	HIGHLAND PARK	HPK	2016	4,014	1,954	2.05	
ROSEDALE	ROSEDALE	RDL	1997	1,712	641	2.67	
COUNTRY HILLS	COUNTRY HILLS	COU	2004	3,632	1,400	2.59	
TUXEDO PARK	TUXEDO PARK	TUX	2001	4,514	2,288	1.97	
KILLARNEY/GLENGARRY	KILLARNEY/GLENGARRY	KIL	2001	6,435	3,184	2.02	
MONTEREY PARK	MONTEREY PARK	MOR	2012	10,470	3,106	3.37	
SUNDANCE	SUNDANCE	SDC	1969	0	0	0	
NEW BRIGHTON	NEW BRIGHTON	NEB	1975	0	0	0	
SIGNAL HILL	SIGNAL HILL	SIG	1980	36	11	3.27	
BELTLINE	BELTLINE	BLN	1971	15,315	8,080	1.9	Combined communities of CONNAUGHT (CON) and VICTORIA PARK (VIC)
SUNALTA	SUNALTA	SNA	2011	3,116	1,906	1.63	
WEST HILLHURST	WEST HILLHURST	WHL	2006	5,557	2,616	2.12	
CURRIE BARRACKS	CURRIE BARRACKS	CUR	1996	0			
COACH HILL	COACH HILL	COA	2007	3,258	1,404	2.32	
SHAWNESSY	SHAWNESSY	SHN	1988	3,130	1,002	3.12	
WEST HILLHURST	WEST HILLHURST	WHL	1996	4,981	2,494	2	
GREENVIEW	GREENVIEW	GRV	2016	1,977	1,010	1.96	
WINSTON HEIGHTS/MOUNTVIEW	WINSTON HEIGHTS/MOUNTVIEW	WIN	2005	3,639	1,644	2.21	
QUEENS PARK VILLAGE	QUEENS PARK VILLAGE	QPK	1991	387	178	2.17	
ROSEDALE	ROSEDALE	RDL	2005	1,603	604	2.65	
SOUTH CALGARY	SOUTH CALGARY	SOC	2002	3,453	1,835	1.88	
VISTA HEIGHTS	VISTA HEIGHTS	VIS	1991	2,437	754	3.23	
BOWNESS	BOWNESS	BOW	2015	11,235	5,058	2.22	
BELTLINE	BELTLINE	BLN	1986	15,230	9,698	1.57	Combined communities of CONNAUGHT (CON) and VICTORIA PARK (VIC)
ERIN WOODS	ERIN WOODS	ERI	1976	0	0	0	
CAPITOL HILL	CAPITOL HILL	CAP	1981	3,864	1,772	2.18	
MANCHESTER	MANCHESTER	MAN	1969	812	248	3.27	
BEDDINGTON HEIGHTS	BEDDINGTON HEIGHTS	BED	1968	0	0	0	
FOREST HEIGHTS	FOREST HEIGHTS	FHT	2014	6,511	2,149	3.03	
ERLTON	ERLTON	ERL	1975	830	331	2.51	
CORAL SPRINGS	CORAL SPRINGS	COR	1969	0	0	0	
OAKRIDGE	OAKRIDGE	OAK	2000	6,545	2,271	2.88	
RUNDLE	RUNDLE	RUN	1980	10,772	3,174	3.39	
QUEENS PARK VILLAGE	QUEENS PARK VILLAGE	QPK	1972	0	0	0	
RUTLAND PARK	RUTLAND PARK	RUT	1997	2,311	900	2.57	
BRIDLEWOOD	BRIDLEWOOD	BRI	1970	0	0	0	
CAMBRIAN HEIGHTS	CAMBRIAN HEIGHTS	CAM	1998	2,087	877	2.38	
INGLEWOOD	INGLEWOOD	ING	1992	2,487	1,221	2.04	
LINCOLN PARK	LINCOLN PARK	LPK	1975	49	6	8.17	
ROSSCARROCK	ROSSCARROCK	RCK	1972	3,774	1,214	3.11	
SIGNAL HILL	SIGNAL HILL	SIG	2001	11,831	4,364	2.71	
RUTLAND PARK	RUTLAND PARK	RUT	2012	2,227	956	2.33	
WOODLANDS	WOODLANDS	WOO	1998	7,162	2,372	3.02	
DALHOUSIE	DALHOUSIE	DAL	1986	10,266	3,582	2.87	
SILVERADO	SILVERADO	SVO	2001	33	14	2.36	
DOWNTOWN WEST END	DOWNTOWN WEST END	DNW	2001	510	336	1.52	
BOWNESS	BOWNESS	BOW	1969	9,990	2,489	4.01	
MONTGOMERY	MONTGOMERY	MON	1983	4,221	1,576	2.68	
GARRISON WOODS	GARRISON WOODS	GAW	1988	0	0	0	
GARRISON WOODS	GARRISON WOODS	GAW	2003	0	0	0	
MISSION	MISSION	MIS	2014	4,350	2,952	1.47	
OAKRIDGE	OAKRIDGE	OAK	2013	5,680	2,246	2.53	
HAMPTONS	HAMPTONS	HAM	2011	7,843	2,446	3.21	
HIDDEN VALLEY	HIDDEN VALLEY	HID	2008	11,737	3,802	3.09	
DIAMOND COVE	DIAMOND COVE	DIA	1976	0	0	0	
SCARBORO/SUNALTA WEST	SCARBORO	SSW	2007	389	159	2.45	
SCARBORO/SUNALTA WEST	SCARBORO	SSW	1997	418	162	2.58	
GLAMORGAN	GLAMORGAN	GLA	1970	4,427	1,048	4.22	
COACH HILL	COACH HILL	COA	1990	2,940	1,141	2.58	
EVANSTON	EVANSTON	EVN	1988	0	0	0	
CORNERSTONE	CORNERSTONE	CNS	1985	0	0	0	
WALDEN	WALDEN	WAL	2010	210	88	2.39	
KELVIN GROVE	KELVIN GROVE	KEL	1976	2,433	754	3.23	
PARKDALE	PARKDALE	PKD	1998	1,736	825	2.1	
HAYSBORO	HAYSBORO	HAY	1989	6,479	2,844	2	
GREENWOOD/GREENBRIAR	GREENWOOD/GREENBRIAR	GRE	1977	0	0	0	
SOUTHVIEW	SOUTHVIEW	SOV	2000	2,265	868	2.61	
ERIN WOODS	ERIN WOODS	ERI	2014	7,146	2,403	2.97	
ELBOYA	ELBOYA	EYA	1969	1,864	564	3.3	
EVERGREEN	EVERGREEN	EVE	1973	0	0	0	
LINCOLN PARK	LINCOLN PARK	LPK	1995	1,079	471	2.29	
ASPEN WOODS	ASPEN WOODS	ASP	2010	3,615	1,194	3.03	
DOUGLASDALE/GLEN	DOUGLASDALE/GLEN	DDG	1999	11,032	3,646	3.03	
MONTGOMERY	MONTGOMERY	MON	2011	3,686	1,591	2.32	
CURRIE BARRACKS	CURRIE BARRACKS	CUR	1971	0			
UNIVERSITY HEIGHTS	UNIVERSITY HEIGHTS	UNI	2000	2,992	1,316	2.27	
VALLEY RIDGE	VALLEY RIDGE	VAL	1992	0	0	0	
KINCORA	KINCORA	KCA	1990	11	3	3.67	
CAMBRIAN HEIGHTS	CAMBRIAN HEIGHTS	CAM	1983	2,494	894	2.79	
RED CARPET	RED CARPET	RED	1999	1,269	508	2.5	
KINGSLAND	KINGSLAND	KIN	2016	4,699	2,235	2.1	
MARLBOROUGH	MARLBOROUGH	MRL	1982	10,025	2,931	3.42	
RUTLAND PARK	RUTLAND PARK	RUT	1985	2,653	919	2.89	
MAPLE RIDGE	MAPLE RIDGE	MPL	1976	3,242	803	4.04	
SUNNYSIDE	SUNNYSIDE	SSD	2001	3,684	2,235	1.65	
HILLHURST	HILLHURST	HIL	1979	4,940	2,406	2.05	
PATTERSON	PATTERSON	PAT	1983	380	180	2.11	
MIDNAPORE	MIDNAPORE	MID	2007	7,231	2,623	2.76	
CORAL SPRINGS	CORAL SPRINGS	COR	1999	4,078	1,014	4.02	
CHAPARRAL	CHAPARRAL	CHA	1970	0	0	0	
RAMSAY	RAMSAY	RAM	2011	2,006	1,026	1.96	
TARADALE	TARADALE	TAR	1988	819	245	3.34	
BONAVISTA DOWNS	BONAVISTA DOWNS	BDO	1988	1,257	370	3.4	
NORTH GLENMORE PARK	NORTH GLENMORE PARK	NGM	1989	2,549	968	2.63	
ELBOYA	ELBOYA	EYA	1971	1,763	567	3.11	
HAWKWOOD	HAWKWOOD	HAW	1968	0	0	0	
BOWNESS	BOWNESS	BOW	1974	11,425	3,262	3.5	
BOWNESS	BOWNESS	BOW	1981	12,989	4,404	2.95	
RUTLAND PARK	RUTLAND PARK	RUT	1974	3,017	840	3.59	
MAYLAND HEIGHTS	MAYLAND HEIGHTS	MAL	2002	6,077	2,567	2.37	
GREENVIEW	GREENVIEW	GRV	1972	1,220	297	4.11	
MANCHESTER	MANCHESTER	MAN	2012	618	318	1.94	
SPRINGBANK HILL	SPRINGBANK HILL	SPH	2008	7,238	2,396	3.02	
KILLARNEY/GLENGARRY	KILLARNEY/GLENGARRY	KIL	2006	6,450	3,234	1.99	
DOUGLASDALE/GLEN	DOUGLASDALE/GLEN	DDG	1978	0	0	0	
WOODBINE	WOODBINE	WBN	2013	9,207	3,329	2.77	
GARRISON WOODS	GARRISON WOODS	GAW	1969	0	0	0	
FALCONRIDGE	FALCONRIDGE	FAL	1993	10,399	3,069	3.39	
CITADEL	CITADEL	CIT	2000	5,879	1,931	3.04	
SOUTHVIEW	SOUTHVIEW	SOV	2010	2,090	835	2.5	
TARADALE	TARADALE	TAR	2007	11,253	3,083	3.65	
TARADALE	TARADALE	TAR	1994	1,538	463	3.32	
SAGE HILL	SAGE HILL	SGH	2014	3,900	1,372	2.84	
HIDDEN VALLEY	HIDDEN VALLEY	HID	1989	0	0	0	
DOWNTOWN COMMERCIAL CORE	DOWNTOWN COMMERCIAL CORE	DNC	1996	6,659	4,356	1.53	
VISTA HEIGHTS	VISTA HEIGHTS	VIS	2017	2,302	805	2.86	
LOWER MOUNT ROYAL	LOWER MOUNT ROYAL	LMR	1991	3,034	1,965	1.54	
SHERWOOD	SHERWOOD	SHW	1983	0	0	0	
VARSITY	VARSITY	VAR	1984	12,892	4,681	2.75	
BEL-AIRE	BEL-AIRE	BEL	1995	480	156	3.08	
MAYLAND HEIGHTS	MAYLAND HEIGHTS	MAL	1977	5,824	1,678	3.47	
BANFF TRAIL	BANFF TRAIL	BNF	2002	3,628	1,632	2.22	
CRESCENT HEIGHTS	CRESCENT HEIGHTS	CRE	1982	6,000	3,175	1.89	
EAGLE RIDGE	EAGLE RIDGE	EAG	1978	592	107	5.53	
CORNERSTONE	CORNERSTONE	CNS	1973	0	0	0	
CAMBRIAN HEIGHTS	CAMBRIAN HEIGHTS	CAM	1968	3,179	828	3.84	
DEER RUN	DEER RUN	DRN	1975	0	0	0	
WILDWOOD	WILDWOOD	WLD	1973	3,909	1,045	3.74	
KINCORA	KINCORA	KCA	1984	0	0	0	
CEDARBRAE	CEDARBRAE	CED	1995	6,776	2,302	2.94	
ROCKY RIDGE	ROCKY RIDGE	ROC	1990	115	42	2.74	
HARVEST HILLS	HARVEST HILLS	HAR	1979	0	0	0	
LOWER MOUNT ROYAL	LOWER MOUNT ROYAL	LMR	1989	2,886	1,964	1.47	
LOWER MOUNT ROYAL	LOWER MOUNT ROYAL	LMR	1979	2,923	1,793	1.63	
MANCHESTER	MANCHESTER	MAN	1999	267	153	1.75	
FAIRVIEW	FAIRVIEW	FAI	1969	6,181	1,490	4.15	
RAMSAY	RAMSAY	RAM	2013	2,081	1,029	2.02	
EVANSTON	EVANSTON	EVN	2012	6,594	2,133	3.09	
COUNTRY HILLS	COUNTRY HILLS	COU	1996	494	134	3.69	
BONAVISTA DOWNS	BONAVISTA DOWNS	BDO	1982	1,284	366	3.51	
PARKDALE	PARKDALE	PKD	2012	2,296	932	2.46	
FOREST HEIGHTS	FOREST HEIGHTS	FHT	1991	7,005	2,018	3.47	
MAYLAND HEIGHTS	MAYLAND HEIGHTS	MAL	1985	6,228	2,375	2.62	
MISSION	MISSION	MIS	2005	4,032	2,753	1.46	
LEGACY	LEGACY	LEG	1994	0	0	0	
UNIVERSITY DISTRICT	UNIVERSITY DISTRICT	UND	1979	0	0	0	
WILLOW PARK	WILLOW PARK	WIL	1995	5,868	2,223	2.64	
WILDWOOD	WILDWOOD	WLD	1997	2,690	1,037	2.59	
GLAMORGAN	GLAMORGAN	GLA	1974	5,914	1,649	3.59	
EAU CLAIRE	EAU CLAIRE	EAU	2014	1,886	1,187	1.59	
MIDNAPORE	MIDNAPORE	MID	2017	7,320	2,747	2.66	
CANYON MEADOWS	CANYON MEADOWS	CAN	1991	8,707	2,899	3	
ABBEYDALE	ABBEYDALE	ABB	1994	6,663	1,913	3.48	
UPPER MOUNT ROYAL	UPPER MOUNT ROYAL	UMR	2008	2,536	991	2.56	
COVENTRY HILLS	COVENTRY HILLS	COV	2017	17,564	5,463	3.22	
CHINATOWN	CHINATOWN	CHN	1970	865	329	2.63	
RANCHLANDS	RANCHLANDS	RAN	2005	7,726	2,896	2.67	
ELBOYA	ELBOYA	EYA	1973	1,688	565	2.99	
KINGSLAND	KINGSLAND	KIN	1970	4,982	1,578	3.16	
BEDDINGTON HEIGHTS	BEDDINGTON HEIGHTS	BED	2007	11,997	4,197	2.86	
SOMERSET	SOMERSET	SOM	1996	837	290	2.89	
SPRINGBANK HILL	SPRINGBANK HILL	SPH	1982	0	0	0	
MARLBOROUGH PARK	MARLBOROUGH PARK	MPK	1976	5,171	1,491	3.47	
PARKHILL	PARKHILL	PKH	2015	1,686	788	2.14	
SAGE HILL	SAGE HILL	SGH	2015	4,578	1,595	2.87	
SANDSTONE VALLEY	SANDSTONE VALLEY	SAN	1984	692	232	2.98	
DOVER	DOVER	DOV	1970	165	40	4.13	
CEDARBRAE	CEDARBRAE	CED	1974	709	224	3.17	
ABBEYDALE	ABBEYDALE	ABB	1990	6,715	1,872	3.59	
ELBOW PARK	ELBOW PARK	EPK	1971	3,868	1,181	3.28	
ELBOW PARK	ELBOW PARK	EPK	1973	3,703	1,173	3.16	
ARBOUR LAKE	ARBOUR LAKE	ARB	1990	0	0	0	
ERLTON	ERLTON	ERL	2006	1,246	714	1.75	
ERLTON	ERLTON	ERL	2012	1,234	704	1.75	
BRENTWOOD	BRENTWOOD	BRE	1990	6,530	2,524	2.59	
RICHMOND	RICHMOND	RIC	1976	4,207	1,720	2.45	
PALLISER	PALLISER	PAL	1994	3,152	1,460	2.16	
HUNTINGTON HILLS	HUNTINGTON HILLS	HUN	2005	13,743	5,323	2.58	
VISTA HEIGHTS	VISTA HEIGHTS	VIS	1987	1,918	628	3.05	
MACEWAN GLEN	MACEWAN GLEN	MAC	2005	5,338	1,741	3.07	
HIGHLAND PARK	HIGHLAND PARK	HPK	1971	4,696	1,598	2.94	
LEGACY	LEGACY	LEG	1969	0	0	0	
RENFREW	RENFREW	REN	2012	5,846	2,995	1.95	
WEST HILLHURST	WEST HILLHURST	WHL	1987	5,064	2,439	2.08	
WINDSOR PARK	WINDSOR PARK	WND	1976	2,935	1,363	2.15	
RICHMOND	RICHMOND	RIC	1971	4,827	1,686	2.86	
SKYVIEW RANCH	SKYVIEW RANCH	SKR	2012	2,990	941	3.18	
DOWNTOWN COMMERCIAL CORE	DOWNTOWN COMMERCIAL CORE	DNC	1982	5,953	4,410	1.35	
WHITEHORN	WHITEHORN	WHI	2014	12,326	3,702	3.33	
TARADALE	TARADALE	TAR	1996	1,502	464	3.24	
WEST HILLHURST	WEST HILLHURST	WHL	1968	6,871	2,157	3.19	
BELVEDERE	BELVEDERE	BVD	2009	0	0	0	
DOWNTOWN COMMERCIAL CORE	DOWNTOWN COMMERCIAL CORE	DNC	1973	5,338	3,511	1.52	
SHAWNESSY	SHAWNESSY	SHN	1995	7,700	2,412	3.19	
CURRIE BARRACKS	CURRIE BARRACKS	CUR	2004	49			
PATTERSON	PATTERSON	PAT	2006	3,963	1,744	2.27	
RICHMOND	RICHMOND	RIC	1982	3,997	1,721	2.32	
SOUTH CALGARY	SOUTH CALGARY	SOC	2003	3,488	1,838	1.9	
RANCHLANDS	RANCHLANDS	RAN	1987	8,420	2,798	3.01	
EAGLE RIDGE	EAGLE RIDGE	EAG	2000	455	108	4.21	
MARLBOROUGH PARK	MARLBOROUGH PARK	MPK	1986	9,130	2,673	3.42	
LAKE BONAVISTA	LAKE BONAVISTA	LKB	1987	12,553	3,622	3.47	
RUNDLE	RUNDLE	RUN	1987	11,278	3,324	3.39	
BRIDGELAND/RIVERSIDE	BRIDGELAND/RIVERSIDE	BRD	2003	4,796	2,257	2.12	
BANFF TRAIL	BANFF TRAIL	BNF	2005	3,559	1,602	2.22	
ACADIA	ACADIA	ACA	1986	10,688	4,154	2.57	
DEER RUN	DEER RUN	DRN	1997	6,544	2,079	3.15	
CAPITOL HILL	CAPITOL HILL	CAP	1984	3,906	1,890	2.07	
CITYSCAPE	CITYSCAPE	CSC	1995	0	0	0	
LOWER MOUNT ROYAL	LOWER MOUNT ROYAL	LMR	1990	3,089	2,049	1.51	
SANDSTONE VALLEY	SANDSTONE VALLEY	SAN	1975	0	0	0	
SOUTHWOOD	SOUTHWOOD	SOW	1997	6,614	2,548	2.6	
LAKEVIEW	LAKEVIEW	LKV	1991	5,924	2,299	2.58	
QUEENSLAND	QUEENSLAND	QLD	2007	5,135	1,862	2.76	
GLENDALE	GLENDALE	GDL	2012	2,749	1,083	2.54	
RIDEAU PARK	RIDEAU PARK	RID	2017	597	302	1.98	
UNIVERSITY OF CALGARY	UNIVERSITY OF CALGARY	UOC	1985	1,718	498	3.45	
DISCOVERY RIDGE	DISCOVERY RIDGE	DIS	1987	0	0	0	
MCKENZIE TOWNE	MCKENZIE TOWNE	MCT	1973	0	0	0	
COPPERFIELD	COPPERFIELD	CPF	2006	2,776	1,089	2.55	
SAGE HILL	SAGE HILL	SGH	2001	76	24	3.17	
CITYSCAPE	CITYSCAPE	CSC	2006	0	0	0	
WOODLANDS	WOODLANDS	WOO	1997	7,086	2,358	3.01	
PARKDALE	PARKDALE	PKD	1980	1,947	766	2.54	
MONTGOMERY	MONTGOMERY	MON	2007	3,742	1,544	2.42	
KINGSLAND	KINGSLAND	KIN	1971	5,341	1,759	3.04	
PATTERSON	PATTERSON	PAT	1997	3,042	1,283	2.37	
MCKENZIE LAKE	MCKENZIE LAKE	MCK	1975	0	0	0	
BRENTWOOD	BRENTWOOD	BRE	1970	9,049	2,083	4.34	
BELTLINE	BELTLINE	BLN	1994	15,702	9,763	1.61	Combined communities of CONNAUGHT (CON) and VICTORIA PARK (VIC)
ROSSCARROCK	ROSSCARROCK	RCK	1992	3,343	1,449	2.31	
THORNCLIFFE	THORNCLIFFE	THO	1987	9,751	3,592	2.71	
WINSTON HEIGHTS/MOUNTVIEW	WINSTON HEIGHTS/MOUNTVIEW	WIN	1971	4,830	1,516	3.19	
LAKEVIEW	LAKEVIEW	LKV	1980	7,375	2,312	3.19	
COUGAR RIDGE	COUGAR RIDGE	CGR	2001	46	14	3.29	
SUNALTA	SUNALTA	SNA	1976	2,878	1,478	1.95	
COPPERFIELD	COPPERFIELD	CPF	1990	0	0	0	
SHAGANAPPI	SHAGANAPPI	SHG	1973	1,923	697	2.76	
TEMPLE	TEMPLE	TEM	2015	11,433	3,579	3.19	
BRITANNIA	BRITANNIA	BRT	1970	1,100	318	3.46	
CAPITOL HILL	CAPITOL HILL	CAP	2017	4,459	2,074	2.15	
CURRIE BARRACKS	CURRIE BARRACKS	CUR	1984	0			
PARKHILL	PARKHILL	PKH	1991	1,378	694	1.99	
SAGE HILL	SAGE HILL	SGH	1980	0	0	0	
SANDSTONE VALLEY	SANDSTONE VALLEY	SAN	1996	6,838	2,019	3.39	
SILVERADO	SILVERADO	SVO	1974	0	0	0	
MARLBOROUGH PARK	MARLBOROUGH PARK	MPK	1991	9,411	2,766	3.4	
MCKENZIE LAKE	MCKENZIE LAKE	MCK	1983	881	300	2.94	
OGDEN	OGDEN	OGD	1972	5,401	1,511	3.57	
GLENBROOK	GLENBROOK	GBK	1989	7,358	2,874	2.56	
LOWER MOUNT ROYAL	LOWER MOUNT ROYAL	LMR	1984	2,772	1,725	1.61	
DIAMOND COVE	DIAMOND COVE	DIA	1984	0	0	0	
MARLBOROUGH	MARLBOROUGH	MRL	2012	8,434	3,021	2.79	
RAMSAY	RAMSAY	RAM	2008	2,027	1,042	1.95	
SUNNYSIDE	SUNNYSIDE	SSD	1998	3,658	2,229	1.64	
CRANSTON	CRANSTON	CRA	1995	0	0	0	
COVENTRY HILLS	COVENTRY HILLS	COV	2005	11,025	3,889	2.83	
RENFREW	RENFREW	REN	1976	6,244	2,282	2.74	
BELTLINE	BELTLINE	BLN	1993	15,621	9,783	1.6	Combined communities of CONNAUGHT (CON) and VICTORIA PARK (VIC)
GLENDALE	GLENDALE	GDL	2001	2,834	1,088	2.6	
WINSTON HEIGHTS/MOUNTVIEW	WINSTON HEIGHTS/MOUNTVIEW	WIN	2007	3,684	1,699	2.17	
SKYVIEW RANCH	SKYVIEW RANCH	SKR	2001	11	3	3.67	
PANORAMA HILLS	PANORAMA HILLS	PAN	1983	12	3	4	
PALLISER	PALLISER	PAL	1999	3,305	1,620	2.04	
SHERWOOD	SHERWOOD	SHW	1986	0	0	0	
SCARBORO/SUNALTA WEST	SCARBORO	SSW	2012	410	159	2.58	
SOMERSET	SOMERSET	SOM	1982	11	5	2.2	
HAYSBORO	HAYSBORO	HAY	1987	6,460	2,756	2	
FOREST HEIGHTS	FOREST HEIGHTS	FHT	1997	6,744	2,022	3.34	
HIGHWOOD	HIGHWOOD	HIW	1988	2,075	878	2.36	
RENFREW	RENFREW	REN	1980	6,084	2,569	2.37	
ALBERT PARK/RADISSON HEIGHTS	ALBERT PARK/RADISSON HEIGHTS	ALB	1995	6,343	2,301	2.76	
RENFREW	RENFREW	REN	1970	7,867	2,472	3.18	
DEER RIDGE	DEER RIDGE	DRG	2005	4,291	1,445	2.97	
WINDSOR PARK	WINDSOR PARK	WND	2008	3,942	2,240	1.76	
ROXBORO	ROXBORO	ROX	2013	411	145	2.83	
SOUTH CALGARY	SOUTH CALGARY	SOC	1986	3,226	1,619	1.99	
SIGNAL HILL	SIGNAL HILL	SIG	2013	13,952	5,135	2.72	
PARKLAND	PARKLAND	PKL	1980	4,983	1,338	3.72	
RIDEAU PARK	RIDEAU PARK	RID	1984	641	331	1.94	
VALLEY RIDGE	VALLEY RIDGE	VAL	1990	0	0	0	
ALTADORE	ALTADORE	ALT	1992	6,866	2,801	2.45	
RAMSAY	RAMSAY	RAM	2012	2,110	1,062	1.99	
BRAESIDE	BRAESIDE	BRA	1998	6,747	2,524	2.67	
COVENTRY HILLS	COVENTRY HILLS	COV	1999	4,636	1,599	2.9	
DALHOUSIE	DALHOUSIE	DAL	1987	10,189	3,637	2.8	
COACH HILL	COACH HILL	COA	2009	3,226	1,409	2.29	
PARKLAND	PARKLAND	PKL	1999	4,233	1,349	3.14	
CHARLESWOOD/COLLINGWOOD	CHARLESWOOD		2014	5,946	2,391	2.49	Combined communities of CHARLESWOOD (CHW) and COLLINGWOOD (COL)
EVANSTON	EVANSTON	EVN	2011	5,889	1,896	3.11	
SETON	SETON	SET	1977	0	0	0	
DOWNTOWN COMMERCIAL CORE	DOWNTOWN COMMERCIAL CORE	DNC	1989	6,026	4,432	1.36	
ARBOUR LAKE	ARBOUR LAKE	ARB	2014	10,987	3,875	2.84	
ACADIA	ACADIA	ACA	1977	12,482	3,616	3.45	
ARBOUR LAKE	ARBOUR LAKE	ARB	2002	9,085	3,198	2.84	
TUSCANY	TUSCANY	TUS	1978	0	0	0	
RUTLAND PARK	RUTLAND PARK	RUT	1990	2,587	948	2.73	
MISSION	MISSION	MIS	2007	4,448	3,012	1.48	
DOWNTOWN EAST VILLAGE	DOWNTOWN EAST VILLAGE	DNE	2005	2,159	833	2.59	
SOMERSET	SOMERSET	SOM	1998	3,135	1,106	2.83	
TUXEDO PARK	TUXEDO PARK	TUX	1998	4,500	2,264	1.99	
SIGNAL HILL	SIGNAL HILL	SIG	1994	5,328	1,762	3.02	
MIDNAPORE	MIDNAPORE	MID	2002	7,299	2,511	2.91	
PUMP HILL	PUMP HILL	PUM	1997	1,896	666	2.85	
BRENTWOOD	BRENTWOOD	BRE	1975	8,563	2,213	3.87	
OGDEN	OGDEN	OGD	2008	8,786	3,641	2.41	
CURRIE BARRACKS	CURRIE BARRACKS	CUR	1986	0			
CORNERSTONE	CORNERSTONE	CNS	1988	0	0	0	
SPRUCE CLIFF	SPRUCE CLIFF	SPR	1981	3,393	1,334	2.54	
NORTH GLENMORE PARK	NORTH GLENMORE PARK	NGM	1995	2,499	983	2.54	
SOUTH CALGARY	SOUTH CALGARY	SOC	1983	3,314	1,556	2.13	
LOWER MOUNT ROYAL	LOWER MOUNT ROYAL	LMR	2016	3,365	2,175	1.55	
QUEENSLAND	QUEENSLAND	QLD	2013	4,889	1,866	2.62	
WOODBINE	WOODBINE	WBN	2012	9,131	3,319	2.75	
DALHOUSIE	DALHOUSIE	DAL	1984	10,294	3,509	2.93	
ERIN WOODS	ERIN WOODS	ERI	2015	7,309	2,416	3.03	
MANCHESTER	MANCHESTER	MAN	2011	669	317	2.11	
MONTGOMERY	MONTGOMERY	MON	1975	4,315	1,343	3.21	
ALTADORE	ALTADORE	ALT	2011	8,907	4,038	2.21	
PATTERSON	PATTERSON	PAT	1986	528	250	2.11	
CURRIE BARRACKS	CURRIE BARRACKS	CUR	2016	729			
MARLBOROUGH PARK	MARLBOROUGH PARK	MPK	1995	9,060	2,768	3.27	
BEL-AIRE	BEL-AIRE	BEL	1998	484	156	3.1	
BRITANNIA	BRITANNIA	BRT	2014	722	283	2.55	
CITADEL	CITADEL	CIT	1970	0	0	0	
RIDEAU PARK	RIDEAU PARK	RID	1991	649	336	1.93	
UPPER MOUNT ROYAL	UPPER MOUNT ROYAL	UMR	1985	2,666	1,021	2.61	
CEDARBRAE	CEDARBRAE	CED	2008	6,412	2,557	2.51	
SOUTH CALGARY	SOUTH CALGARY	SOC	1984	3,178	1,513	2.1	
ROXBORO	ROXBORO	ROX	1981	431	158	2.73	
RIVERBEND	RIVERBEND	RIV	2012	9,684	3,411	2.84	
LINCOLN PARK	LINCOLN PARK	LPK	1978	44	4	11	
MAPLE RIDGE	MAPLE RIDGE	MPL	1973	3,343	800	4.18	
WEST HILLHURST	WEST HILLHURST	WHL	1992	4,999	2,453	2.04	
UPPER MOUNT ROYAL	UPPER MOUNT ROYAL	UMR	2012	2,542	1,002	2.54	
RICHMOND	RICHMOND	RIC	2003	4,058	1,944	2.09	
RENFREW	RENFREW	REN	2016	6,436	3,100	2.08	
MARLBOROUGH PARK	MARLBOROUGH PARK	MPK	2001	9,016	2,867	3.14	
CHINATOWN	CHINATOWN	CHN	2014	1,836	1,201	1.53	
CASTLERIDGE	CASTLERIDGE	CAS	1975	0	0	0	
TUXEDO PARK	TUXEDO PARK	TUX	2006	4,454	2,317	1.92	
COVENTRY HILLS	COVENTRY HILLS	COV	2008	15,060	5,010	3.01	
DEER RUN	DEER RUN	DRN	1968	0	0	0	
MONTEREY PARK	MONTEREY PARK	MOR	1968	0	0	0	
CURRIE BARRACKS	CURRIE BARRACKS	CUR	2007	0			
MANCHESTER	MANCHESTER	MAN	1970	756	240	3.15	
BELTLINE	BELTLINE	BLN	1998	17,784	10,441	1.7	Combined communities of CONNAUGHT (CON) and VICTORIA PARK (VIC)
TEMPLE	TEMPLE	TEM	2011	10,580	3,454	3.06	
EDGEMONT	EDGEMONT	EDG	1968	0	0	0	
BEL-AIRE	BEL-AIRE	BEL	1994	485	155	3.13	
CLIFF BUNGALOW	CLIFF BUNGALOW	CLI	1984	1,894	1,129	1.68	
LAKE BONAVISTA	LAKE BONAVISTA	LKB	1969	0	0	0	
NORTH HAVEN	NORTH HAVEN	NHV	1969	3,110	724	4.3	
RED CARPET	RED CARPET	RED	1976	1,260	408	3.09	
SHAGANAPPI	SHAGANAPPI	SHG	1993	1,697	787	2.16	
WILLOW PARK	WILLOW PARK	WIL	1968	4,182	958	4.37	
CANYON MEADOWS	CANYON MEADOWS	CAN	1969	115	27	4.26	
RICHMOND	RICHMOND	RIC	2009	3,985	1,919	2.08	
CURRIE BARRACKS	CURRIE BARRACKS	CUR	2010	0			
CEDARBRAE	CEDARBRAE	CED	1998	6,921	2,423	2.86	
NORTH HAVEN UPPER	NORTH HAVEN UPPER	NHU	2004	669	245	2.73	
DIAMOND COVE	DIAMOND COVE	DIA	1968	0	0	0	
ROSEMONT	ROSEMONT	RMT	2008	1,247	536	2.33	
DOVER	DOVER	DOV	1982	11,953	3,467	3.45	
MAYFAIR	MAYFAIR	MAF	1988	602	186	3.24	
SCARBORO/SUNALTA WEST	SCARBORO	SSW	2001	388	158	2.46	
PINERIDGE	PINERIDGE	PIN	2011	9,626	3,583	2.69	
CRANSTON	CRANSTON	CRA	1999	0	0	0	
RENFREW	RENFREW	REN	1990	5,583	2,669	2.09	
TUXEDO PARK	TUXEDO PARK	TUX	1993	4,255	2,130	2	
BRAESIDE	BRAESIDE	BRA	2014	5,960	2,505	2.38	
MAHOGANY	MAHOGANY	MAH	1985	0	0	0	
BRENTWOOD	BRENTWOOD	BRE	1982	7,452	2,453	3.04	
MACEWAN GLEN	MACEWAN GLEN	MAC	1971	0	0	0	
LAKE BONAVISTA	LAKE BONAVISTA	LKB	2005	10,392	3,544	2.93	
SANDSTONE VALLEY	SANDSTONE VALLEY	SAN	1991	5,072	1,496	3.39	
CANYON MEADOWS	CANYON MEADOWS	CAN	1977	7,382	2,050	3.6	
ELBOYA	ELBOYA	EYA	1989	1,676	732	2.29	
HAMPTONS	HAMPTONS	HAM	2002	7,120	2,117	3.36	
SOUTHWOOD	SOUTHWOOD	SOW	2007	6,148	2,538	2.42	
MAPLE RIDGE	MAPLE RIDGE	MPL	1988	2,470	803	3.08	
KINGSLAND	KINGSLAND	KIN	1987	4,219	2,095	2.01	
QUEENS PARK VILLAGE	QUEENS PARK VILLAGE	QPK	1981	0	0	0	
HILLHURST	HILLHURST	HIL	1998	5,069	2,594	1.95	
LAKEVIEW	LAKEVIEW	LKV	2017	5,535	2,301	2.41	
OAKRIDGE	OAKRIDGE	OAK	2010	5,799	2,258	2.57	
AUBURN BAY	AUBURN BAY	AUB	1972	0	0	0	
WILLOW PARK	WILLOW PARK	WIL	1979	7,435	2,198	3.38	
KINGSLAND	KINGSLAND	KIN	1983	4,277	1,954	2.19	
CHRISTIE PARK	CHRISTIE PARK	CHR	1977	50	12	4.17	
RIVERBEND	RIVERBEND	RIV	2015	9,612	3,427	2.8	
LINCOLN PARK	LINCOLN PARK	LPK	1991	824	357	2.31	
MAYFAIR	MAYFAIR	MAF	1970	804	181	4.44	
ELBOW PARK	ELBOW PARK	EPK	1976	3,525	1,167	3.02	
GLAMORGAN	GLAMORGAN	GLA	1975	5,877	1,669	3.52	
ERIN WOODS	ERIN WOODS	ERI	2004	6,860	2,186	3.14	
QUEENS PARK VILLAGE	QUEENS PARK VILLAGE	QPK	2003	442	184	2.4	
FALCONRIDGE	FALCONRIDGE	FAL	2006	10,229	3,231	3.17	
WINDSOR PARK	WINDSOR PARK	WND	1985	3,474	1,990	1.75	
SOUTHVIEW	SOUTHVIEW	SOV	2005	2,108	831	2.54	
ROCKY RIDGE	ROCKY RIDGE	ROC	1991	110	37	2.97	
PANORAMA HILLS	PANORAMA HILLS	PAN	1993	25	9	2.78	
EVERGREEN	EVERGREEN	EVE	1969	0	0	0	
ST. ANDREWS HEIGHTS	ST. ANDREWS HEIGHTS	STA	2012	1,588	618	2.57	
SCARBORO/SUNALTA WEST	SCARBORO	SSW	2017	406	154	2.64	
BAYVIEW	BAYVIEW	BYV	2004	665	240	2.77	
DISCOVERY RIDGE	DISCOVERY RIDGE	DIS	2003	1,278	422	3.03	
NORTH GLENMORE PARK	NORTH GLENMORE PARK	NGM	1971	3,656	912	4.01	
PANORAMA HILLS	PANORAMA HILLS	PAN	2016	25,729	7,949	3.24	
THORNCLIFFE	THORNCLIFFE	THO	1974	10,216	2,822	3.62	
CLIFF BUNGALOW	CLIFF BUNGALOW	CLI	1979	1,832	1,097	1.67	
ROXBORO	ROXBORO	ROX	1979	417	158	2.64	
APPLEWOOD PARK	APPLEWOOD PARK	APP	2004	5,628	1,648	3.42	
VALLEY RIDGE	VALLEY RIDGE	VAL	1984	0	0	0	
SUNDANCE	SUNDANCE	SDC	2016	10,040	3,348	3	
HILLHURST	HILLHURST	HIL	1985	4,500	2,388	1.88	
SCENIC ACRES	SCENIC ACRES	SCE	1986	1,434	435	3.3	
GLENBROOK	GLENBROOK	GBK	1969	5,524	1,441	3.83	
SOUTHWOOD	SOUTHWOOD	SOW	2014	6,357	2,560	2.48	
WHITEHORN	WHITEHORN	WHI	2002	12,252	3,454	3.55	
WILLOW PARK	WILLOW PARK	WIL	1989	6,195	2,231	2.78	
EAGLE RIDGE	EAGLE RIDGE	EAG	2017	477	104	4.59	
WEST SPRINGS	WEST SPRINGS	WSP	2014	9,086	2,856	3.18	
ELBOYA	ELBOYA	EYA	1982	1,453	568	2.56	
GARRISON WOODS	GARRISON WOODS	GAW	1977	0	0	0	
SHERWOOD	SHERWOOD	SHW	2006	872	248	3.52	
BANFF TRAIL	BANFF TRAIL	BNF	1977	3,868	1,453	2.66	
SOUTHWOOD	SOUTHWOOD	SOW	1990	6,990	2,556	2.73	
MONTEREY PARK	MONTEREY PARK	MOR	2008	10,498	3,043	3.45	
CAPITOL HILL	CAPITOL HILL	CAP	2013	4,164	2,065	2.02	
GLENDALE	GLENDALE	GDL	2015	2,794	1,087	2.57	
ERIN WOODS	ERIN WOODS	ERI	1995	5,931	1,782	3.33	
COVENTRY HILLS	COVENTRY HILLS	COV	1997	2,830	1,001	2.83	
HUNTINGTON HILLS	HUNTINGTON HILLS	HUN	2003	14,124	5,321	2.65	
DOVER	DOVER	DOV	1987	11,184	3,536	3.16	
EDGEMONT	EDGEMONT	EDG	1990	11,171	3,264	3.42	
FAIRVIEW	FAIRVIEW	FAI	1970	6,272	1,510	4.15	
DOVER	DOVER	DOV	1984	11,063	3,427	3.23	
AUBURN BAY	AUBURN BAY	AUB	1969	0	0	0	
PENBROOKE MEADOWS	PENBROOKE MEADOWS	PEN	1985	8,922	2,554	3.49	
MCKENZIE LAKE	MCKENZIE LAKE	MCK	1977	0	0	0	
EVERGREEN	EVERGREEN	EVE	1996	1,024	315	3.25	
RIVERBEND	RIVERBEND	RIV	1997	10,187	3,364	3.03	
REDSTONE	REDSTONE	RSN	2011	0	0	0	
FALCONRIDGE	FALCONRIDGE	FAL	1988	9,619	2,915	3.3	
GLAMORGAN	GLAMORGAN	GLA	1994	6,215	2,685	2.31	
NORTH HAVEN UPPER	NORTH HAVEN UPPER	NHU	1974	0	0	0	
PANORAMA HILLS	PANORAMA HILLS	PAN	1977	0	0	0	
CAMBRIAN HEIGHTS	CAMBRIAN HEIGHTS	CAM	2016	2,107	874	2.41	
SPRINGBANK HILL	SPRINGBANK HILL	SPH	1987	0	0	0	
ROCKY RIDGE	ROCKY RIDGE	ROC	2000	1,856	670	2.77	
CEDARBRAE	CEDARBRAE	CED	1986	6,430	2,106	3.05	
ERLTON	ERLTON	ERL	2015	1,280	680	1.88	
HILLHURST	HILLHURST	HIL	1974	5,203	2,312	2.25	
KINGSLAND	KINGSLAND	KIN	1990	4,275	2,109	2.03	
SIGNAL HILL	SIGNAL HILL	SIG	1987	191	60	3.18	
SHAGANAPPI	SHAGANAPPI	SHG	1982	1,829	804	2.27	
ACADIA	ACADIA	ACA	1981	11,592	3,838	3.02	
HIGHWOOD	HIGHWOOD	HIW	2006	2,152	939	2.29	
GARRISON GREEN	GARRISON GREEN	GAG	2004	483	176	2.74	At this time community was referred to as CFB - LINCOLN PARK PMQ (CFL)
ARBOUR LAKE	ARBOUR LAKE	ARB	1983	0	0	0	
WILDWOOD	WILDWOOD	WLD	1998	2,727	1,040	2.62	
HIDDEN VALLEY	HIDDEN VALLEY	HID	1976	0	0	0	
PATTERSON	PATTERSON	PAT	1974	132	37	3.57	
WESTGATE	WESTGATE	WGT	1994	3,464	1,311	2.64	
RAMSAY	RAMSAY	RAM	2014	2,157	1,049	2.06	
HUNTINGTON HILLS	HUNTINGTON HILLS	HUN	1968	424	106	4	
LOWER MOUNT ROYAL	LOWER MOUNT ROYAL	LMR	2000	3,059	2,052	1.49	
BEL-AIRE	BEL-AIRE	BEL	2008	453	148	3.06	
MCKENZIE LAKE	MCKENZIE LAKE	MCK	2001	14,881	4,504	3.3	
COUNTRY HILLS VILLAGE	COUNTRY HILLS VILLAGE	CHV	1994	0	0	0	
ROCKY RIDGE	ROCKY RIDGE	ROC	1969	0	0	0	
KINCORA	KINCORA	KCA	1983	0	0	0	
GREENWOOD/GREENBRIAR	GREENWOOD/GREENBRIAR	GRE	1971	0	0	0	
PINERIDGE	PINERIDGE	PIN	1984	9,898	3,182	3.11	
SILVERADO	SILVERADO	SVO	2006	26	12	2.17	
KELVIN GROVE	KELVIN GROVE	KEL	2014	2,385	878	2.72	
ERLTON	ERLTON	ERL	1971	951	344	2.76	
CITADEL	CITADEL	CIT	2007	10,205	3,447	2.96	
MANCHESTER	MANCHESTER	MAN	1995	273	165	1.65	
NORTH HAVEN	NORTH HAVEN	NHV	2014	2,434	973	2.5	
LAKEVIEW	LAKEVIEW	LKV	1970	8,022	1,835	4.37	
TUSCANY	TUSCANY	TUS	2001	5,291	1,938	2.73	
CHINOOK PARK	CHINOOK PARK	CHK	1984	1,830	561	3.26	
COUGAR RIDGE	COUGAR RIDGE	CGR	1974	0	0	0	
NOLAN HILL	NOLAN HILL	NOL	1983	0	0	0	
CHINATOWN	CHINATOWN	CHN	1994	1,284	723	1.78	
CORAL SPRINGS	CORAL SPRINGS	COR	2015	5,853	1,518	3.86	
RENFREW	RENFREW	REN	1971	7,507	2,428	3.09	
RAMSAY	RAMSAY	RAM	1986	2,258	1,025	2.2	
BEDDINGTON HEIGHTS	BEDDINGTON HEIGHTS	BED	1974	0	0	0	
CHINATOWN	CHINATOWN	CHN	1978	217	83	2.61	
ROCKY RIDGE	ROCKY RIDGE	ROC	2008	6,732	2,653	2.54	
SILVER SPRINGS	SILVER SPRINGS	SIL	1975	3,696	1,150	3.21	
CRESCENT HEIGHTS	CRESCENT HEIGHTS	CRE	2003	5,801	3,274	1.77	
FALCONRIDGE	FALCONRIDGE	FAL	2013	10,744	3,337	3.22	
MARLBOROUGH PARK	MARLBOROUGH PARK	MPK	1992	9,226	2,753	3.35	
QUEENSLAND	QUEENSLAND	QLD	1974	144	44	3.27	
FALCONRIDGE	FALCONRIDGE	FAL	1971	0	0	0	
QUEENSLAND	QUEENSLAND	QLD	2005	5,184	1,830	2.83	
PARKLAND	PARKLAND	PKL	1997	4,395	1,353	3.25	
MCKENZIE TOWNE	MCKENZIE TOWNE	MCT	1975	0	0	0	
SCARBORO	SCARBORO	SCA	2014	919	323	2.85	
BELVEDERE	BELVEDERE	BVD	1971	0	0	0	
NOLAN HILL	NOLAN HILL	NOL	1994	0	0	0	
BELVEDERE	BELVEDERE	BVD	2007	0	0	0	
WEST SPRINGS	WEST SPRINGS	WSP	1990	0	0	0	
LOWER MOUNT ROYAL	LOWER MOUNT ROYAL	LMR	1976	3,181	1,891	1.68	
PARKDALE	PARKDALE	PKD	1986	1,824	809	2.25	
LEGACY	LEGACY	LEG	2017	3,919	1,542	2.54	
CAPITOL HILL	CAPITOL HILL	CAP	2002	4,067	2,046	1.99	
ABBEYDALE	ABBEYDALE	ABB	2006	6,012	1,932	3.11	
SOUTHVIEW	SOUTHVIEW	SOV	1970	3,464	824	4.2	
MCKENZIE LAKE	MCKENZIE LAKE	MCK	2003	15,028	4,592	3.27	
CHARLESWOOD/COLLINGWOOD	CHARLESWOOD		1971	9,447	2,345	4.03	Data from community of Triwood
MCKENZIE LAKE	MCKENZIE LAKE	MCK	1988	1,976	633	3.12	
PATTERSON	PATTERSON	PAT	1993	1,579	750	2.11	
CAPITOL HILL	CAPITOL HILL	CAP	2007	3,939	1,999	1.97	
SHAWNEE SLOPES	SHAWNEE SLOPES	SHS	1969	58	14	4.14	
BRIDGELAND/RIVERSIDE	BRIDGELAND/RIVERSIDE	BRD	2007	4,974	2,433	2.04	
WHITEHORN	WHITEHORN	WHI	1998	12,318	3,388	3.64	
KINCORA	KINCORA	KCA	2010	4,006	1,238	3.24	
RANCHLANDS	RANCHLANDS	RAN	1979	2,844	1,030	2.76	
DOWNTOWN COMMERCIAL CORE	DOWNTOWN COMMERCIAL CORE	DNC	2014	8,999	5,247	1.72	
SANDSTONE VALLEY	SANDSTONE VALLEY	SAN	1979	0	0	0	
EAGLE RIDGE	EAGLE RIDGE	EAG	1980	578	105	5.5	
LOWER MOUNT ROYAL	LOWER MOUNT ROYAL	LMR	1970	3,594	1,748	2.06	
CHAPARRAL	CHAPARRAL	CHA	2005	7,130	2,320	3.07	
WOODBINE	WOODBINE	WBN	1985	6,883	2,148	3.2	
ERIN WOODS	ERIN WOODS	ERI	2002	7,099	2,220	3.2	
POINT MCKAY	POINT MCKAY	POI	2015	1,334	803	1.66	
BOWNESS	BOWNESS	BOW	2016	11,010	4,938	2.23	
SOUTHVIEW	SOUTHVIEW	SOV	1982	2,726	879	3.1	
BAYVIEW	BAYVIEW	BYV	1998	710	245	2.9	
MIDNAPORE	MIDNAPORE	MID	1973	330	75	4.4	
SOUTHWOOD	SOUTHWOOD	SOW	1992	6,819	2,549	2.68	
MONTEREY PARK	MONTEREY PARK	MOR	1991	2,153	667	3.23	
MOUNT PLEASANT	MOUNT PLEASANT	MOP	2012	4,851	2,321	2.09	
ELBOYA	ELBOYA	EYA	1998	1,677	737	2.28	
UNIVERSITY OF CALGARY	UNIVERSITY OF CALGARY	UOC	2004	2,221	621	3.58	
RIDEAU PARK	RIDEAU PARK	RID	1990	637	332	1.92	
SCARBORO/SUNALTA WEST	SCARBORO	SSW	1974	514	164	3.13	
WEST HILLHURST	WEST HILLHURST	WHL	1990	4,992	2,431	2.05	
ELBOYA	ELBOYA	EYA	1974	1,613	553	2.92	
UPPER MOUNT ROYAL	UPPER MOUNT ROYAL	UMR	2010	2,533	988	2.56	
MARLBOROUGH PARK	MARLBOROUGH PARK	MPK	1989	9,414	2,754	3.42	
COPPERFIELD	COPPERFIELD	CPF	1996	0	0	0	
GREENWOOD/GREENBRIAR	GREENWOOD/GREENBRIAR	GRE	1969	0	0	0	
CITYSCAPE	CITYSCAPE	CSC	2011	0	0	0	
RIDEAU PARK	RIDEAU PARK	RID	1993	653	335	1.95	
DALHOUSIE	DALHOUSIE	DAL	2012	9,085	3,653	2.49	
LOWER MOUNT ROYAL	LOWER MOUNT ROYAL	LMR	1993	2,985	1,965	1.52	
SCENIC ACRES	SCENIC ACRES	SCE	1977	0	0	0	
HAMPTONS	HAMPTONS	HAM	1980	0	0	0	
SCARBORO/SUNALTA WEST	SCARBORO	SSW	1995	417	162	2.57	
ACADIA	ACADIA	ACA	1983	11,493	4,049	2.84	
HIGHWOOD	HIGHWOOD	HIW	1968	3,358	825	4.07	
ROYAL OAK	ROYAL OAK	ROY	1987	15	7	2.14	
SCENIC ACRES	SCENIC ACRES	SCE	1983	617	156	3.96	
PANORAMA HILLS	PANORAMA HILLS	PAN	2000	1,490	456	3.27	
BELVEDERE	BELVEDERE	BVD	1987	0	0	0	
MAYFAIR	MAYFAIR	MAF	2000	562	183	3.07	
MARLBOROUGH PARK	MARLBOROUGH PARK	MPK	1971	0	0	0	
HIDDEN VALLEY	HIDDEN VALLEY	HID	2016	11,869	3,828	3.1	
AUBURN BAY	AUBURN BAY	AUB	1974	0	0	0	
CANYON MEADOWS	CANYON MEADOWS	CAN	2012	7,787	3,110	2.5	
SOUTHVIEW	SOUTHVIEW	SOV	1985	2,338	816	2.87	
CAMBRIAN HEIGHTS	CAMBRIAN HEIGHTS	CAM	1971	3,175	857	3.7	
OGDEN	OGDEN	OGD	1994	10,338	3,732	2.77	
ELBOYA	ELBOYA	EYA	1986	1,650	738	2.24	
OAKRIDGE	OAKRIDGE	OAK	1987	7,140	2,203	3.24	
ERIN WOODS	ERIN WOODS	ERI	2009	6,972	2,370	2.94	
SHAWNESSY	SHAWNESSY	SHN	1968	0	0	0	
MARLBOROUGH PARK	MARLBOROUGH PARK	MPK	1977	6,022	1,728	3.48	
CHAPARRAL	CHAPARRAL	CHA	1986	0	0	0	
MONTEREY PARK	MONTEREY PARK	MOR	2007	10,477	3,033	3.45	
MIDNAPORE	MIDNAPORE	MID	1991	7,619	2,482	3.07	
LAKEVIEW	LAKEVIEW	LKV	1990	5,942	2,310	2.57	
UNIVERSITY DISTRICT	UNIVERSITY DISTRICT	UND	1974	0	0	0	
EDGEMONT	EDGEMONT	EDG	1976	0	0	0	
RUTLAND PARK	RUTLAND PARK	RUT	2007	2,322	963	2.41	
FOREST HEIGHTS	FOREST HEIGHTS	FHT	1972	3,927	861	4.56	
VALLEY RIDGE	VALLEY RIDGE	VAL	2009	4,979	1,690	2.95	
DALHOUSIE	DALHOUSIE	DAL	1988	10,201	3,689	2.77	
DISCOVERY RIDGE	DISCOVERY RIDGE	DIS	1991	0	0	0	
WEST HILLHURST	WEST HILLHURST	WHL	2003	5,472	2,580	2.12	
DOVER	DOVER	DOV	1991	11,535	3,643	3.17	
UNIVERSITY HEIGHTS	UNIVERSITY HEIGHTS	UNI	2017	2,751	1,244	2.21	
BELVEDERE	BELVEDERE	BVD	2008	0	0	0	
SADDLE RIDGE	SADDLE RIDGE	SAD	2008	10,984	2,917	3.77	
EAGLE RIDGE	EAGLE RIDGE	EAG	2008	260	99	2.63	
QUEENSLAND	QUEENSLAND	QLD	1977	3,453	958	3.6	
SETON	SETON	SET	2012	0	0	0	
NORTH GLENMORE PARK	NORTH GLENMORE PARK	NGM	1990	2,568	984	2.61	
MCKENZIE LAKE	MCKENZIE LAKE	MCK	2008	14,697	4,594	3.2	
RENFREW	RENFREW	REN	1988	5,561	2,653	2.1	
HIGHWOOD	HIGHWOOD	HIW	1997	2,155	903	2.39	
WOODLANDS	WOODLANDS	WOO	2013	6,227	2,353	2.65	
GLENBROOK	GLENBROOK	GBK	2016	7,189	3,094	2.32	
SOUTH CALGARY	SOUTH CALGARY	SOC	1997	3,312	1,737	1.91	
ROSEMONT	ROSEMONT	RMT	1976	1,532	508	3.02	
SOMERSET	SOMERSET	SOM	1992	0	0	0	
SOUTHVIEW	SOUTHVIEW	SOV	1999	2,246	860	2.61	
HAMPTONS	HAMPTONS	HAM	1981	0	0	0	
HUNTINGTON HILLS	HUNTINGTON HILLS	HUN	2010	13,411	5,302	2.53	
ERIN WOODS	ERIN WOODS	ERI	1999	6,987	2,160	3.23	
PINERIDGE	PINERIDGE	PIN	1997	10,145	3,382	3	
LAKEVIEW	LAKEVIEW	LKV	2001	5,796	2,302	2.52	
OAKRIDGE	OAKRIDGE	OAK	2011	5,719	2,240	2.55	
FOREST LAWN	FOREST LAWN	FLN	2016	7,711	2,991	2.58	
RAMSAY	RAMSAY	RAM	2001	2,053	1,011	2.03	
KILLARNEY/GLENGARRY	KILLARNEY/GLENGARRY	KIL	2010	6,613	3,253	2.03	
PANORAMA HILLS	PANORAMA HILLS	PAN	2003	5,295	1,577	3.36	
SPRUCE CLIFF	SPRUCE CLIFF	SPR	1971	3,628	1,118	3.25	
SCENIC ACRES	SCENIC ACRES	SCE	1993	5,586	1,639	3.41	
MAHOGANY	MAHOGANY	MAH	1983	0	0	0	
SCARBORO	SCARBORO	SCA	2017	915	320	2.86	
CORNERSTONE	CORNERSTONE	CNS	1994	0	0	0	
LAKEVIEW	LAKEVIEW	LKV	1976	7,797	2,155	3.62	
CAMBRIAN HEIGHTS	CAMBRIAN HEIGHTS	CAM	1973	3,048	857	3.56	
COUNTRY HILLS VILLAGE	COUNTRY HILLS VILLAGE	CHV	2017	2,596	1,298	2	
TUSCANY	TUSCANY	TUS	1989	0	0	0	
DEER RUN	DEER RUN	DRN	1991	6,568	2,055	3.2	
COUNTRY HILLS	COUNTRY HILLS	COU	2011	3,720	1,419	2.62	
PALLISER	PALLISER	PAL	2014	3,437	1,662	2.07	
HARVEST HILLS	HARVEST HILLS	HAR	1990	0	0	0	
PATTERSON	PATTERSON	PAT	1979	40	15	2.67	
KINCORA	KINCORA	KCA	1985	0	0	0	
OGDEN	OGDEN	OGD	2017	8,558	3,658	2.34	
LINCOLN PARK	LINCOLN PARK	LPK	1986	337	167	2.02	
SOUTHVIEW	SOUTHVIEW	SOV	2012	1,900	808	2.35	
SOUTH CALGARY	SOUTH CALGARY	SOC	2014	3,959	2,116	1.87	
LAKE BONAVISTA	LAKE BONAVISTA	LKB	1998	10,966	3,414	3.21	
TUXEDO PARK	TUXEDO PARK	TUX	2009	4,594	2,328	1.97	
KILLARNEY/GLENGARRY	KILLARNEY/GLENGARRY	KIL	1980	5,709	2,417	2.36	
NORTH HAVEN UPPER	NORTH HAVEN UPPER	NHU	1997	734	245	3	
LOWER MOUNT ROYAL	LOWER MOUNT ROYAL	LMR	2014	3,319	2,216	1.5	
GARRISON GREEN	GARRISON GREEN	GAG	1970	970	226	4.29	
SHAGANAPPI	SHAGANAPPI	SHG	2016	1,560	687	2.27	
TEMPLE	TEMPLE	TEM	1987	11,349	3,310	3.43	
SCARBORO/SUNALTA WEST	SCARBORO	SSW	1996	399	164	2.43	
RIDEAU PARK	RIDEAU PARK	RID	1976	579	310	1.87	
MAHOGANY	MAHOGANY	MAH	2011	788	263	3	
STRATHCONA PARK	STRATHCONA PARK	STR	1992	5,043	1,617	3.12	
ROXBORO	ROXBORO	ROX	1984	450	162	2.78	
BRAESIDE	BRAESIDE	BRA	1979	7,060	2,237	3.16	
RUTLAND PARK	RUTLAND PARK	RUT	2010	2,228	940	2.37	
HIDDEN VALLEY	HIDDEN VALLEY	HID	1984	0	0	0	
DEER RIDGE	DEER RIDGE	DRG	1991	4,511	1,365	3.3	
ROCKY RIDGE	ROCKY RIDGE	ROC	1983	0	0	0	
SUNDANCE	SUNDANCE	SDC	1989	5,818	1,667	3.49	
MAPLE RIDGE	MAPLE RIDGE	MPL	1969	2,917	680	4.29	
DEER RUN	DEER RUN	DRN	2001	6,349	2,084	3.05	
MAYLAND HEIGHTS	MAYLAND HEIGHTS	MAL	2011	5,835	2,620	2.23	
SAGE HILL	SAGE HILL	SGH	1976	0	0	0	
INGLEWOOD	INGLEWOOD	ING	2000	2,868	1,431	2	
BANKVIEW	BANKVIEW	BNK	1991	5,097	3,038	1.68	
SADDLE RIDGE	SADDLE RIDGE	SAD	2010	12,961	3,299	3.93	
MARLBOROUGH	MARLBOROUGH	MRL	1994	9,237	2,974	3.11	
SIGNAL HILL	SIGNAL HILL	SIG	2007	13,874	5,157	2.69	
CASTLERIDGE	CASTLERIDGE	CAS	1984	4,888	1,517	3.22	
WOODLANDS	WOODLANDS	WOO	1970	72	8	9	
MONTEREY PARK	MONTEREY PARK	MOR	2004	10,498	3,024	3.47	
MACEWAN GLEN	MACEWAN GLEN	MAC	1992	4,132	1,304	3.17	
HIDDEN VALLEY	HIDDEN VALLEY	HID	2002	10,684	3,446	3.1	
ARBOUR LAKE	ARBOUR LAKE	ARB	1998	5,026	1,871	2.69	
ABBEYDALE	ABBEYDALE	ABB	2004	6,200	1,925	3.22	
WEST SPRINGS	WEST SPRINGS	WSP	1999	252	87	2.9	
COACH HILL	COACH HILL	COA	2003	3,304	1,441	2.29	
BONAVISTA DOWNS	BONAVISTA DOWNS	BDO	2001	1,073	367	2.92	
MCKENZIE LAKE	MCKENZIE LAKE	MCK	2002	15,047	4,562	3.3	
ELBOYA	ELBOYA	EYA	1999	1,676	739	2.27	
SHAWNESSY	SHAWNESSY	SHN	1975	0	0	0	
KINCORA	KINCORA	KCA	1991	0	0	0	
ROSSCARROCK	ROSSCARROCK	RCK	2013	3,317	1,479	2.24	
MONTGOMERY	MONTGOMERY	MON	2015	4,246	1,760	2.41	
COUNTRY HILLS	COUNTRY HILLS	COU	1991	29	8	3.63	
MOUNT PLEASANT	MOUNT PLEASANT	MOP	2015	5,617	2,475	2.27	
MIDNAPORE	MIDNAPORE	MID	1980	4,285	1,332	3.22	
EVANSTON	EVANSTON	EVN	2009	4,599	1,476	3.12	
VARSITY	VARSITY	VAR	1977	11,646	3,432	3.39	
GARRISON GREEN	GARRISON GREEN	GAG	1988	667	202	3.3	
BRITANNIA	BRITANNIA	BRT	1968	1,187	318	3.73	
CHAPARRAL	CHAPARRAL	CHA	1977	0	0	0	
THORNCLIFFE	THORNCLIFFE	THO	1977	11,379	3,487	3.26	
MCKENZIE LAKE	MCKENZIE LAKE	MCK	2012	14,050	4,593	3.06	
RANCHLANDS	RANCHLANDS	RAN	1992	8,696	2,869	3.03	
BANKVIEW	BANKVIEW	BNK	2008	5,279	3,266	1.62	
ST. ANDREWS HEIGHTS	ST. ANDREWS HEIGHTS	STA	1979	2,162	676	3.2	
PENBROOKE MEADOWS	PENBROOKE MEADOWS	PEN	2012	8,547	3,030	2.82	
COVENTRY HILLS	COVENTRY HILLS	COV	1998	3,580	1,241	2.88	
BRIDLEWOOD	BRIDLEWOOD	BRI	1971	0	0	0	
PATTERSON	PATTERSON	PAT	1975	129	37	3.49	
ROYAL OAK	ROYAL OAK	ROY	2002	1,335	452	2.95	
SUNALTA	SUNALTA	SNA	1988	3,042	1,889	1.61	
UNIVERSITY DISTRICT	UNIVERSITY DISTRICT	UND	1975	0	0	0	
BEL-AIRE	BEL-AIRE	BEL	1997	490	155	3.16	
ABBEYDALE	ABBEYDALE	ABB	1988	6,572	1,845	3.56	
ROSSCARROCK	ROSSCARROCK	RCK	1984	3,300	1,376	2.4	
NEW BRIGHTON	NEW BRIGHTON	NEB	2007	2,680	940	2.85	
HAMPTONS	HAMPTONS	HAM	2004	7,906	2,337	3.38	
NORTH HAVEN UPPER	NORTH HAVEN UPPER	NHU	2010	628	242	2.6	
NORTH GLENMORE PARK	NORTH GLENMORE PARK	NGM	1976	3,372	934	3.61	
RUTLAND PARK	RUTLAND PARK	RUT	2000	2,359	957	2.46	
MIDNAPORE	MIDNAPORE	MID	1975	303	72	4.21	
SKYVIEW RANCH	SKYVIEW RANCH	SKR	1975	0	0	0	
UNIVERSITY OF CALGARY	UNIVERSITY OF CALGARY	UOC	2009	2,137	599	3.57	
ALBERT PARK/RADISSON HEIGHTS	ALBERT PARK/RADISSON HEIGHTS	ALB	2003	6,332	2,445	2.59	
ROSEMONT	ROSEMONT	RMT	1981	1,405	521	2.7	
CANYON MEADOWS	CANYON MEADOWS	CAN	1983	8,105	2,435	3.33	
ASPEN WOODS	ASPEN WOODS	ASP	1998	152	51	2.98	
MAPLE RIDGE	MAPLE RIDGE	MPL	1992	2,373	805	2.95	
MARLBOROUGH	MARLBOROUGH	MRL	1984	9,450	2,801	3.37	
KELVIN GROVE	KELVIN GROVE	KEL	1995	2,166	857	2.53	
BOWNESS	BOWNESS	BOW	2010	10,733	4,914	2.18	
COUNTRY HILLS	COUNTRY HILLS	COU	1969	0	0	0	
BRAESIDE	BRAESIDE	BRA	1970	1,513	367	4.12	
MARLBOROUGH	MARLBOROUGH	MRL	2017	9,226	3,092	2.98	
BANFF TRAIL	BANFF TRAIL	BNF	1996	3,370	1,579	2.13	
GARRISON GREEN	GARRISON GREEN	GAG	2010	1,606	692	2.32	At this time community was referred to as CFB - LINCOLN PARK PMQ (CFL)
VALLEY RIDGE	VALLEY RIDGE	VAL	1994	420	143	2.94	
STRATHCONA PARK	STRATHCONA PARK	STR	1988	4,311	1,440	2.99	
LAKE BONAVISTA	LAKE BONAVISTA	LKB	1982	13,211	3,625	3.64	
VISTA HEIGHTS	VISTA HEIGHTS	VIS	1993	2,390	717	3.33	
DEER RUN	DEER RUN	DRN	2010	5,410	2,036	2.66	
NOLAN HILL	NOLAN HILL	NOL	2009	0	0	0	
THORNCLIFFE	THORNCLIFFE	THO	2002	9,198	3,652	2.52	
OAKRIDGE	OAKRIDGE	OAK	1972	1,889	522	3.62	
FOREST HEIGHTS	FOREST HEIGHTS	FHT	2008	6,147	2,129	2.89	
SETON	SETON	SET	1984	0	0	0	
PARKDALE	PARKDALE	PKD	1976	2,044	730	2.8	
DOWNTOWN COMMERCIAL CORE	DOWNTOWN COMMERCIAL CORE	DNC	2011	8,071	4,716	1.71	
TUXEDO PARK	TUXEDO PARK	TUX	1978	4,009	1,807	2.22	
SILVER SPRINGS	SILVER SPRINGS	SIL	1987	10,253	3,240	3.16	
HILLHURST	HILLHURST	HIL	1970	5,004	1,880	2.66	
TARADALE	TARADALE	TAR	1999	1,918	623	3.08	
MAPLE RIDGE	MAPLE RIDGE	MPL	2011	1,978	796	2.48	
FOREST HEIGHTS	FOREST HEIGHTS	FHT	2003	6,631	2,070	3.2	
RANCHLANDS	RANCHLANDS	RAN	2001	8,091	2,909	2.78	
MCKENZIE LAKE	MCKENZIE LAKE	MCK	2004	14,951	4,568	3.27	
HARVEST HILLS	HARVEST HILLS	HAR	2003	7,438	2,534	2.94	
HARVEST HILLS	HARVEST HILLS	HAR	1973	0	0	0	
SOMERSET	SOMERSET	SOM	2005	8,305	3,070	2.71	
CORNERSTONE	CORNERSTONE	CNS	2005	0	0	0	
ROSEMONT	ROSEMONT	RMT	2015	1,276	534	2.39	
WEST SPRINGS	WEST SPRINGS	WSP	1973	0	0	0	
HIDDEN VALLEY	HIDDEN VALLEY	HID	1970	0	0	0	
HAMPTONS	HAMPTONS	HAM	1982	0	0	0	
MARTINDALE	MARTINDALE	MRT	2014	14,761	3,950	3.74	
GREENVIEW	GREENVIEW	GRV	1978	1,238	410	3.02	
RUTLAND PARK	RUTLAND PARK	RUT	1994	2,513	945	2.66	
ERIN WOODS	ERIN WOODS	ERI	1989	3,975	1,142	3.48	
STRATHCONA PARK	STRATHCONA PARK	STR	1993	5,033	1,617	3.11	
MANCHESTER	MANCHESTER	MAN	1989	276	167	1.65	
NORTH HAVEN	NORTH HAVEN	NHV	1993	2,542	945	2.69	
SHAWNESSY	SHAWNESSY	SHN	2009	9,446	3,251	2.91	
CHAPARRAL	CHAPARRAL	CHA	2000	3,447	1,159	2.97	
THORNCLIFFE	THORNCLIFFE	THO	1986	9,813	3,589	2.73	
WALDEN	WALDEN	WAL	2013	1,624	529	3.07	
CEDARBRAE	CEDARBRAE	CED	1969	64	17	3.76	
BANKVIEW	BANKVIEW	BNK	1971	5,138	2,155	2.38	
RED CARPET	RED CARPET	RED	1985	1,100	420	2.62	
BRIDLEWOOD	BRIDLEWOOD	BRI	1979	12	3	4	
ERLTON	ERLTON	ERL	1996	490	244	2.01	
SOUTHVIEW	SOUTHVIEW	SOV	1990	2,336	850	2.75	
NORTH GLENMORE PARK	NORTH GLENMORE PARK	NGM	1982	2,941	950	3.1	
SPRINGBANK HILL	SPRINGBANK HILL	SPH	2007	6,105	2,054	2.97	
COUNTRY HILLS VILLAGE	COUNTRY HILLS VILLAGE	CHV	1974	0	0	0	
PUMP HILL	PUMP HILL	PUM	1978	750	153	4.9	
COUNTRY HILLS VILLAGE	COUNTRY HILLS VILLAGE	CHV	1991	0	0	0	
CEDARBRAE	CEDARBRAE	CED	1977	2,521	723	3.49	
DALHOUSIE	DALHOUSIE	DAL	1974	6,636	1,828	3.63	
DOUGLASDALE/GLEN	DOUGLASDALE/GLEN	DDG	2013	12,149	4,142	2.93	
WILDWOOD	WILDWOOD	WLD	2005	2,594	1,040	2.49	
MEADOWLARK PARK	MEADOWLARK PARK	MEA	2017	665	265	2.51	
WHITEHORN	WHITEHORN	WHI	2007	11,677	3,452	3.38	
WILDWOOD	WILDWOOD	WLD	1999	2,706	1,033	2.62	
WEST HILLHURST	WEST HILLHURST	WHL	1981	5,245	2,321	2.26	
WOODBINE	WOODBINE	WBN	2010	9,378	3,314	2.83	
SUNALTA	SUNALTA	SNA	1974	2,784	1,375	2.02	
SAGE HILL	SAGE HILL	SGH	2006	65	21	3.1	
SADDLE RIDGE	SADDLE RIDGE	SAD	1974	290	70	4.14	
NORTH HAVEN UPPER	NORTH HAVEN UPPER	NHU	1971	0	0	0	
PARKHILL	PARKHILL	PKH	1978	1,281	555	2.31	
MIDNAPORE	MIDNAPORE	MID	2005	7,213	2,579	2.8	
BRITANNIA	BRITANNIA	BRT	1995	766	310	2.47	
SHERWOOD	SHERWOOD	SHW	1968	0	0	0	
GARRISON WOODS	GARRISON WOODS	GAW	2014	0	0	0	
PINERIDGE	PINERIDGE	PIN	2004	9,862	3,593	2.74	
HIDDEN VALLEY	HIDDEN VALLEY	HID	2010	11,780	3,811	3.09	
HOUNSFIELD HEIGHTS/BRIAR HILL	HOUNSFIELD HEIGHTS/BRIAR HILL	HOU	1988	2,677	941	2.84	
GLENDALE	GLENDALE	GDL	2005	2,691	1,083	2.48	
MILLRISE	MILLRISE	MLR	1999	4,674	1,557	3	
PENBROOKE MEADOWS	PENBROOKE MEADOWS	PEN	2017	8,324	2,990	2.78	
ELBOW PARK	ELBOW PARK	EPK	1996	3,425	1,183	2.9	
CHRISTIE PARK	CHRISTIE PARK	CHR	1987	26	9	2.89	
CITADEL	CITADEL	CIT	2009	10,212	3,433	2.97	
COUNTRY HILLS	COUNTRY HILLS	COU	1990	0	0	0	
APPLEWOOD PARK	APPLEWOOD PARK	APP	1998	4,419	1,251	3.53	
WHITEHORN	WHITEHORN	WHI	1982	8,707	2,605	3.34	
VARSITY	VARSITY	VAR	1973	9,165	2,457	3.73	
VALLEY RIDGE	VALLEY RIDGE	VAL	2013	5,312	1,769	3	
LAKEVIEW	LAKEVIEW	LKV	2015	5,451	2,280	2.39	
BELTLINE	BELTLINE	BLN	1988	15,562	9,936	1.57	Combined communities of CONNAUGHT (CON) and VICTORIA PARK (VIC)
CORNERSTONE	CORNERSTONE	CNS	2015	0	0	0	
INGLEWOOD	INGLEWOOD	ING	2012	3,564	1,941	1.84	
BRENTWOOD	BRENTWOOD	BRE	1985	6,820	2,444	2.79	
GLENBROOK	GLENBROOK	GBK	2010	6,755	3,033	2.23	
KILLARNEY/GLENGARRY	KILLARNEY/GLENGARRY	KIL	1975	6,357	2,410	2.64	
ARBOUR LAKE	ARBOUR LAKE	ARB	1975	0	0	0	
TUSCANY	TUSCANY	TUS	1987	0	0	0	
SHAWNESSY	SHAWNESSY	SHN	1973	0	0	0	
SKYVIEW RANCH	SKYVIEW RANCH	SKR	1995	0	0	0	
LOWER MOUNT ROYAL	LOWER MOUNT ROYAL	LMR	1968	3,158	1,546	2.04	
EDGEMONT	EDGEMONT	EDG	1986	7,480	2,241	3.34	
COUGAR RIDGE	COUGAR RIDGE	CGR	1987	0	0	0	
SCENIC ACRES	SCENIC ACRES	SCE	1974	0	0	0	
SKYVIEW RANCH	SKYVIEW RANCH	SKR	1982	0	0	0	
BANFF TRAIL	BANFF TRAIL	BNF	1985	3,329	1,519	2.19	
APPLEWOOD PARK	APPLEWOOD PARK	APP	1970	0	0	0	
PENBROOKE MEADOWS	PENBROOKE MEADOWS	PEN	2011	8,188	2,907	2.82	
OAKRIDGE	OAKRIDGE	OAK	1978	5,870	1,675	3.5	
BRIDGELAND/RIVERSIDE	BRIDGELAND/RIVERSIDE	BRD	1980	4,942	2,212	2.23	
CRESTMONT	CRESTMONT	CRM	2011	1,430	437	3.27	
RUNDLE	RUNDLE	RUN	1973	0	0	0	
MCKENZIE TOWNE	MCKENZIE TOWNE	MCT	2004	6,936	2,708	2.56	
ROCKY RIDGE	ROCKY RIDGE	ROC	2017	8,381	3,038	2.76	
CRESTMONT	CRESTMONT	CRM	1999	0	0	0	
SHERWOOD	SHERWOOD	SHW	2001	0	0	0	
TUSCANY	TUSCANY	TUS	1991	19	6	3.17	
HAMPTONS	HAMPTONS	HAM	1996	2,616	769	3.4	
PENBROOKE MEADOWS	PENBROOKE MEADOWS	PEN	1977	8,842	2,347	3.77	
RUNDLE	RUNDLE	RUN	2007	11,230	3,606	3.11	
BRAESIDE	BRAESIDE	BRA	1989	7,135	2,455	2.91	
BANKVIEW	BANKVIEW	BNK	1985	4,778	2,874	1.66	
UNIVERSITY HEIGHTS	UNIVERSITY HEIGHTS	UNI	1971	2,754	751	3.67	
COPPERFIELD	COPPERFIELD	CPF	1973	0	0	0	
WESTGATE	WESTGATE	WGT	1987	3,554	1,313	2.71	
ROSEMONT	ROSEMONT	RMT	1985	1,272	513	2.48	
BELTLINE	BELTLINE	BLN	1981	13,896	8,382	1.66	Combined communities of CONNAUGHT (CON) and VICTORIA PARK (VIC)
SPRUCE CLIFF	SPRUCE CLIFF	SPR	2014	4,488	2,209	2.03	
COVENTRY HILLS	COVENTRY HILLS	COV	2009	15,688	5,190	3.02	
PARKHILL	PARKHILL	PKH	1977	1,417	590	2.4	
NORTH HAVEN	NORTH HAVEN	NHV	1999	2,508	941	2.67	
COPPERFIELD	COPPERFIELD	CPF	2009	5,609	2,046	2.74	
MIDNAPORE	MIDNAPORE	MID	2009	7,114	2,662	2.67	
KILLARNEY/GLENGARRY	KILLARNEY/GLENGARRY	KIL	2000	6,484	3,179	2.04	
CHINOOK PARK	CHINOOK PARK	CHK	1998	1,753	576	3.04	
BRAESIDE	BRAESIDE	BRA	1971	1,794	435	4.12	
RICHMOND	RICHMOND	RIC	1969	5,013	1,687	2.97	
ROXBORO	ROXBORO	ROX	1978	455	165	2.76	
MAHOGANY	MAHOGANY	MAH	1970	0	0	0	
DOWNTOWN COMMERCIAL CORE	DOWNTOWN COMMERCIAL CORE	DNC	1985	5,662	4,166	1.36	
COPPERFIELD	COPPERFIELD	CPF	1981	0	0	0	
SPRINGBANK HILL	SPRINGBANK HILL	SPH	2017	9,985	3,278	3.05	
NORTH HAVEN	NORTH HAVEN	NHV	1973	3,038	763	3.98	
MANCHESTER	MANCHESTER	MAN	1994	256	157	1.63	
DALHOUSIE	DALHOUSIE	DAL	1989	9,638	3,424	2.81	
COVENTRY HILLS	COVENTRY HILLS	COV	1989	0	0	0	
AUBURN BAY	AUBURN BAY	AUB	1994	0	0	0	
CRESTMONT	CRESTMONT	CRM	1992	0	0	0	
HIGHLAND PARK	HIGHLAND PARK	HPK	2014	3,965	1,942	2.04	
WESTGATE	WESTGATE	WGT	1999	3,422	1,337	2.56	
CASTLERIDGE	CASTLERIDGE	CAS	2005	6,095	1,805	3.38	
HOUNSFIELD HEIGHTS/BRIAR HILL	HOUNSFIELD HEIGHTS/BRIAR HILL	HOU	1978	2,914	884	3.3	
CLIFF BUNGALOW	CLIFF BUNGALOW	CLI	1982	2,219	1,193	1.86	
WOODLANDS	WOODLANDS	WOO	1982	4,521	1,392	3.25	
PALLISER	PALLISER	PAL	1970	1,749	506	3.46	
CANYON MEADOWS	CANYON MEADOWS	CAN	1980	8,159	2,444	3.34	
LEGACY	LEGACY	LEG	2003	0	0	0	
UNIVERSITY DISTRICT	UNIVERSITY DISTRICT	UND	1995	0	0	0	
EDGEMONT	EDGEMONT	EDG	1995	14,377	4,320	3.33	
FALCONRIDGE	FALCONRIDGE	FAL	1994	10,294	3,068	3.36	
HIDDEN VALLEY	HIDDEN VALLEY	HID	1978	0	0	0	
WILDWOOD	WILDWOOD	WLD	1989	2,714	1,043	2.6	
SCENIC ACRES	SCENIC ACRES	SCE	1975	0	0	0	
ROSSCARROCK	ROSSCARROCK	RCK	1995	3,221	1,394	2.31	
HAYSBORO	HAYSBORO	HAY	2002	6,275	2,835	2	
HAWKWOOD	HAWKWOOD	HAW	1981	168	51	3.29	
COUGAR RIDGE	COUGAR RIDGE	CGR	2014	6,702	2,086	3.21	
HARVEST HILLS	HARVEST HILLS	HAR	1999	6,529	2,291	2.85	
PALLISER	PALLISER	PAL	1982	3,222	1,302	2.47	
SUNDANCE	SUNDANCE	SDC	1976	0	0	0	
CRESTMONT	CRESTMONT	CRM	1986	0	0	0	
SPRINGBANK HILL	SPRINGBANK HILL	SPH	2009	7,839	2,627	2.98	
WINSTON HEIGHTS/MOUNTVIEW	WINSTON HEIGHTS/MOUNTVIEW	WIN	1996	3,767	1,615	2.33	
MAYFAIR	MAYFAIR	MAF	2010	472	151	3.13	
COACH HILL	COACH HILL	COA	2015	3,301	1,435	2.3	
ROSEDALE	ROSEDALE	RDL	1990	1,613	660	2.44	
HIDDEN VALLEY	HIDDEN VALLEY	HID	2017	11,708	3,828	3.06	
MOUNT PLEASANT	MOUNT PLEASANT	MOP	1977	4,941	2,087	2.37	
PARKHILL	PARKHILL	PKH	2013	1,613	780	2.07	
COACH HILL	COACH HILL	COA	1991	3,097	1,195	2.59	
BEL-AIRE	BEL-AIRE	BEL	1978	494	137	3.61	
LAKEVIEW	LAKEVIEW	LKV	2008	5,413	2,223	2.43	
UNIVERSITY OF CALGARY	UNIVERSITY OF CALGARY	UOC	1996	1,911	705	2.71	
WOODLANDS	WOODLANDS	WOO	1992	6,516	2,146	3.04	
ROSEMONT	ROSEMONT	RMT	2006	1,247	530	2.35	
UNIVERSITY DISTRICT	UNIVERSITY DISTRICT	UND	2009	0	0	0	
SHAWNESSY	SHAWNESSY	SHN	2016	9,411	3,235	2.91	
BRIDLEWOOD	BRIDLEWOOD	BRI	2005	6,892	2,443	2.82	
CHRISTIE PARK	CHRISTIE PARK	CHR	1988	25	10	2.5	
ALTADORE	ALTADORE	ALT	2004	7,534	3,602	2.09	
GLAMORGAN	GLAMORGAN	GLA	2015	6,432	2,893	2.22	
MACEWAN GLEN	MACEWAN GLEN	MAC	2000	5,658	1,757	3.22	
WINDSOR PARK	WINDSOR PARK	WND	2012	4,126	2,305	1.79	
RAMSAY	RAMSAY	RAM	1979	2,291	961	2.38	
CLIFF BUNGALOW	CLIFF BUNGALOW	CLI	1983	1,817	1,047	1.74	
MEADOWLARK PARK	MEADOWLARK PARK	MEA	1968	1,231	298	4.13	
MAPLE RIDGE	MAPLE RIDGE	MPL	2000	2,180	805	2.71	
MONTGOMERY	MONTGOMERY	MON	1997	3,903	1,555	2.51	
SHAGANAPPI	SHAGANAPPI	SHG	1972	1,975	698	2.83	
ELBOW PARK	ELBOW PARK	EPK	1972	3,784	1,172	3.23	
RENFREW	RENFREW	REN	2003	5,706	2,848	2	
ERLTON	ERLTON	ERL	2000	806	451	1.79	
ALTADORE	ALTADORE	ALT	1980	7,243	2,668	2.71	
DISCOVERY RIDGE	DISCOVERY RIDGE	DIS	1992	0	0	0	
DOUGLASDALE/GLEN	DOUGLASDALE/GLEN	DDG	1998	9,828	3,257	3.02	
GLAMORGAN	GLAMORGAN	GLA	1996	6,260	2,723	2.3	
DISCOVERY RIDGE	DISCOVERY RIDGE	DIS	2011	4,321	1,605	2.69	
BANFF TRAIL	BANFF TRAIL	BNF	1981	3,537	1,501	2.36	
FAIRVIEW	FAIRVIEW	FAI	2010	3,526	1,526	2.31	
OGDEN	OGDEN	OGD	1971	5,138	1,379	3.73	
SETON	SETON	SET	1987	0	0	0	
WOODLANDS	WOODLANDS	WOO	1973	67	3	22.33	
SANDSTONE VALLEY	SANDSTONE VALLEY	SAN	1981	0	0	0	
SETON	SETON	SET	2010	0	0	0	
GARRISON GREEN	GARRISON GREEN	GAG	2011	1,984	707	2.81	At this time community was referred to as CFB - LINCOLN PARK PMQ (CFL)
COACH HILL	COACH HILL	COA	1986	2,702	1,032	2.62	
ELBOYA	ELBOYA	EYA	2017	1,783	715	2.49	
HIGHWOOD	HIGHWOOD	HIW	2008	2,155	919	2.34	
CRESCENT HEIGHTS	CRESCENT HEIGHTS	CRE	2016	6,097	3,267	1.87	
SADDLE RIDGE	SADDLE RIDGE	SAD	1988	123	37	3.32	
SOUTHVIEW	SOUTHVIEW	SOV	1978	2,687	843	3.19	
RUTLAND PARK	RUTLAND PARK	RUT	2001	2,377	952	2.5	
CORAL SPRINGS	CORAL SPRINGS	COR	1992	205	49	4.18	
PENBROOKE MEADOWS	PENBROOKE MEADOWS	PEN	1997	9,428	2,796	3.37	
WOODBINE	WOODBINE	WBN	2001	10,688	3,333	3.21	
KILLARNEY/GLENGARRY	KILLARNEY/GLENGARRY	KIL	1974	6,576	2,399	2.74	
THORNCLIFFE	THORNCLIFFE	THO	2001	9,265	3,630	2.55	
WOODLANDS	WOODLANDS	WOO	2002	6,845	2,352	2.91	
WOODLANDS	WOODLANDS	WOO	2012	6,201	2,351	2.64	
AUBURN BAY	AUBURN BAY	AUB	2003	0	0	0	
ASPEN WOODS	ASPEN WOODS	ASP	1990	0	0	0	
ASPEN WOODS	ASPEN WOODS	ASP	2001	146	50	2.92	
NORTH HAVEN UPPER	NORTH HAVEN UPPER	NHU	1975	0	0	0	
HAYSBORO	HAYSBORO	HAY	2006	5,970	2,827	2	
ST. ANDREWS HEIGHTS	ST. ANDREWS HEIGHTS	STA	1981	2,246	745	3.01	
BANFF TRAIL	BANFF TRAIL	BNF	2007	3,738	1,655	2.26	
WINSTON HEIGHTS/MOUNTVIEW	WINSTON HEIGHTS/MOUNTVIEW	WIN	1972	4,652	1,506	3.09	
WHITEHORN	WHITEHORN	WHI	1981	7,565	2,249	3.36	
DISCOVERY RIDGE	DISCOVERY RIDGE	DIS	1997	20	6	3.33	
MARLBOROUGH	MARLBOROUGH	MRL	1968	97	27	3.59	
WESTGATE	WESTGATE	WGT	1989	3,524	1,326	2.66	
MAHOGANY	MAHOGANY	MAH	1976	0	0	0	
CHINOOK PARK	CHINOOK PARK	CHK	1988	1,787	582	3.07	
ROSSCARROCK	ROSSCARROCK	RCK	1988	3,411	1,445	2.36	
DISCOVERY RIDGE	DISCOVERY RIDGE	DIS	1974	0	0	0	
RENFREW	RENFREW	REN	1993	5,425	2,627	2.07	
DALHOUSIE	DALHOUSIE	DAL	2008	8,981	3,601	2.49	
BANFF TRAIL	BANFF TRAIL	BNF	1987	3,353	1,549	2.16	
MONTGOMERY	MONTGOMERY	MON	1996	3,910	1,568	2.49	
VALLEY RIDGE	VALLEY RIDGE	VAL	1977	0	0	0	
CHARLESWOOD/COLLINGWOOD	CHARLESWOOD		2013	5,805	2,374	2.45	Combined communities of CHARLESWOOD (CHW) and COLLINGWOOD (COL)
MILLRISE	MILLRISE	MLR	1987	2,113	674	3.14	
ABBEYDALE	ABBEYDALE	ABB	1985	5,947	1,737	3.42	
HIGHLAND PARK	HIGHLAND PARK	HPK	2012	3,792	1,933	1.96	
DOWNTOWN WEST END	DOWNTOWN WEST END	DNW	1988	448	300	1.49	
DISCOVERY RIDGE	DISCOVERY RIDGE	DIS	1993	0	0	0	
MEADOWLARK PARK	MEADOWLARK PARK	MEA	1971	1,129	296	3.81	
LEGACY	LEGACY	LEG	1983	0	0	0	
CRESCENT HEIGHTS	CRESCENT HEIGHTS	CRE	2001	5,758	3,279	1.76	
CITADEL	CITADEL	CIT	1981	0	0	0	
EVANSTON	EVANSTON	EVN	1995	20	6	3.33	
EVERGREEN	EVERGREEN	EVE	2005	8,281	2,961	2.8	
DOWNTOWN WEST END	DOWNTOWN WEST END	DNW	1994	435	282	1.54	
SOMERSET	SOMERSET	SOM	1974	0	0	0	
NORTH HAVEN UPPER	NORTH HAVEN UPPER	NHU	1980	866	243	3.56	
GREENWOOD/GREENBRIAR	GREENWOOD/GREENBRIAR	GRE	1986	1,036	457	2.27	
CRANSTON	CRANSTON	CRA	1984	0	0	0	
ROCKY RIDGE	ROCKY RIDGE	ROC	1974	0	0	0	
GLAMORGAN	GLAMORGAN	GLA	2005	6,361	2,889	2.2	
WALDEN	WALDEN	WAL	2015	3,076	980	3.14	
HAWKWOOD	HAWKWOOD	HAW	2002	11,011	3,308	3.33	
SUNNYSIDE	SUNNYSIDE	SSD	1982	3,949	2,169	1.82	
HAMPTONS	HAMPTONS	HAM	1984	0	0	0	
POINT MCKAY	POINT MCKAY	POI	1998	1,369	829	1.65	
RIVERBEND	RIVERBEND	RIV	2005	10,377	3,436	3.02	
DALHOUSIE	DALHOUSIE	DAL	1983	10,373	3,355	3.09	
DOVER	DOVER	DOV	2000	11,228	4,063	2.76	
VARSITY	VARSITY	VAR	2003	12,205	5,125	2.38	
MARLBOROUGH	MARLBOROUGH	MRL	1977	9,599	2,563	3.75	
CITYSCAPE	CITYSCAPE	CSC	2005	0	0	0	
RENFREW	RENFREW	REN	2010	5,594	2,860	1.96	
ROSSCARROCK	ROSSCARROCK	RCK	1982	3,678	1,458	2.52	
EAU CLAIRE	EAU CLAIRE	EAU	1971	835	322	2.59	
SUNALTA	SUNALTA	SNA	1972	3,066	1,381	2.22	
CRESTMONT	CRESTMONT	CRM	2017	1,540	478	3.22	
PENBROOKE MEADOWS	PENBROOKE MEADOWS	PEN	2003	8,828	2,830	3.12	
ACADIA	ACADIA	ACA	2004	10,515	4,736	2.22	
MCKENZIE TOWNE	MCKENZIE TOWNE	MCT	1995	0	0	0	
SILVERADO	SILVERADO	SVO	2009	2,620	928	2.82	
BONAVISTA DOWNS	BONAVISTA DOWNS	BDO	1971	0	0	0	
WESTGATE	WESTGATE	WGT	1968	4,243	974	4.36	
REDSTONE	REDSTONE	RSN	1987	0	0	0	
ROSEDALE	ROSEDALE	RDL	1991	1,575	651	2.42	
NEW BRIGHTON	NEW BRIGHTON	NEB	1997	0	0	0	
TARADALE	TARADALE	TAR	1973	0	0	0	
TEMPLE	TEMPLE	TEM	2005	10,838	3,443	3.15	
LINCOLN PARK	LINCOLN PARK	LPK	1990	785	351	2.24	
DOWNTOWN EAST VILLAGE	DOWNTOWN EAST VILLAGE	DNE	1990	1,020	812	1.26	
HAWKWOOD	HAWKWOOD	HAW	1985	2,341	730	3.21	
ARBOUR LAKE	ARBOUR LAKE	ARB	1981	0	0	0	
KINCORA	KINCORA	KCA	2001	0	0	0	
ROSEDALE	ROSEDALE	RDL	1969	1,771	676	2.62	
BELTLINE	BELTLINE	BLN	1968	14,222	7,181	1.98	Combined communities of CONNAUGHT (CON) and VICTORIA PARK (VIC)
SUNDANCE	SUNDANCE	SDC	1986	3,020	919	3.29	
PANORAMA HILLS	PANORAMA HILLS	PAN	2004	6,873	2,133	3.22	
RUNDLE	RUNDLE	RUN	1985	11,242	3,328	3.38	
PALLISER	PALLISER	PAL	1991	3,237	1,441	2.25	
ACADIA	ACADIA	ACA	2001	11,012	4,862	2.26	
WALDEN	WALDEN	WAL	1995	0	0	0	
DOVER	DOVER	DOV	1978	10,528	2,977	3.54	
CHRISTIE PARK	CHRISTIE PARK	CHR	2006	2,205	712	3.1	
GLENDALE	GLENDALE	GDL	2004	2,804	1,089	2.57	
SOUTHWOOD	SOUTHWOOD	SOW	1974	6,587	1,696	3.88	
RUTLAND PARK	RUTLAND PARK	RUT	1970	1,910	465	4.11	
DEER RIDGE	DEER RIDGE	DRG	1970	0	0	0	
COVENTRY HILLS	COVENTRY HILLS	COV	1972	0	0	0	
WEST SPRINGS	WEST SPRINGS	WSP	2006	5,311	1,827	2.91	
ALBERT PARK/RADISSON HEIGHTS	ALBERT PARK/RADISSON HEIGHTS	ALB	2008	6,192	2,536	2.44	
MOUNT PLEASANT	MOUNT PLEASANT	MOP	1972	5,478	2,090	2.62	
MAYLAND HEIGHTS	MAYLAND HEIGHTS	MAL	1994	5,992	2,429	2.47	
WHITEHORN	WHITEHORN	WHI	2013	12,172	3,683	3.3	
SCENIC ACRES	SCENIC ACRES	SCE	2011	8,710	2,873	3.03	
MEADOWLARK PARK	MEADOWLARK PARK	MEA	1999	645	286	2.26	
BANKVIEW	BANKVIEW	BNK	1970	5,366	2,169	2.47	
ROSSCARROCK	ROSSCARROCK	RCK	2003	3,343	1,479	2.26	
MOUNT PLEASANT	MOUNT PLEASANT	MOP	2007	4,901	2,322	2.11	
TUSCANY	TUSCANY	TUS	2014	19,465	6,425	3.03	
SADDLE RIDGE	SADDLE RIDGE	SAD	2006	6,788	1,960	3.46	
CASTLERIDGE	CASTLERIDGE	CAS	1982	3,159	1,046	3.02	
MAPLE RIDGE	MAPLE RIDGE	MPL	1989	2,425	803	3.02	
BRENTWOOD	BRENTWOOD	BRE	2011	6,049	2,496	2.42	
GLAMORGAN	GLAMORGAN	GLA	1979	5,542	1,726	3.21	
SOUTHVIEW	SOUTHVIEW	SOV	2002	2,308	862	2.68	
CRANSTON	CRANSTON	CRA	1969	0	0	0	
LINCOLN PARK	LINCOLN PARK	LPK	1980	34	4	8.5	
MCKENZIE TOWNE	MCKENZIE TOWNE	MCT	2011	15,395	5,987	2.57	
EAU CLAIRE	EAU CLAIRE	EAU	1997	1,082	634	1.71	
EAU CLAIRE	EAU CLAIRE	EAU	1986	876	532	1.65	
SUNNYSIDE	SUNNYSIDE	SSD	2004	3,625	2,221	1.63	
COVENTRY HILLS	COVENTRY HILLS	COV	1986	0	0	0	
RANCHLANDS	RANCHLANDS	RAN	2017	7,629	2,969	2.57	
HIDDEN VALLEY	HIDDEN VALLEY	HID	2000	9,523	3,185	2.99	
PARKHILL	PARKHILL	PKH	2017	1,690	818	2.07	
COVENTRY HILLS	COVENTRY HILLS	COV	1994	1,352	494	2.74	
REDSTONE	REDSTONE	RSN	1989	0	0	0	
BOWNESS	BOWNESS	BOW	1999	12,062	4,950	2.44	
BRIDLEWOOD	BRIDLEWOOD	BRI	1988	14	5	2.8	
CRESTMONT	CRESTMONT	CRM	2012	1,454	447	3.25	
EDGEMONT	EDGEMONT	EDG	1980	1,546	456	3.39	
ROYAL OAK	ROYAL OAK	ROY	1972	0	0	0	
NORTH HAVEN	NORTH HAVEN	NHV	1972	3,100	760	4.08	
ST. ANDREWS HEIGHTS	ST. ANDREWS HEIGHTS	STA	1993	2,060	695	2.96	
ROCKY RIDGE	ROCKY RIDGE	ROC	2009	6,882	2,651	2.6	
MAYLAND HEIGHTS	MAYLAND HEIGHTS	MAL	2015	6,157	2,677	2.3	
RIVERBEND	RIVERBEND	RIV	1970	78	23	3.39	
GLENBROOK	GLENBROOK	GBK	1971	5,677	1,525	3.72	
BRIDLEWOOD	BRIDLEWOOD	BRI	1974	0	0	0	
CASTLERIDGE	CASTLERIDGE	CAS	1994	6,455	1,767	3.65	
WEST SPRINGS	WEST SPRINGS	WSP	2010	7,204	2,354	3.06	
CAPITOL HILL	CAPITOL HILL	CAP	1975	3,905	1,645	2.37	
MIDNAPORE	MIDNAPORE	MID	1987	7,624	2,441	3.12	
COACH HILL	COACH HILL	COA	1974	31	10	3.1	
BRIDGELAND/RIVERSIDE	BRIDGELAND/RIVERSIDE	BRD	1982	5,213	2,402	2.17	
SCARBORO	SCARBORO	SCA	2003	927	336	2.76	
MANCHESTER	MANCHESTER	MAN	1980	196	73	2.68	
CITADEL	CITADEL	CIT	2010	10,221	3,426	2.98	
POINT MCKAY	POINT MCKAY	POI	2017	1,354	813	1.67	
SOUTHWOOD	SOUTHWOOD	SOW	2012	6,085	2,572	2.37	
WALDEN	WALDEN	WAL	2011	594	247	2.4	
VARSITY	VARSITY	VAR	1997	12,578	5,200	2.42	
ALTADORE	ALTADORE	ALT	2012	9,116	4,140	2.2	
ERLTON	ERLTON	ERL	1991	494	249	1.98	
MEADOWLARK PARK	MEADOWLARK PARK	MEA	2010	636	261	2.44	
RENFREW	RENFREW	REN	1986	5,610	2,643	2.12	
INGLEWOOD	INGLEWOOD	ING	2004	3,254	1,720	1.89	
BELTLINE	BELTLINE	BLN	1984	14,107	8,935	1.58	Combined communities of CONNAUGHT (CON) and VICTORIA PARK (VIC)
TUSCANY	TUSCANY	TUS	2005	12,233	4,544	2.69	
ROSEDALE	ROSEDALE	RDL	1993	1,585	649	2.44	
MOUNT PLEASANT	MOUNT PLEASANT	MOP	1989	4,299	2,101	2.05	
WOODLANDS	WOODLANDS	WOO	1975	80	3	26.67	
TEMPLE	TEMPLE	TEM	1980	5,634	1,756	3.21	
DOWNTOWN COMMERCIAL CORE	DOWNTOWN COMMERCIAL CORE	DNC	1976	6,581	4,389	1.5	
SPRUCE CLIFF	SPRUCE CLIFF	SPR	2003	2,991	1,321	2.26	
CHINOOK PARK	CHINOOK PARK	CHK	2006	1,717	579	2.97	
NORTH HAVEN UPPER	NORTH HAVEN UPPER	NHU	1990	778	244	3.19	
BONAVISTA DOWNS	BONAVISTA DOWNS	BDO	1968	0	0	0	
UNIVERSITY HEIGHTS	UNIVERSITY HEIGHTS	UNI	1983	2,928	1,182	2.48	
GREENWOOD/GREENBRIAR	GREENWOOD/GREENBRIAR	GRE	2012	946	477	1.98	
PARKDALE	PARKDALE	PKD	1997	1,691	820	2.06	
SPRINGBANK HILL	SPRINGBANK HILL	SPH	1993	0	0	0	
TARADALE	TARADALE	TAR	1991	1,464	442	3.31	
OGDEN	OGDEN	OGD	2001	10,069	3,814	2.64	
HIGHLAND PARK	HIGHLAND PARK	HPK	1992	3,771	1,813	2.08	
MAYLAND HEIGHTS	MAYLAND HEIGHTS	MAL	2014	6,357	2,723	2.33	
UPPER MOUNT ROYAL	UPPER MOUNT ROYAL	UMR	1988	2,631	1,025	2.57	
FOREST LAWN	FOREST LAWN	FLN	2007	7,872	3,060	2.57	
RIDEAU PARK	RIDEAU PARK	RID	2001	635	314	2.02	
DISCOVERY RIDGE	DISCOVERY RIDGE	DIS	1978	0	0	0	
CRESTMONT	CRESTMONT	CRM	1983	0	0	0	
BELTLINE	BELTLINE	BLN	2016	21,958	13,468	1.63	
GLAMORGAN	GLAMORGAN	GLA	2007	6,289	2,843	2.21	
HARVEST HILLS	HARVEST HILLS	HAR	2012	7,402	2,538	2.92	
LAKE BONAVISTA	LAKE BONAVISTA	LKB	2006	10,381	3,550	2.92	
DISCOVERY RIDGE	DISCOVERY RIDGE	DIS	2012	4,350	1,606	2.71	
TUXEDO PARK	TUXEDO PARK	TUX	1980	4,239	1,922	2.21	
WILDWOOD	WILDWOOD	WLD	1993	2,681	1,040	2.58	
APPLEWOOD PARK	APPLEWOOD PARK	APP	1969	0	0	0	
HARVEST HILLS	HARVEST HILLS	HAR	1976	0	0	0	
PENBROOKE MEADOWS	PENBROOKE MEADOWS	PEN	1998	9,511	2,800	3.4	
ROSSCARROCK	ROSSCARROCK	RCK	1978	3,405	1,303	2.61	
MAHOGANY	MAHOGANY	MAH	1991	0	0	0	
PINERIDGE	PINERIDGE	PIN	1973	88	22	4	
LOWER MOUNT ROYAL	LOWER MOUNT ROYAL	LMR	1969	3,378	1,659	2.04	
WOODLANDS	WOODLANDS	WOO	2003	6,724	2,298	2.93	
BEL-AIRE	BEL-AIRE	BEL	1979	493	138	3.57	
BRENTWOOD	BRENTWOOD	BRE	1998	6,389	2,513	2.54	
WILLOW PARK	WILLOW PARK	WIL	1980	7,237	2,193	3.3	
RUTLAND PARK	RUTLAND PARK	RUT	1973	2,736	729	3.75	
REDSTONE	REDSTONE	RSN	1969	0	0	0	
SUNDANCE	SUNDANCE	SDC	1977	0	0	0	
GREENVIEW	GREENVIEW	GRV	2010	1,990	1,041	1.91	
EVANSTON	EVANSTON	EVN	2015	12,883	4,057	3.18	
FOREST LAWN	FOREST LAWN	FLN	1989	8,171	2,923	2.8	
MARTINDALE	MARTINDALE	MRT	2001	9,268	2,883	3.21	
MONTEREY PARK	MONTEREY PARK	MOR	1986	147	53	2.77	
HUNTINGTON HILLS	HUNTINGTON HILLS	HUN	1988	15,250	4,970	3.07	
CITYSCAPE	CITYSCAPE	CSC	1982	0	0	0	
WILLOW PARK	WILLOW PARK	WIL	1971	6,633	1,579	4.2	
KINGSLAND	KINGSLAND	KIN	2011	4,418	2,250	1.96	
BRIDLEWOOD	BRIDLEWOOD	BRI	1994	27	9	3	
ROCKY RIDGE	ROCKY RIDGE	ROC	2002	3,136	1,178	2.66	
DEER RIDGE	DEER RIDGE	DRG	2016	4,110	1,471	2.79	
KILLARNEY/GLENGARRY	KILLARNEY/GLENGARRY	KIL	2004	6,368	3,181	2	
MISSION	MISSION	MIS	1987	3,569	2,369	1.51	
FOREST LAWN	FOREST LAWN	FLN	2003	7,912	2,985	2.65	
MARTINDALE	MARTINDALE	MRT	1996	5,427	1,734	3.13	
HAWKWOOD	HAWKWOOD	HAW	1979	0	0	0	
CITYSCAPE	CITYSCAPE	CSC	2002	0	0	0	
WILDWOOD	WILDWOOD	WLD	1968	4,294	1,038	4.14	
HIDDEN VALLEY	HIDDEN VALLEY	HID	1998	7,287	2,454	2.97	
BEDDINGTON HEIGHTS	BEDDINGTON HEIGHTS	BED	1988	13,080	4,058	3.22	
CITADEL	CITADEL	CIT	1976	0	0	0	
BRITANNIA	BRITANNIA	BRT	2000	817	306	2.67	
HAYSBORO	HAYSBORO	HAY	1975	7,479	2,238	3	
SKYVIEW RANCH	SKYVIEW RANCH	SKR	1997	0	0	0	
BELTLINE	BELTLINE	BLN	1969	14,752	7,447	1.98	Combined communities of CONNAUGHT (CON) and VICTORIA PARK (VIC)
SUNALTA	SUNALTA	SNA	2000	3,407	1,928	1.77	
WINSTON HEIGHTS/MOUNTVIEW	WINSTON HEIGHTS/MOUNTVIEW	WIN	1980	4,143	1,562	2.65	
CHARLESWOOD/COLLINGWOOD	CHARLESWOOD		2011	5,588	2,318	2.41	Combined communities of CHARLESWOOD (CHW) and COLLINGWOOD (COL)
UNIVERSITY DISTRICT	UNIVERSITY DISTRICT	UND	1992	0	0	0	
MONTGOMERY	MONTGOMERY	MON	2009	3,795	1,550	2.45	
PINERIDGE	PINERIDGE	PIN	1980	9,588	3,114	3.08	
HIDDEN VALLEY	HIDDEN VALLEY	HID	1982	0	0	0	
NORTH GLENMORE PARK	NORTH GLENMORE PARK	NGM	2009	2,413	973	2.48	
NEW BRIGHTON	NEW BRIGHTON	NEB	1974	0	0	0	
SPRINGBANK HILL	SPRINGBANK HILL	SPH	1981	0	0	0	
SIGNAL HILL	SIGNAL HILL	SIG	2011	13,795	5,101	2.7	
DALHOUSIE	DALHOUSIE	DAL	2001	9,222	3,607	2.56	
OAKRIDGE	OAKRIDGE	OAK	2004	6,251	2,261	2.76	
UNIVERSITY HEIGHTS	UNIVERSITY HEIGHTS	UNI	1977	2,425	765	3.17	
EAU CLAIRE	EAU CLAIRE	EAU	1980	479	306	1.57	
WINDSOR PARK	WINDSOR PARK	WND	1991	3,513	2,037	1.72	
VALLEY RIDGE	VALLEY RIDGE	VAL	1995	732	252	2.9	
LAKEVIEW	LAKEVIEW	LKV	1993	5,832	2,292	2.54	
DISCOVERY RIDGE	DISCOVERY RIDGE	DIS	1986	0	0	0	
LAKE BONAVISTA	LAKE BONAVISTA	LKB	2011	10,610	4,001	2.65	
ALBERT PARK/RADISSON HEIGHTS	ALBERT PARK/RADISSON HEIGHTS	ALB	1983	5,982	2,019	2.96	
CITYSCAPE	CITYSCAPE	CSC	1975	0	0	0	
EAGLE RIDGE	EAGLE RIDGE	EAG	2013	435	93	4.68	
BRENTWOOD	BRENTWOOD	BRE	2006	6,255	2,510	2.49	
BRIDLEWOOD	BRIDLEWOOD	BRI	1976	0	0	0	
DEER RUN	DEER RUN	DRN	1981	2,946	926	3.18	
SCARBORO	SCARBORO	SCA	1980	974	340	2.86	
WALDEN	WALDEN	WAL	1997	0	0	0	
TUSCANY	TUSCANY	TUS	2000	4,101	1,521	2.7	
BELTLINE	BELTLINE	BLN	2010	18,902	12,000	1.58	
SAGE HILL	SAGE HILL	SGH	1971	0	0	0	
NORTH GLENMORE PARK	NORTH GLENMORE PARK	NGM	2004	2,385	951	2.51	
QUEENS PARK VILLAGE	QUEENS PARK VILLAGE	QPK	2005	381	186	2.05	
TARADALE	TARADALE	TAR	1977	0	0	0	
NORTH GLENMORE PARK	NORTH GLENMORE PARK	NGM	2012	2,386	967	2.47	
LEGACY	LEGACY	LEG	2010	12	5	2.4	
EVERGREEN	EVERGREEN	EVE	1986	33	15	2.2	
PARKLAND	PARKLAND	PKL	2000	4,188	1,348	3.11	
MAHOGANY	MAHOGANY	MAH	1984	0	0	0	
LEGACY	LEGACY	LEG	1991	0	0	0	
LOWER MOUNT ROYAL	LOWER MOUNT ROYAL	LMR	1975	3,302	1,892	1.75	
DOWNTOWN COMMERCIAL CORE	DOWNTOWN COMMERCIAL CORE	DNC	2005	7,229	4,334	1.67	
CORNERSTONE	CORNERSTONE	CNS	2004	0	0	0	
TARADALE	TARADALE	TAR	1985	499	159	3.14	
SHERWOOD	SHERWOOD	SHW	1990	0	0	0	
PATTERSON	PATTERSON	PAT	2015	4,308	1,962	2.2	
LINCOLN PARK	LINCOLN PARK	LPK	2003	1,927	1,080	1.78	
BRIDGELAND/RIVERSIDE	BRIDGELAND/RIVERSIDE	BRD	2010	5,162	2,582	2	
OAKRIDGE	OAKRIDGE	OAK	1995	6,794	2,262	3	
GLAMORGAN	GLAMORGAN	GLA	1989	6,650	2,774	2.4	
RICHMOND	RICHMOND	RIC	1987	3,717	1,761	2.11	
RIDEAU PARK	RIDEAU PARK	RID	2016	616	308	2	
MAPLE RIDGE	MAPLE RIDGE	MPL	1996	2,218	805	2.76	
BONAVISTA DOWNS	BONAVISTA DOWNS	BDO	2000	1,089	367	2.97	
LOWER MOUNT ROYAL	LOWER MOUNT ROYAL	LMR	1988	2,923	1,990	1.47	
MAHOGANY	MAHOGANY	MAH	2009	11	4	2.75	
UNIVERSITY OF CALGARY	UNIVERSITY OF CALGARY	UOC	2016	2,248	9	249.78	Community boundaries were changed to create UNIVERSITY DISTRICT (UND)
CHAPARRAL	CHAPARRAL	CHA	1992	0	0	0	
VARSITY	VARSITY	VAR	1994	12,436	5,117	2.43	
COACH HILL	COACH HILL	COA	2001	3,317	1,409	2.35	
SPRINGBANK HILL	SPRINGBANK HILL	SPH	2000	1,481	502	2.95	
REDSTONE	REDSTONE	RSN	1973	0	0	0	
CHARLESWOOD/COLLINGWOOD	CHARLESWOOD		1992	6,167	2,403	2.57	Combined communities of CHARLESWOOD (CHW) and COLLINGWOOD (COL)
ROXBORO	ROXBORO	ROX	1999	429	164	2.62	
MARLBOROUGH PARK	MARLBOROUGH PARK	MPK	2008	8,536	2,906	2.94	
HIGHLAND PARK	HIGHLAND PARK	HPK	2008	3,704	1,894	1.96	
ELBOYA	ELBOYA	EYA	1988	1,598	699	2.29	
ROSEDALE	ROSEDALE	RDL	1985	1,555	656	2.37	
MCKENZIE TOWNE	MCKENZIE TOWNE	MCT	1996	46	20	2.3	
RUNDLE	RUNDLE	RUN	2005	11,130	3,535	3.15	
COUGAR RIDGE	COUGAR RIDGE	CGR	1976	0	0	0	
MARTINDALE	MARTINDALE	MRT	1986	508	166	3.06	
REDSTONE	REDSTONE	RSN	1982	0	0	0	
SILVERADO	SILVERADO	SVO	1990	15	5	3	
MARLBOROUGH PARK	MARLBOROUGH PARK	MPK	1988	9,379	2,738	3.43	
TEMPLE	TEMPLE	TEM	2017	11,162	3,503	3.19	
KINCORA	KINCORA	KCA	1972	0	0	0	
PANORAMA HILLS	PANORAMA HILLS	PAN	1980	0	0	0	
DOUGLASDALE/GLEN	DOUGLASDALE/GLEN	DDG	2015	12,714	4,478	2.84	
RUNDLE	RUNDLE	RUN	1984	10,794	3,152	3.42	
SILVER SPRINGS	SILVER SPRINGS	SIL	1974	1,731	564	3.07	
BRENTWOOD	BRENTWOOD	BRE	2004	6,254	2,470	2.53	
NORTH GLENMORE PARK	NORTH GLENMORE PARK	NGM	1978	3,220	938	3.43	
MONTEREY PARK	MONTEREY PARK	MOR	1995	6,029	1,749	3.45	
COUGAR RIDGE	COUGAR RIDGE	CGR	1985	0	0	0	
WINSTON HEIGHTS/MOUNTVIEW	WINSTON HEIGHTS/MOUNTVIEW	WIN	1976	4,170	1,517	2.75	
POINT MCKAY	POINT MCKAY	POI	1969	0	0	0	
BRIDGELAND/RIVERSIDE	BRIDGELAND/RIVERSIDE	BRD	2015	6,010	2,940	2.04	
DEER RIDGE	DEER RIDGE	DRG	2013	4,191	1,483	2.83	
DIAMOND COVE	DIAMOND COVE	DIA	1979	0	0	0	
RIDEAU PARK	RIDEAU PARK	RID	2011	627	310	2.02	
ALTADORE	ALTADORE	ALT	1982	7,354	2,791	2.63	
PATTERSON	PATTERSON	PAT	1987	608	275	2.21	
CRANSTON	CRANSTON	CRA	2003	1,911	694	2.75	
TARADALE	TARADALE	TAR	2002	3,848	1,201	3.2	
SAGE HILL	SAGE HILL	SGH	1996	70	22	3.18	
APPLEWOOD PARK	APPLEWOOD PARK	APP	2015	6,863	2,143	3.2	
NOLAN HILL	NOLAN HILL	NOL	1987	0	0	0	
WILDWOOD	WILDWOOD	WLD	2017	2,629	1,029	2.55	
PINERIDGE	PINERIDGE	PIN	1972	90	22	4.09	
SUNDANCE	SUNDANCE	SDC	2015	10,216	3,368	3.03	
DOVER	DOVER	DOV	1995	11,340	3,873	2.93	
COVENTRY HILLS	COVENTRY HILLS	COV	1993	889	318	2.8	
BRAESIDE	BRAESIDE	BRA	1978	5,567	1,669	3.34	
CHRISTIE PARK	CHRISTIE PARK	CHR	1991	993	302	3.29	
GLAMORGAN	GLAMORGAN	GLA	1972	5,819	1,543	3.77	
HARVEST HILLS	HARVEST HILLS	HAR	1984	0	0	0	
GARRISON WOODS	GARRISON WOODS	GAW	2000	0	0	0	
BEDDINGTON HEIGHTS	BEDDINGTON HEIGHTS	BED	1997	13,064	4,147	3.15	
ACADIA	ACADIA	ACA	1998	11,171	4,752	2.35	
BRAESIDE	BRAESIDE	BRA	1999	6,648	2,509	2.65	
EDGEMONT	EDGEMONT	EDG	1972	0	0	0	
SETON	SETON	SET	2011	0	0	0	
CHAPARRAL	CHAPARRAL	CHA	2008	9,651	2,978	3.24	
ST. ANDREWS HEIGHTS	ST. ANDREWS HEIGHTS	STA	1976	2,191	623	3.52	
PARKLAND	PARKLAND	PKL	2005	4,028	1,420	2.84	
GLENBROOK	GLENBROOK	GBK	1984	7,330	2,755	2.66	
DIAMOND COVE	DIAMOND COVE	DIA	1994	667	209	3.19	
HIDDEN VALLEY	HIDDEN VALLEY	HID	1974	0	0	0	
THORNCLIFFE	THORNCLIFFE	THO	2003	9,039	3,624	2.49	
TARADALE	TARADALE	TAR	1968	0	0	0	
EAGLE RIDGE	EAGLE RIDGE	EAG	2004	384	104	3.69	
BEDDINGTON HEIGHTS	BEDDINGTON HEIGHTS	BED	2006	11,926	4,183	2.85	
ABBEYDALE	ABBEYDALE	ABB	2015	6,167	2,009	3.07	
PANORAMA HILLS	PANORAMA HILLS	PAN	2012	22,247	6,949	3.2	
BRIDLEWOOD	BRIDLEWOOD	BRI	1981	0	0	0	
SCARBORO	SCARBORO	SCA	1994	879	336	2.62	
COVENTRY HILLS	COVENTRY HILLS	COV	2004	9,719	3,380	2.88	
BRIDGELAND/RIVERSIDE	BRIDGELAND/RIVERSIDE	BRD	2002	4,837	2,298	2.1	
RUNDLE	RUNDLE	RUN	2010	11,180	3,626	3.08	
HOUNSFIELD HEIGHTS/BRIAR HILL	HOUNSFIELD HEIGHTS/BRIAR HILL	HOU	1981	2,915	925	3.15	
MILLRISE	MILLRISE	MLR	2008	6,383	2,247	2.84	
CORNERSTONE	CORNERSTONE	CNS	2008	0	0	0	
BONAVISTA DOWNS	BONAVISTA DOWNS	BDO	1994	1,108	367	3.02	
SHAWNESSY	SHAWNESSY	SHN	1996	7,830	2,448	3.2	
SHERWOOD	SHERWOOD	SHW	1989	0	0	0	
WINDSOR PARK	WINDSOR PARK	WND	1978	2,960	1,440	2.06	
FALCONRIDGE	FALCONRIDGE	FAL	2005	10,151	3,192	3.18	
ARBOUR LAKE	ARBOUR LAKE	ARB	1986	0	0	0	
ACADIA	ACADIA	ACA	1996	10,948	4,680	2.34	
SADDLE RIDGE	SADDLE RIDGE	SAD	1973	276	68	4.06	
BRENTWOOD	BRENTWOOD	BRE	2002	6,430	2,501	2.57	
ABBEYDALE	ABBEYDALE	ABB	2016	5,912	1,969	3	
SAGE HILL	SAGE HILL	SGH	1999	84	25	3.36	
SPRINGBANK HILL	SPRINGBANK HILL	SPH	1995	0	0	0	
ARBOUR LAKE	ARBOUR LAKE	ARB	2012	10,836	3,855	2.81	
SHAGANAPPI	SHAGANAPPI	SHG	2000	1,729	802	2.16	
COUNTRY HILLS VILLAGE	COUNTRY HILLS VILLAGE	CHV	2016	2,689	1,304	2.06	
TEMPLE	TEMPLE	TEM	1981	8,263	2,519	3.28	
AUBURN BAY	AUBURN BAY	AUB	1993	0	0	0	
LINCOLN PARK	LINCOLN PARK	LPK	2017	2,441	977	2.5	
PINERIDGE	PINERIDGE	PIN	2012	9,644	3,595	2.68	
CHAPARRAL	CHAPARRAL	CHA	1974	0	0	0	
WILDWOOD	WILDWOOD	WLD	1972	4,044	1,041	3.88	
LEGACY	LEGACY	LEG	1989	0	0	0	
CORNERSTONE	CORNERSTONE	CNS	1997	0	0	0	
OAKRIDGE	OAKRIDGE	OAK	1981	7,135	2,092	3.41	
SHERWOOD	SHERWOOD	SHW	1977	0	0	0	
MCKENZIE LAKE	MCKENZIE LAKE	MCK	1992	4,502	1,302	3.46	
NORTH HAVEN UPPER	NORTH HAVEN UPPER	NHU	1982	861	243	3.54	
DIAMOND COVE	DIAMOND COVE	DIA	1992	256	82	3.12	
HIGHLAND PARK	HIGHLAND PARK	HPK	1978	3,990	1,622	2.46	
SHAWNEE SLOPES	SHAWNEE SLOPES	SHS	1996	1,458	480	3.04	
WINDSOR PARK	WINDSOR PARK	WND	1993	3,511	2,016	1.74	
HILLHURST	HILLHURST	HIL	1975	5,275	2,473	2.13	
WINDSOR PARK	WINDSOR PARK	WND	2017	4,270	2,251	1.9	
EVERGREEN	EVERGREEN	EVE	1970	0	0	0	
SOUTHWOOD	SOUTHWOOD	SOW	1969	4,771	1,084	4.4	
MARTINDALE	MARTINDALE	MRT	2012	13,674	3,776	3.62	
MANCHESTER	MANCHESTER	MAN	2016	1,013	466	2.17	
OAKRIDGE	OAKRIDGE	OAK	1969	0	0	0	
VISTA HEIGHTS	VISTA HEIGHTS	VIS	1989	2,425	758	3.2	
BRAESIDE	BRAESIDE	BRA	1990	7,047	2,497	2.82	
ALBERT PARK/RADISSON HEIGHTS	ALBERT PARK/RADISSON HEIGHTS	ALB	1970	4,316	1,106	3.9	
DOWNTOWN EAST VILLAGE	DOWNTOWN EAST VILLAGE	DNE	1976	1,416	655	2.16	
CHINATOWN	CHINATOWN	CHN	1982	601	300	2	
MISSION	MISSION	MIS	1983	3,107	1,996	1.56	
BANKVIEW	BANKVIEW	BNK	2007	5,251	3,255	1.61	
TEMPLE	TEMPLE	TEM	1999	11,943	3,464	3.45	
MARLBOROUGH PARK	MARLBOROUGH PARK	MPK	2003	8,942	2,905	3.08	
FOREST LAWN	FOREST LAWN	FLN	1970	8,070	1,968	4.1	
ROSEDALE	ROSEDALE	RDL	2015	1,653	607	2.72	
WESTGATE	WESTGATE	WGT	2017	3,193	1,301	2.45	
BEL-AIRE	BEL-AIRE	BEL	1971	599	134	4.47	
RANCHLANDS	RANCHLANDS	RAN	1989	8,602	2,872	3	
RIVERBEND	RIVERBEND	RIV	1999	10,620	3,445	3.08	
RICHMOND	RICHMOND	RIC	1992	3,837	1,814	2.12	
SAGE HILL	SAGE HILL	SGH	1998	83	25	3.32	
MOUNT PLEASANT	MOUNT PLEASANT	MOP	2002	4,879	2,314	2.11	
ST. ANDREWS HEIGHTS	ST. ANDREWS HEIGHTS	STA	1978	2,081	636	3.27	
SHAGANAPPI	SHAGANAPPI	SHG	2002	1,662	821	2.02	
MAPLE RIDGE	MAPLE RIDGE	MPL	1997	2,214	807	2.74	
TEMPLE	TEMPLE	TEM	2004	11,239	3,432	3.27	
RANCHLANDS	RANCHLANDS	RAN	1990	8,660	2,887	3	
WEST HILLHURST	WEST HILLHURST	WHL	2004	5,472	2,580	2.12	
LAKEVIEW	LAKEVIEW	LKV	2004	5,656	2,292	2.47	
SPRINGBANK HILL	SPRINGBANK HILL	SPH	1991	0	0	0	
MISSION	MISSION	MIS	1997	3,510	2,466	1.42	
MONTEREY PARK	MONTEREY PARK	MOR	2001	10,310	2,886	3.57	
PINERIDGE	PINERIDGE	PIN	2007	9,829	3,650	2.69	
SOUTHWOOD	SOUTHWOOD	SOW	2011	5,965	2,505	2.38	
HIDDEN VALLEY	HIDDEN VALLEY	HID	1987	0	0	0	
UNIVERSITY OF CALGARY	UNIVERSITY OF CALGARY	UOC	2011	2,355	658	3.58	
ST. ANDREWS HEIGHTS	ST. ANDREWS HEIGHTS	STA	1982	2,212	750	2.95	
RAMSAY	RAMSAY	RAM	1991	2,215	1,010	2.19	
CRANSTON	CRANSTON	CRA	2004	2,692	970	2.78	
SAGE HILL	SAGE HILL	SGH	1993	66	23	2.87	
MISSION	MISSION	MIS	2000	3,664	2,492	1.47	
NORTH HAVEN UPPER	NORTH HAVEN UPPER	NHU	2009	650	244	2.66	
LEGACY	LEGACY	LEG	1986	0	0	0	
TUSCANY	TUSCANY	TUS	2004	10,329	3,854	2.68	
ACADIA	ACADIA	ACA	1973	13,459	3,451	3.9	
APPLEWOOD PARK	APPLEWOOD PARK	APP	2011	6,404	1,987	3.22	
BONAVISTA DOWNS	BONAVISTA DOWNS	BDO	2011	947	366	2.59	
HAMPTONS	HAMPTONS	HAM	2007	8,093	2,420	3.34	
CHARLESWOOD/COLLINGWOOD	CHARLESWOOD		2016	5,874	2,358	2.49	Combined communities of CHARLESWOOD (CHW) and COLLINGWOOD (COL)
TUSCANY	TUSCANY	TUS	1982	0	0	0	
THORNCLIFFE	THORNCLIFFE	THO	1989	9,810	3,614	2.71	
VALLEY RIDGE	VALLEY RIDGE	VAL	1974	0	0	0	
INGLEWOOD	INGLEWOOD	ING	1979	2,688	1,152	2.33	
WHITEHORN	WHITEHORN	WHI	1973	0	0	0	
SPRUCE CLIFF	SPRUCE CLIFF	SPR	2012	4,285	2,122	2.02	
SANDSTONE VALLEY	SANDSTONE VALLEY	SAN	1994	6,357	1,880	3.38	
MARLBOROUGH	MARLBOROUGH	MRL	1971	2,936	699	4.2	
ROYAL OAK	ROYAL OAK	ROY	2012	11,252	3,821	2.94	
KILLARNEY/GLENGARRY	KILLARNEY/GLENGARRY	KIL	1978	5,651	2,291	2.47	
BANKVIEW	BANKVIEW	BNK	1996	4,886	3,050	1.6	
MISSION	MISSION	MIS	2017	4,583	3,084	1.49	
BONAVISTA DOWNS	BONAVISTA DOWNS	BDO	1989	1,186	368	3.22	
AUBURN BAY	AUBURN BAY	AUB	1973	0	0	0	
WOODLANDS	WOODLANDS	WOO	1979	2,121	686	3.09	
VISTA HEIGHTS	VISTA HEIGHTS	VIS	1981	1,742	533	3.27	
ROYAL OAK	ROYAL OAK	ROY	2003	2,405	816	2.95	
HUNTINGTON HILLS	HUNTINGTON HILLS	HUN	1985	15,410	4,896	3.15	
MCKENZIE TOWNE	MCKENZIE TOWNE	MCT	1971	0	0	0	
HAMPTONS	HAMPTONS	HAM	1995	2,123	632	3.36	
BONAVISTA DOWNS	BONAVISTA DOWNS	BDO	1992	1,152	368	3.13	
AUBURN BAY	AUBURN BAY	AUB	1976	0	0	0	
MCKENZIE TOWNE	MCKENZIE TOWNE	MCT	1982	0	0	0	
WOODBINE	WOODBINE	WBN	1973	45	13	3.46	
TARADALE	TARADALE	TAR	1975	0	0	0	
HIGHLAND PARK	HIGHLAND PARK	HPK	1995	3,562	1,772	2.01	
CORAL SPRINGS	CORAL SPRINGS	COR	1973	0	0	0	
BANFF TRAIL	BANFF TRAIL	BNF	2008	3,759	1,683	2.23	
PATTERSON	PATTERSON	PAT	2009	4,094	1,855	2.21	
KILLARNEY/GLENGARRY	KILLARNEY/GLENGARRY	KIL	1988	5,879	2,828	2.08	
SAGE HILL	SAGE HILL	SGH	2002	72	23	3.13	
SPRINGBANK HILL	SPRINGBANK HILL	SPH	2005	4,471	1,537	2.91	
MARTINDALE	MARTINDALE	MRT	1992	3,470	1,083	3.2	
DOVER	DOVER	DOV	2009	10,300	4,266	2.41	
BEL-AIRE	BEL-AIRE	BEL	2017	410	145	2.83	
BRAESIDE	BRAESIDE	BRA	1981	7,589	2,445	3.1	
NORTH GLENMORE PARK	NORTH GLENMORE PARK	NGM	2001	2,516	987	2.55	
DOWNTOWN WEST END	DOWNTOWN WEST END	DNW	1987	467	306	1.53	
SOMERSET	SOMERSET	SOM	2009	8,486	3,069	2.77	
CHINATOWN	CHINATOWN	CHN	2009	1,287	806	1.6	
CORNERSTONE	CORNERSTONE	CNS	1998	0	0	0	
MAPLE RIDGE	MAPLE RIDGE	MPL	2004	2,069	793	2.61	
RANCHLANDS	RANCHLANDS	RAN	2007	7,710	2,902	2.66	
VISTA HEIGHTS	VISTA HEIGHTS	VIS	1999	2,387	766	3.12	
SHAWNEE SLOPES	SHAWNEE SLOPES	SHS	2017	1,625	685	2.37	
PANORAMA HILLS	PANORAMA HILLS	PAN	1969	0	0	0	
DALHOUSIE	DALHOUSIE	DAL	1992	10,065	3,719	2.71	
SPRUCE CLIFF	SPRUCE CLIFF	SPR	2009	3,518	1,665	2.11	
OGDEN	OGDEN	OGD	2005	8,853	3,615	2.45	
RUNDLE	RUNDLE	RUN	2012	11,258	3,690	3.05	
CRANSTON	CRANSTON	CRA	1992	11	3	3.67	
GLENBROOK	GLENBROOK	GBK	1972	6,256	1,730	3.62	
ROSEMONT	ROSEMONT	RMT	1999	1,256	520	2.42	
CHINOOK PARK	CHINOOK PARK	CHK	2002	1,751	579	3.02	
MARTINDALE	MARTINDALE	MRT	1990	2,099	671	3.13	
GLENDALE	GLENDALE	GDL	2014	2,739	1,068	2.56	
OAKRIDGE	OAKRIDGE	OAK	1974	3,405	951	3.58	
RANCHLANDS	RANCHLANDS	RAN	1975	0	0	0	
OGDEN	OGDEN	OGD	1970	5,322	1,405	3.79	
COUNTRY HILLS VILLAGE	COUNTRY HILLS VILLAGE	CHV	1996	0	0	0	
UNIVERSITY DISTRICT	UNIVERSITY DISTRICT	UND	1998	0	0	0	
BAYVIEW	BAYVIEW	BYV	2012	682	245	2.78	
MEADOWLARK PARK	MEADOWLARK PARK	MEA	2015	651	264	2.47	
EVANSTON	EVANSTON	EVN	1987	0	0	0	
SUNDANCE	SUNDANCE	SDC	2000	11,923	3,360	3.55	
ERIN WOODS	ERIN WOODS	ERI	2000	7,116	2,210	3.22	
HARVEST HILLS	HARVEST HILLS	HAR	1989	0	0	0	
COUGAR RIDGE	COUGAR RIDGE	CGR	1969	0	0	0	
ELBOW PARK	ELBOW PARK	EPK	1974	3,623	1,165	3.11	
BANFF TRAIL	BANFF TRAIL	BNF	2009	3,780	1,693	2.23	
KINCORA	KINCORA	KCA	1979	0	0	0	
BRIDLEWOOD	BRIDLEWOOD	BRI	2017	12,696	4,114	3.09	
QUEENSLAND	QUEENSLAND	QLD	1993	5,831	1,780	3.28	
CHAPARRAL	CHAPARRAL	CHA	1976	0	0	0	
COACH HILL	COACH HILL	COA	2008	3,240	1,403	2.31	
RANCHLANDS	RANCHLANDS	RAN	2000	8,208	2,904	2.83	
UNIVERSITY DISTRICT	UNIVERSITY DISTRICT	UND	1984	0	0	0	
MILLRISE	MILLRISE	MLR	1992	3,776	1,220	3.1	
SPRUCE CLIFF	SPRUCE CLIFF	SPR	1995	3,025	1,308	2.31	
SETON	SETON	SET	2000	0	0	0	
ASPEN WOODS	ASPEN WOODS	ASP	2013	6,440	2,076	3.1	
SADDLE RIDGE	SADDLE RIDGE	SAD	1984	130	35	3.71	
HIGHLAND PARK	HIGHLAND PARK	HPK	2005	3,469	1,829	1.9	
POINT MCKAY	POINT MCKAY	POI	2007	1,348	829	1.63	
TUSCANY	TUSCANY	TUS	1993	46	14	3.29	
BANFF TRAIL	BANFF TRAIL	BNF	1976	3,890	1,429	2.72	
DEER RIDGE	DEER RIDGE	DRG	2014	4,165	1,476	2.82	
CORNERSTONE	CORNERSTONE	CNS	1968	0	0	0	
VISTA HEIGHTS	VISTA HEIGHTS	VIS	2003	2,205	737	2.99	
DEER RUN	DEER RUN	DRN	1990	6,547	2,071	3.16	
CRESCENT HEIGHTS	CRESCENT HEIGHTS	CRE	1992	5,645	3,234	1.75	
PALLISER	PALLISER	PAL	1968	216	55	3.93	
SILVERADO	SILVERADO	SVO	1985	0	0	0	
SIGNAL HILL	SIGNAL HILL	SIG	1997	8,183	2,854	2.87	
EAGLE RIDGE	EAGLE RIDGE	EAG	1998	468	109	4.29	
PUMP HILL	PUMP HILL	PUM	1996	1,938	669	2.9	
HILLHURST	HILLHURST	HIL	1988	4,469	2,376	1.88	
DOWNTOWN WEST END	DOWNTOWN WEST END	DNW	1977	703	366	1.92	
NORTH HAVEN	NORTH HAVEN	NHV	2003	2,425	934	2.6	
BRITANNIA	BRITANNIA	BRT	1969	1,163	317	3.67	
EVANSTON	EVANSTON	EVN	1969	0	0	0	
PATTERSON	PATTERSON	PAT	1978	53	15	3.53	
GARRISON WOODS	GARRISON WOODS	GAW	1974	0	0	0	
SPRINGBANK HILL	SPRINGBANK HILL	SPH	2002	2,278	763	2.99	
ROYAL OAK	ROYAL OAK	ROY	1983	0	0	0	
CHINOOK PARK	CHINOOK PARK	CHK	1990	1,721	574	3	
SILVER SPRINGS	SILVER SPRINGS	SIL	2015	8,959	3,472	2.58	
GLAMORGAN	GLAMORGAN	GLA	1992	6,384	2,726	2.34	
GLENBROOK	GLENBROOK	GBK	1991	7,226	2,819	2.56	
BOWNESS	BOWNESS	BOW	1976	11,638	3,529	3.3	
QUEENS PARK VILLAGE	QUEENS PARK VILLAGE	QPK	2007	428	186	2.3	
VALLEY RIDGE	VALLEY RIDGE	VAL	2010	5,025	1,697	2.96	
HARVEST HILLS	HARVEST HILLS	HAR	1975	0	0	0	
DIAMOND COVE	DIAMOND COVE	DIA	1993	528	165	3.2	
SIGNAL HILL	SIGNAL HILL	SIG	1977	61	21	2.9	
SKYVIEW RANCH	SKYVIEW RANCH	SKR	1986	0	0	0	
PATTERSON	PATTERSON	PAT	2014	4,350	1,964	2.21	
LEGACY	LEGACY	LEG	1975	0	0	0	
COUNTRY HILLS	COUNTRY HILLS	COU	2012	3,728	1,408	2.65	
WEST SPRINGS	WEST SPRINGS	WSP	1976	0	0	0	
NORTH HAVEN UPPER	NORTH HAVEN UPPER	NHU	2007	655	242	2.71	
RAMSAY	RAMSAY	RAM	1978	2,370	952	2.49	
KILLARNEY/GLENGARRY	KILLARNEY/GLENGARRY	KIL	2002	6,475	3,233	2	
MEADOWLARK PARK	MEADOWLARK PARK	MEA	2009	530	237	2.24	
ELBOYA	ELBOYA	EYA	2014	1,736	714	2.43	
NORTH HAVEN	NORTH HAVEN	NHV	1986	2,589	903	2.87	
PANORAMA HILLS	PANORAMA HILLS	PAN	1985	0	0	0	
WEST SPRINGS	WEST SPRINGS	WSP	2005	4,793	1,683	2.85	
CHINATOWN	CHINATOWN	CHN	1986	1,027	540	1.9	
MONTEREY PARK	MONTEREY PARK	MOR	1974	0	0	0	
PARKHILL	PARKHILL	PKH	2014	1,605	769	2.09	
NORTH HAVEN UPPER	NORTH HAVEN UPPER	NHU	1989	784	245	3.2	
BONAVISTA DOWNS	BONAVISTA DOWNS	BDO	1976	1,129	326	3.46	
LOWER MOUNT ROYAL	LOWER MOUNT ROYAL	LMR	1986	2,909	1,926	1.51	
ERIN WOODS	ERIN WOODS	ERI	1982	1,709	542	3.15	
BRIDLEWOOD	BRIDLEWOOD	BRI	1973	0	0	0	
CORAL SPRINGS	CORAL SPRINGS	COR	1986	0	0	0	
SPRINGBANK HILL	SPRINGBANK HILL	SPH	1969	0	0	0	
RIVERBEND	RIVERBEND	RIV	1982	170	61	2.79	
HAYSBORO	HAYSBORO	HAY	1996	6,157	2,798	2	
PATTERSON	PATTERSON	PAT	1977	128	38	3.37	
SHAGANAPPI	SHAGANAPPI	SHG	2003	1,616	815	1.98	
KINCORA	KINCORA	KCA	2009	3,385	1,075	3.15	
BEDDINGTON HEIGHTS	BEDDINGTON HEIGHTS	BED	1994	13,000	4,068	3.2	
RIVERBEND	RIVERBEND	RIV	1977	63	20	3.15	
RIDEAU PARK	RIDEAU PARK	RID	1983	638	321	1.99	
WOODBINE	WOODBINE	WBN	1974	58	17	3.41	
DOWNTOWN EAST VILLAGE	DOWNTOWN EAST VILLAGE	DNE	1973	961	452	2.13	
STRATHCONA PARK	STRATHCONA PARK	STR	1989	4,590	1,520	3.02	
HIGHWOOD	HIGHWOOD	HIW	1996	2,128	884	2.41	
HIGHWOOD	HIGHWOOD	HIW	2011	2,098	910	2.31	
MAHOGANY	MAHOGANY	MAH	1993	0	0	0	
KELVIN GROVE	KELVIN GROVE	KEL	1972	2,059	465	4.43	
ASPEN WOODS	ASPEN WOODS	ASP	2007	1,406	413	3.4	
BANKVIEW	BANKVIEW	BNK	2003	5,327	3,233	1.65	
STRATHCONA PARK	STRATHCONA PARK	STR	2009	7,213	2,386	3.02	
EAU CLAIRE	EAU CLAIRE	EAU	1979	440	271	1.62	
SADDLE RIDGE	SADDLE RIDGE	SAD	2000	218	66	3.3	
MAHOGANY	MAHOGANY	MAH	2012	1,266	410	3.09	
BANFF TRAIL	BANFF TRAIL	BNF	2001	3,496	1,596	2.19	
VARSITY	VARSITY	VAR	1982	13,508	4,772	2.83	
SHERWOOD	SHERWOOD	SHW	2000	0	0	0	
HARVEST HILLS	HARVEST HILLS	HAR	1997	3,550	1,208	2.94	
SUNDANCE	SUNDANCE	SDC	2013	10,419	3,362	3.1	
TEMPLE	TEMPLE	TEM	2000	11,929	3,479	3.43	
EDGEMONT	EDGEMONT	EDG	1996	14,912	4,465	3.34	
CAPITOL HILL	CAPITOL HILL	CAP	1990	3,779	1,942	1.95	
WEST HILLHURST	WEST HILLHURST	WHL	1991	4,951	2,426	2.04	
QUEENS PARK VILLAGE	QUEENS PARK VILLAGE	QPK	2000	386	156	2.47	
ERIN WOODS	ERIN WOODS	ERI	1975	0	0	0	
SAGE HILL	SAGE HILL	SGH	1988	0	0	0	
MIDNAPORE	MIDNAPORE	MID	1969	468	101	4.63	
NORTH HAVEN	NORTH HAVEN	NHV	1974	2,964	762	3.89	
CHAPARRAL	CHAPARRAL	CHA	1994	0	0	0	
MONTGOMERY	MONTGOMERY	MON	1998	3,971	1,581	2.51	
PARKLAND	PARKLAND	PKL	2016	3,677	1,416	2.6	
ELBOYA	ELBOYA	EYA	2012	1,712	724	2.36	
PUMP HILL	PUMP HILL	PUM	1994	1,915	670	2.86	
BRIDLEWOOD	BRIDLEWOOD	BRI	2000	2,942	1,044	2.82	
BANFF TRAIL	BANFF TRAIL	BNF	1995	3,359	1,572	2.14	
FALCONRIDGE	FALCONRIDGE	FAL	2015	11,088	3,356	3.3	
CLIFF BUNGALOW	CLIFF BUNGALOW	CLI	2014	2,049	1,303	1.57	
WINDSOR PARK	WINDSOR PARK	WND	1972	3,056	1,219	2.51	
EAGLE RIDGE	EAGLE RIDGE	EAG	2006	415	104	3.99	
RIVERBEND	RIVERBEND	RIV	1986	1,370	457	3	
GARRISON WOODS	GARRISON WOODS	GAW	1987	0	0	0	
ROSEMONT	ROSEMONT	RMT	1984	1,308	524	2.5	
DEER RIDGE	DEER RIDGE	DRG	1983	3,092	909	3.4	
FALCONRIDGE	FALCONRIDGE	FAL	1970	0	0	0	
WESTGATE	WESTGATE	WGT	1972	3,961	991	4	
DOWNTOWN WEST END	DOWNTOWN WEST END	DNW	1993	459	282	1.63	
ALBERT PARK/RADISSON HEIGHTS	ALBERT PARK/RADISSON HEIGHTS	ALB	1996	6,347	2,323	2.73	
SHERWOOD	SHERWOOD	SHW	2016	4,896	1,451	3.37	
MAYFAIR	MAYFAIR	MAF	1983	591	181	3.27	
ARBOUR LAKE	ARBOUR LAKE	ARB	1974	0	0	0	
BELTLINE	BELTLINE	BLN	1995	15,633	9,878	1.58	Combined communities of CONNAUGHT (CON) and VICTORIA PARK (VIC)
ALTADORE	ALTADORE	ALT	1977	5,909	2,136	2.77	
WOODLANDS	WOODLANDS	WOO	1978	686	189	3.63	
PALLISER	PALLISER	PAL	1969	914	254	3.6	
PALLISER	PALLISER	PAL	1979	3,251	1,254	2.59	
POINT MCKAY	POINT MCKAY	POI	2008	1,377	829	1.66	
FOREST HEIGHTS	FOREST HEIGHTS	FHT	1971	4,004	866	4.62	
KELVIN GROVE	KELVIN GROVE	KEL	1998	2,242	892	2.51	
ROSEMONT	ROSEMONT	RMT	2003	1,297	531	2.44	
KINCORA	KINCORA	KCA	1986	0	0	0	
SAGE HILL	SAGE HILL	SGH	2009	267	97	2.75	
RIDEAU PARK	RIDEAU PARK	RID	1981	642	323	1.99	
RUTLAND PARK	RUTLAND PARK	RUT	1989	2,631	945	2.78	
SHERWOOD	SHERWOOD	SHW	1976	0	0	0	
HOUNSFIELD HEIGHTS/BRIAR HILL	HOUNSFIELD HEIGHTS/BRIAR HILL	HOU	2008	2,905	1,030	2.82	
ROSEMONT	ROSEMONT	RMT	1970	1,868	500	3.74	
RIDEAU PARK	RIDEAU PARK	RID	1969	697	318	2.19	
MEADOWLARK PARK	MEADOWLARK PARK	MEA	1970	1,155	299	3.86	
ROXBORO	ROXBORO	ROX	2014	243	83	2.93	
EAGLE RIDGE	EAGLE RIDGE	EAG	2016	474	101	4.69	
WEST SPRINGS	WEST SPRINGS	WSP	1988	0	0	0	
DOWNTOWN WEST END	DOWNTOWN WEST END	DNW	1972	889	369	2.41	
UPPER MOUNT ROYAL	UPPER MOUNT ROYAL	UMR	2014	2,609	1,016	2.57	
SUNALTA	SUNALTA	SNA	1973	2,882	1,361	2.12	
SHAGANAPPI	SHAGANAPPI	SHG	1994	1,640	771	2.13	
OGDEN	OGDEN	OGD	1995	10,227	3,757	2.72	
MAHOGANY	MAHOGANY	MAH	1992	0	0	0	
WINSTON HEIGHTS/MOUNTVIEW	WINSTON HEIGHTS/MOUNTVIEW	WIN	1993	3,898	1,642	2.37	
MCKENZIE TOWNE	MCKENZIE TOWNE	MCT	2005	8,359	3,305	2.53	
VALLEY RIDGE	VALLEY RIDGE	VAL	1986	0	0	0	
HILLHURST	HILLHURST	HIL	2014	6,497	3,141	2.07	
UNIVERSITY DISTRICT	UNIVERSITY DISTRICT	UND	2003	0	0	0	
MARTINDALE	MARTINDALE	MRT	1989	973	290	3.36	
SOMERSET	SOMERSET	SOM	1993	0	0	0	
QUEENS PARK VILLAGE	QUEENS PARK VILLAGE	QPK	1982	0	0	0	
SANDSTONE VALLEY	SANDSTONE VALLEY	SAN	1982	0	0	0	
TUSCANY	TUSCANY	TUS	1984	0	0	0	
LAKEVIEW	LAKEVIEW	LKV	1995	5,719	2,285	2.5	
DISCOVERY RIDGE	DISCOVERY RIDGE	DIS	1981	0	0	0	
ELBOYA	ELBOYA	EYA	1983	1,427	564	2.53	
UNIVERSITY HEIGHTS	UNIVERSITY HEIGHTS	UNI	1981	3,059	1,228	2.49	
ROSSCARROCK	ROSSCARROCK	RCK	1985	3,305	1,410	2.34	
DEER RUN	DEER RUN	DRN	1984	5,162	1,686	3.06	
TEMPLE	TEMPLE	TEM	1998	12,059	3,464	3.48	
EVERGREEN	EVERGREEN	EVE	2015	21,700	7,001	3.1	
PUMP HILL	PUMP HILL	PUM	1983	1,277	355	3.6	
SHAWNEE SLOPES	SHAWNEE SLOPES	SHS	1984	16	5	3.2	
HAMPTONS	HAMPTONS	HAM	1975	0	0	0	
BELTLINE	BELTLINE	BLN	1997	17,219	10,428	1.65	Combined communities of CONNAUGHT (CON) and VICTORIA PARK (VIC)
HAYSBORO	HAYSBORO	HAY	1983	6,265	2,297	3	
SILVERADO	SILVERADO	SVO	2008	1,308	464	2.82	
DIAMOND COVE	DIAMOND COVE	DIA	2010	739	267	2.77	
GLENBROOK	GLENBROOK	GBK	1994	6,939	2,862	2.42	
CLIFF BUNGALOW	CLIFF BUNGALOW	CLI	2013	1,954	1,306	1.5	
AUBURN BAY	AUBURN BAY	AUB	1991	0	0	0	
GARRISON GREEN	GARRISON GREEN	GAG	2006	496	238	2.08	At this time community was referred to as CFB - LINCOLN PARK PMQ (CFL)
WINSTON HEIGHTS/MOUNTVIEW	WINSTON HEIGHTS/MOUNTVIEW	WIN	1969	4,548	1,342	3.39	
MACEWAN GLEN	MACEWAN GLEN	MAC	1999	5,701	1,759	3.24	
DOWNTOWN COMMERCIAL CORE	DOWNTOWN COMMERCIAL CORE	DNC	2004	6,944	4,261	1.63	
WEST HILLHURST	WEST HILLHURST	WHL	1989	4,942	2,380	2.08	
MISSION	MISSION	MIS	1998	3,550	2,490	1.43	
TUSCANY	TUSCANY	TUS	1985	0	0	0	
HAYSBORO	HAYSBORO	HAY	1980	6,731	2,391	3	
SANDSTONE VALLEY	SANDSTONE VALLEY	SAN	2012	6,253	2,092	2.99	
SHAGANAPPI	SHAGANAPPI	SHG	1976	1,776	715	2.48	
PANORAMA HILLS	PANORAMA HILLS	PAN	1970	0	0	0	
DOUGLASDALE/GLEN	DOUGLASDALE/GLEN	DDG	2008	11,715	3,919	2.99	
KILLARNEY/GLENGARRY	KILLARNEY/GLENGARRY	KIL	2016	7,463	3,439	2.17	
CURRIE BARRACKS	CURRIE BARRACKS	CUR	2009	0			
ASPEN WOODS	ASPEN WOODS	ASP	2005	502	151	3.32	
COUNTRY HILLS	COUNTRY HILLS	COU	1994	417	118	3.53	
GLAMORGAN	GLAMORGAN	GLA	1999	6,573	2,794	2.35	
MISSION	MISSION	MIS	1974	3,318	1,895	1.75	
BRENTWOOD	BRENTWOOD	BRE	2013	6,106	2,506	2.44	
GARRISON GREEN	GARRISON GREEN	GAG	1992	694	210	3.3	
NORTH HAVEN	NORTH HAVEN	NHV	1990	2,603	946	2.75	
COUGAR RIDGE	COUGAR RIDGE	CGR	1990	0	0	0	
CHRISTIE PARK	CHRISTIE PARK	CHR	2012	2,196	718	3.06	
FOREST HEIGHTS	FOREST HEIGHTS	FHT	2015	6,648	2,143	3.1	
FAIRVIEW	FAIRVIEW	FAI	1993	3,837	1,502	2.55	
HAWKWOOD	HAWKWOOD	HAW	1997	11,096	3,287	3.38	
CHRISTIE PARK	CHRISTIE PARK	CHR	2008	2,172	707	3.07	
PALLISER	PALLISER	PAL	2006	3,319	1,680	1.98	
CITADEL	CITADEL	CIT	1990	0	0	0	
HIGHWOOD	HIGHWOOD	HIW	1977	2,699	861	3.13	
SOMERSET	SOMERSET	SOM	1973	0	0	0	
LINCOLN PARK	LINCOLN PARK	LPK	1993	786	353	2.23	
RUTLAND PARK	RUTLAND PARK	RUT	1987	2,648	944	2.81	
CANYON MEADOWS	CANYON MEADOWS	CAN	2014	7,838	3,123	2.51	
CITYSCAPE	CITYSCAPE	CSC	2009	0	0	0	
WINSTON HEIGHTS/MOUNTVIEW	WINSTON HEIGHTS/MOUNTVIEW	WIN	2012	3,891	1,771	2.2	
NEW BRIGHTON	NEW BRIGHTON	NEB	2008	3,942	1,356	2.91	
PINERIDGE	PINERIDGE	PIN	1986	10,100	3,223	3.13	
ROCKY RIDGE	ROCKY RIDGE	ROC	1984	0	0	0	
MONTEREY PARK	MONTEREY PARK	MOR	1976	0	0	0	
ELBOW PARK	ELBOW PARK	EPK	1969	4,075	1,187	3.43	
UNIVERSITY OF CALGARY	UNIVERSITY OF CALGARY	UOC	1997	1,916	703	2.73	
CHAPARRAL	CHAPARRAL	CHA	2016	13,013	4,116	3.16	
CHARLESWOOD/COLLINGWOOD	CHARLESWOOD		1981	7,179	2,362	3.04	Combined communities of CHARLESWOOD (CHW) and COLLINGWOOD (COL)
RICHMOND	RICHMOND	RIC	1986	3,744	1,770	2.12	
EAGLE RIDGE	EAGLE RIDGE	EAG	2010	457	93	4.91	
SOMERSET	SOMERSET	SOM	2011	8,401	3,049	2.76	
RIDEAU PARK	RIDEAU PARK	RID	2002	642	316	2.03	
MOUNT PLEASANT	MOUNT PLEASANT	MOP	1997	4,649	2,269	2.05	
BEL-AIRE	BEL-AIRE	BEL	2004	494	154	3.21	
FOREST HEIGHTS	FOREST HEIGHTS	FHT	1978	4,855	1,294	3.75	
FALCONRIDGE	FALCONRIDGE	FAL	2014	10,840	3,375	3.21	
WEST SPRINGS	WEST SPRINGS	WSP	1974	0	0	0	
SUNALTA	SUNALTA	SNA	1994	2,881	1,797	1.6	
PARKHILL	PARKHILL	PKH	1990	1,393	704	1.98	
QUEENSLAND	QUEENSLAND	QLD	2003	5,471	1,853	2.95	
COUNTRY HILLS	COUNTRY HILLS	COU	1971	0	0	0	
MAYFAIR	MAYFAIR	MAF	1999	556	183	3.04	
UPPER MOUNT ROYAL	UPPER MOUNT ROYAL	UMR	1969	3,147	967	3.25	
PATTERSON	PATTERSON	PAT	1998	3,726	1,537	2.42	
ACADIA	ACADIA	ACA	1999	11,133	4,757	2.34	
WOODLANDS	WOODLANDS	WOO	2005	6,565	2,339	2.81	
GLENDALE	GLENDALE	GDL	1999	2,862	1,089	2.63	
WILDWOOD	WILDWOOD	WLD	1985	2,898	1,051	2.76	
CHRISTIE PARK	CHRISTIE PARK	CHR	1985	22	7	3.14	
TUXEDO PARK	TUXEDO PARK	TUX	2002	4,494	2,295	1.96	
ALBERT PARK/RADISSON HEIGHTS	ALBERT PARK/RADISSON HEIGHTS	ALB	1993	6,469	2,351	2.75	
SHAGANAPPI	SHAGANAPPI	SHG	2015	1,603	719	2.23	
SAGE HILL	SAGE HILL	SGH	1969	0	0	0	
SPRINGBANK HILL	SPRINGBANK HILL	SPH	2016	9,995	3,251	3.07	
NORTH HAVEN UPPER	NORTH HAVEN UPPER	NHU	2003	676	243	2.78	
INGLEWOOD	INGLEWOOD	ING	2017	4,008	2,168	1.85	
HARVEST HILLS	HARVEST HILLS	HAR	1998	4,827	1,650	2.93	
LAKEVIEW	LAKEVIEW	LKV	1969	7,854	1,781	4.41	
RED CARPET	RED CARPET	RED	2007	1,702	898	1.9	
CHAPARRAL	CHAPARRAL	CHA	1991	0	0	0	
MAHOGANY	MAHOGANY	MAH	2016	7,000	2,355	2.97	
UNIVERSITY DISTRICT	UNIVERSITY DISTRICT	UND	1997	0	0	0	
GLENDALE	GLENDALE	GDL	1979	3,095	964	3.21	
GREENWOOD/GREENBRIAR	GREENWOOD/GREENBRIAR	GRE	1988	994	449	2.21	
GREENVIEW	GREENVIEW	GRV	1992	2,322	1,033	2.25	
DALHOUSIE	DALHOUSIE	DAL	2017	8,992	3,551	2.53	
DIAMOND COVE	DIAMOND COVE	DIA	2002	830	269	3.09	
WINSTON HEIGHTS/MOUNTVIEW	WINSTON HEIGHTS/MOUNTVIEW	WIN	2002	3,723	1,667	2.23	
CAMBRIAN HEIGHTS	CAMBRIAN HEIGHTS	CAM	2017	2,075	864	2.4	
PALLISER	PALLISER	PAL	1973	2,429	738	3.29	
MOUNT PLEASANT	MOUNT PLEASANT	MOP	1992	4,445	2,131	2.09	
WEST SPRINGS	WEST SPRINGS	WSP	2003	2,557	915	2.79	
NORTH HAVEN	NORTH HAVEN	NHV	1992	2,551	946	2.7	
STRATHCONA PARK	STRATHCONA PARK	STR	1969	13	4	3.25	
KINGSLAND	KINGSLAND	KIN	2015	4,733	2,267	2.09	
HILLHURST	HILLHURST	HIL	1973	5,459	2,321	2.35	
UPPER MOUNT ROYAL	UPPER MOUNT ROYAL	UMR	1975	2,880	986	2.92	
SCARBORO	SCARBORO	SCA	2004	889	326	2.73	
NEW BRIGHTON	NEW BRIGHTON	NEB	1988	0	0	0	
DIAMOND COVE	DIAMOND COVE	DIA	1996	839	264	3.18	
SHAWNESSY	SHAWNESSY	SHN	2001	8,746	2,787	3.14	
SANDSTONE VALLEY	SANDSTONE VALLEY	SAN	1980	0	0	0	
CRESCENT HEIGHTS	CRESCENT HEIGHTS	CRE	1969	5,946	2,335	2.55	
FOREST LAWN	FOREST LAWN	FLN	1976	7,807	2,249	3.47	
NOLAN HILL	NOLAN HILL	NOL	2004	0	0	0	
HAMPTONS	HAMPTONS	HAM	2008	8,068	2,441	3.31	
MCKENZIE TOWNE	MCKENZIE TOWNE	MCT	2001	3,043	1,177	2.59	
SUNALTA	SUNALTA	SNA	2008	3,236	1,920	1.69	
ABBEYDALE	ABBEYDALE	ABB	2008	6,005	1,939	3.1	
GREENWOOD/GREENBRIAR	GREENWOOD/GREENBRIAR	GRE	1996	889	416	2.14	
CRANSTON	CRANSTON	CRA	1993	11	3	3.67	
ARBOUR LAKE	ARBOUR LAKE	ARB	2005	10,537	3,726	2.83	
POINT MCKAY	POINT MCKAY	POI	1971	0	0	0	
PINERIDGE	PINERIDGE	PIN	1982	10,217	3,221	3.17	
TEMPLE	TEMPLE	TEM	1975	0	0	0	
COUNTRY HILLS	COUNTRY HILLS	COU	1999	2,086	749	2.79	
UPPER MOUNT ROYAL	UPPER MOUNT ROYAL	UMR	2000	2,663	1,030	2.59	
EVERGREEN	EVERGREEN	EVE	1968	0	0	0	
SKYVIEW RANCH	SKYVIEW RANCH	SKR	1993	0	0	0	
ALTADORE	ALTADORE	ALT	1999	5,667	2,590	2.19	
EVANSTON	EVANSTON	EVN	1992	17	5	3.4	
RAMSAY	RAMSAY	RAM	2005	2,070	1,031	2.01	
MISSION	MISSION	MIS	1984	3,061	2,059	1.49	
COUNTRY HILLS VILLAGE	COUNTRY HILLS VILLAGE	CHV	2013	2,626	1,417	1.85	
HOUNSFIELD HEIGHTS/BRIAR HILL	HOUNSFIELD HEIGHTS/BRIAR HILL	HOU	1968	2,746	707	3.88	
UNIVERSITY DISTRICT	UNIVERSITY DISTRICT	UND	1981	0	0	0	
FALCONRIDGE	FALCONRIDGE	FAL	1968	0	0	0	
WEST SPRINGS	WEST SPRINGS	WSP	1997	263	87	3.02	
ROCKY RIDGE	ROCKY RIDGE	ROC	1979	0	0	0	
PENBROOKE MEADOWS	PENBROOKE MEADOWS	PEN	2000	9,305	2,823	3.3	
DISCOVERY RIDGE	DISCOVERY RIDGE	DIS	1980	0	0	0	
MARLBOROUGH	MARLBOROUGH	MRL	1993	9,290	2,967	3.13	
MAPLE RIDGE	MAPLE RIDGE	MPL	1978	3,106	804	3.86	
STRATHCONA PARK	STRATHCONA PARK	STR	2007	7,240	2,381	3.04	
GLAMORGAN	GLAMORGAN	GLA	1982	7,258	2,681	2.71	
MISSION	MISSION	MIS	1988	3,538	2,355	1.5	
HILLHURST	HILLHURST	HIL	1984	4,550	2,341	1.94	
ELBOW PARK	ELBOW PARK	EPK	1979	3,387	1,163	2.91	
LAKEVIEW	LAKEVIEW	LKV	2006	5,581	2,309	2.42	
SPRINGBANK HILL	SPRINGBANK HILL	SPH	1984	0	0	0	
FAIRVIEW	FAIRVIEW	FAI	2011	3,552	1,543	2.3	
STRATHCONA PARK	STRATHCONA PARK	STR	1968	12	3	4	
RIDEAU PARK	RIDEAU PARK	RID	2013	644	322	2	
WINSTON HEIGHTS/MOUNTVIEW	WINSTON HEIGHTS/MOUNTVIEW	WIN	2014	3,845	1,739	2.21	
PUMP HILL	PUMP HILL	PUM	1968	53	18	2.94	
SOUTH CALGARY	SOUTH CALGARY	SOC	2010	3,746	1,948	1.92	
DOWNTOWN EAST VILLAGE	DOWNTOWN EAST VILLAGE	DNE	1978	1,113	569	1.96	
GLENBROOK	GLENBROOK	GBK	1981	7,600	2,721	2.79	
ST. ANDREWS HEIGHTS	ST. ANDREWS HEIGHTS	STA	1997	2,007	718	2.8	
MCKENZIE TOWNE	MCKENZIE TOWNE	MCT	2014	17,737	6,887	2.58	
RENFREW	RENFREW	REN	2000	5,361	2,698	1.99	
MCKENZIE LAKE	MCKENZIE LAKE	MCK	1999	13,037	3,950	3.3	
FOREST HEIGHTS	FOREST HEIGHTS	FHT	1982	7,011	1,935	3.62	
CORAL SPRINGS	CORAL SPRINGS	COR	2005	6,037	1,461	4.13	
SUNNYSIDE	SUNNYSIDE	SSD	1985	3,464	2,101	1.65	
RIDEAU PARK	RIDEAU PARK	RID	2010	615	312	1.97	
SHERWOOD	SHERWOOD	SHW	2011	2,109	591	3.57	
COUNTRY HILLS	COUNTRY HILLS	COU	1997	526	145	3.63	
NORTH HAVEN	NORTH HAVEN	NHV	1980	2,627	780	3.37	
SHAGANAPPI	SHAGANAPPI	SHG	2001	1,592	797	2	
HIGHWOOD	HIGHWOOD	HIW	1998	2,139	896	2.39	
OGDEN	OGDEN	OGD	1991	10,768	3,696	2.91	
MARTINDALE	MARTINDALE	MRT	1982	16	4	4	
ELBOYA	ELBOYA	EYA	2001	1,616	725	2.23	
CORAL SPRINGS	CORAL SPRINGS	COR	1978	0	0	0	
CEDARBRAE	CEDARBRAE	CED	2015	6,308	2,576	2.45	
VALLEY RIDGE	VALLEY RIDGE	VAL	2011	5,042	1,694	2.98	
PUMP HILL	PUMP HILL	PUM	2012	1,614	542	2.98	
BEL-AIRE	BEL-AIRE	BEL	1987	502	152	3.3	
POINT MCKAY	POINT MCKAY	POI	2014	1,348	825	1.63	
BRITANNIA	BRITANNIA	BRT	1977	940	317	2.97	
ALTADORE	ALTADORE	ALT	1983	7,178	2,771	2.59	
SOUTHVIEW	SOUTHVIEW	SOV	1991	2,438	860	2.83	
EVERGREEN	EVERGREEN	EVE	1983	34	14	2.43	
WILLOW PARK	WILLOW PARK	WIL	1987	6,242	2,191	2.85	
RUNDLE	RUNDLE	RUN	1998	11,958	3,518	3.4	
SOMERSET	SOMERSET	SOM	1985	13	5	2.6	
WHITEHORN	WHITEHORN	WHI	1994	12,026	3,314	3.63	
MILLRISE	MILLRISE	MLR	1975	46	15	3.07	
COUNTRY HILLS VILLAGE	COUNTRY HILLS VILLAGE	CHV	1998	0	0	0	
INGLEWOOD	INGLEWOOD	ING	2006	3,286	1,766	1.86	
UPPER MOUNT ROYAL	UPPER MOUNT ROYAL	UMR	1997	2,667	1,036	2.57	
BAYVIEW	BAYVIEW	BYV	1992	674	235	2.87	
CAMBRIAN HEIGHTS	CAMBRIAN HEIGHTS	CAM	2015	2,150	878	2.45	
PENBROOKE MEADOWS	PENBROOKE MEADOWS	PEN	1970	248	55	4.51	
EVANSTON	EVANSTON	EVN	2014	10,030	3,233	3.1	
GREENWOOD/GREENBRIAR	GREENWOOD/GREENBRIAR	GRE	1968	0	0	0	
NORTH GLENMORE PARK	NORTH GLENMORE PARK	NGM	1998	2,534	979	2.59	
HIDDEN VALLEY	HIDDEN VALLEY	HID	1975	0	0	0	
SUNALTA	SUNALTA	SNA	1998	3,206	1,960	1.64	
FOREST HEIGHTS	FOREST HEIGHTS	FHT	2001	6,585	2,035	3.24	
BOWNESS	BOWNESS	BOW	2003	11,675	4,991	2.34	
CHINATOWN	CHINATOWN	CHN	1983	592	300	1.97	
FOREST HEIGHTS	FOREST HEIGHTS	FHT	1968	3,549	750	4.73	
HUNTINGTON HILLS	HUNTINGTON HILLS	HUN	2017	13,154	5,303	2.48	
HIGHLAND PARK	HIGHLAND PARK	HPK	1999	3,749	1,862	2.01	
PANORAMA HILLS	PANORAMA HILLS	PAN	1994	25	8	3.13	
GARRISON WOODS	GARRISON WOODS	GAW	1975	0	0	0	
UNIVERSITY OF CALGARY	UNIVERSITY OF CALGARY	UOC	2013	2,821	869	3.25	
SHAGANAPPI	SHAGANAPPI	SHG	2006	1,657	811	2.04	
CITYSCAPE	CITYSCAPE	CSC	1976	0	0	0	
CHINOOK PARK	CHINOOK PARK	CHK	2013	1,704	575	2.96	
WHITEHORN	WHITEHORN	WHI	2006	11,842	3,446	3.44	
MILLRISE	MILLRISE	MLR	1968	55	14	3.93	
WILLOW PARK	WILLOW PARK	WIL	2002	5,545	2,227	2.49	
NORTH HAVEN	NORTH HAVEN	NHV	1994	2,486	933	2.66	
BRIDGELAND/RIVERSIDE	BRIDGELAND/RIVERSIDE	BRD	1968	5,663	2,040	2.78	
ERIN WOODS	ERIN WOODS	ERI	1980	0	0	0	
SCARBORO	SCARBORO	SCA	1995	827	331	2.5	
RUTLAND PARK	RUTLAND PARK	RUT	2002	2,391	964	2.48	
CLIFF BUNGALOW	CLIFF BUNGALOW	CLI	1971	2,172	1,108	1.96	
RICHMOND	RICHMOND	RIC	1991	3,830	1,812	2.11	
REDSTONE	REDSTONE	RSN	2013	174	50	3.48	
NEW BRIGHTON	NEW BRIGHTON	NEB	1976	0	0	0	
UNIVERSITY HEIGHTS	UNIVERSITY HEIGHTS	UNI	2007	2,944	1,327	2.22	
GLENDALE	GLENDALE	GDL	2013	2,743	1,070	2.56	
CHINATOWN	CHINATOWN	CHN	1971	847	338	2.51	
SIGNAL HILL	SIGNAL HILL	SIG	1978	40	12	3.33	
COACH HILL	COACH HILL	COA	1998	3,143	1,269	2.48	
DIAMOND COVE	DIAMOND COVE	DIA	1989	0	0	0	
SHAWNESSY	SHAWNESSY	SHN	1994	7,502	2,346	3.2	
DISCOVERY RIDGE	DISCOVERY RIDGE	DIS	1983	0	0	0	
RED CARPET	RED CARPET	RED	1995	1,223	485	2.52	
POINT MCKAY	POINT MCKAY	POI	1972	0	0	0	
BEDDINGTON HEIGHTS	BEDDINGTON HEIGHTS	BED	2011	11,456	4,152	2.76	
MONTGOMERY	MONTGOMERY	MON	1994	4,006	1,578	2.54	
COUNTRY HILLS VILLAGE	COUNTRY HILLS VILLAGE	CHV	1978	0	0	0	
DOVER	DOVER	DOV	1972	4,679	1,223	3.83	
CRESTMONT	CRESTMONT	CRM	1977	0	0	0	
PARKDALE	PARKDALE	PKD	2001	1,717	833	2.06	
MILLRISE	MILLRISE	MLR	1981	28	10	2.8	
EAGLE RIDGE	EAGLE RIDGE	EAG	1975	570	104	5.48	
PINERIDGE	PINERIDGE	PIN	1990	10,383	3,346	3.1	
SCARBORO/SUNALTA WEST	SCARBORO	SSW	1981	419	160	2.62	
ERIN WOODS	ERIN WOODS	ERI	1986	3,181	937	3.39	
FAIRVIEW	FAIRVIEW	FAI	2015	3,830	1,563	2.45	
LAKEVIEW	LAKEVIEW	LKV	1992	5,879	2,291	2.57	
BOWNESS	BOWNESS	BOW	2001	11,865	4,939	2.4	
INGLEWOOD	INGLEWOOD	ING	1984	2,570	1,162	2.21	
SCARBORO	SCARBORO	SCA	1988	891	337	2.64	
FALCONRIDGE	FALCONRIDGE	FAL	2012	10,381	3,313	3.13	
NORTH HAVEN UPPER	NORTH HAVEN UPPER	NHU	2005	657	243	2.7	
CITADEL	CITADEL	CIT	2015	10,517	3,451	3.05	
CHAPARRAL	CHAPARRAL	CHA	1996	136	47	2.89	
SOUTH CALGARY	SOUTH CALGARY	SOC	2006	3,420	1,850	1.85	
PUMP HILL	PUMP HILL	PUM	1982	1,254	362	3.46	
CURRIE BARRACKS	CURRIE BARRACKS	CUR	2015	502			
NEW BRIGHTON	NEW BRIGHTON	NEB	2017	12,548	4,234	2.96	
UPPER MOUNT ROYAL	UPPER MOUNT ROYAL	UMR	2013	2,677	1,027	2.61	
UNIVERSITY DISTRICT	UNIVERSITY DISTRICT	UND	1983	0	0	0	
SIGNAL HILL	SIGNAL HILL	SIG	1985	51	13	3.92	
ROSEDALE	ROSEDALE	RDL	2000	1,643	630	2.61	
COACH HILL	COACH HILL	COA	2014	3,303	1,433	2.3	
CITADEL	CITADEL	CIT	2001	6,749	2,207	3.06	
ARBOUR LAKE	ARBOUR LAKE	ARB	1993	578	195	2.96	
MEADOWLARK PARK	MEADOWLARK PARK	MEA	2004	649	280	2.32	
ELBOW PARK	ELBOW PARK	EPK	2002	3,497	1,173	2.98	
SOUTH CALGARY	SOUTH CALGARY	SOC	1988	3,213	1,600	2.01	
BANFF TRAIL	BANFF TRAIL	BNF	1990	3,449	1,615	2.14	
DEER RIDGE	DEER RIDGE	DRG	2007	4,302	1,460	2.95	
PARKHILL	PARKHILL	PKH	2003	1,543	736	2.1	
HAMPTONS	HAMPTONS	HAM	1990	0	0	0	
QUEENSLAND	QUEENSLAND	QLD	1996	5,534	1,777	3.11	
HAWKWOOD	HAWKWOOD	HAW	1982	693	207	3.35	
RIVERBEND	RIVERBEND	RIV	2010	9,864	3,409	2.89	
EAU CLAIRE	EAU CLAIRE	EAU	2001	1,390	851	1.63	
CITADEL	CITADEL	CIT	1985	0	0	0	
COVENTRY HILLS	COVENTRY HILLS	COV	1984	0	0	0	
HAWKWOOD	HAWKWOOD	HAW	1983	1,161	346	3.36	
MONTEREY PARK	MONTEREY PARK	MOR	2006	10,599	3,049	3.48	
TEMPLE	TEMPLE	TEM	2010	10,724	3,453	3.11	
CITADEL	CITADEL	CIT	2005	10,071	3,444	2.92	
GREENWOOD/GREENBRIAR	GREENWOOD/GREENBRIAR	GRE	2016	921	473	1.95	
THORNCLIFFE	THORNCLIFFE	THO	2016	8,851	3,611	2.45	
MAYLAND HEIGHTS	MAYLAND HEIGHTS	MAL	1992	6,234	2,451	2.54	
SAGE HILL	SAGE HILL	SGH	2017	6,083	2,195	2.77	
FOREST LAWN	FOREST LAWN	FLN	1997	8,185	2,945	2.78	
WINDSOR PARK	WINDSOR PARK	WND	2013	4,136	2,334	1.77	
ABBEYDALE	ABBEYDALE	ABB	2007	6,109	1,944	3.14	
MAYLAND HEIGHTS	MAYLAND HEIGHTS	MAL	2013	5,950	2,720	2.19	
SILVER SPRINGS	SILVER SPRINGS	SIL	1973	135	45	3	
GLAMORGAN	GLAMORGAN	GLA	1977	5,799	1,735	3.34	
PUMP HILL	PUMP HILL	PUM	1970	58	19	3.05	
STRATHCONA PARK	STRATHCONA PARK	STR	1990	4,762	1,557	3.06	
PARKDALE	PARKDALE	PKD	1977	2,023	739	2.74	
WINDSOR PARK	WINDSOR PARK	WND	2006	3,982	2,316	1.72	
CRESCENT HEIGHTS	CRESCENT HEIGHTS	CRE	1973	5,686	2,521	2.26	
POINT MCKAY	POINT MCKAY	POI	2010	1,283	799	1.61	
DOWNTOWN COMMERCIAL CORE	DOWNTOWN COMMERCIAL CORE	DNC	1970	3,736	2,221	1.68	
DOWNTOWN WEST END	DOWNTOWN WEST END	DNW	1996	443	281	1.58	
VALLEY RIDGE	VALLEY RIDGE	VAL	1999	2,461	844	2.92	
SOUTH CALGARY	SOUTH CALGARY	SOC	1973	3,629	1,442	2.52	
CITYSCAPE	CITYSCAPE	CSC	1971	0	0	0	
MCKENZIE TOWNE	MCKENZIE TOWNE	MCT	1998	877	346	2.53	
ERLTON	ERLTON	ERL	1978	583	250	2.33	
SUNNYSIDE	SUNNYSIDE	SSD	2013	3,713	2,215	1.68	
ALTADORE	ALTADORE	ALT	1984	6,793	2,681	2.53	
CORAL SPRINGS	CORAL SPRINGS	COR	1982	0	0	0	
WESTGATE	WESTGATE	WGT	1983	3,777	1,248	3.03	
MAHOGANY	MAHOGANY	MAH	1988	0	0	0	
KINGSLAND	KINGSLAND	KIN	1972	5,248	1,810	2.9	
PARKDALE	PARKDALE	PKD	2014	2,341	933	2.51	
HAMPTONS	HAMPTONS	HAM	1973	0	0	0	
CORNERSTONE	CORNERSTONE	CNS	1983	0	0	0	
KINGSLAND	KINGSLAND	KIN	1974	5,098	1,968	2.59	
UPPER MOUNT ROYAL	UPPER MOUNT ROYAL	UMR	2007	2,588	1,000	2.59	
COVENTRY HILLS	COVENTRY HILLS	COV	2014	16,941	5,389	3.14	
HAYSBORO	HAYSBORO	HAY	1972	7,553	1,889	4	
MONTEREY PARK	MONTEREY PARK	MOR	2010	10,398	3,045	3.41	
DOUGLASDALE/GLEN	DOUGLASDALE/GLEN	DDG	2007	11,858	3,926	3.02	
BANKVIEW	BANKVIEW	BNK	1983	5,078	2,811	1.81	
RAMSAY	RAMSAY	RAM	2004	1,980	991	2	
COUNTRY HILLS	COUNTRY HILLS	COU	1977	0	0	0	
DEER RUN	DEER RUN	DRN	2008	5,623	2,070	2.72	
PARKLAND	PARKLAND	PKL	1979	5,024	1,341	3.75	
DOUGLASDALE/GLEN	DOUGLASDALE/GLEN	DDG	2016	12,697	4,513	2.81	
PUMP HILL	PUMP HILL	PUM	1986	1,398	397	3.52	
MCKENZIE LAKE	MCKENZIE LAKE	MCK	1982	138	49	2.82	
RAMSAY	RAMSAY	RAM	1990	2,198	1,015	2.17	
MAPLE RIDGE	MAPLE RIDGE	MPL	1974	3,330	802	4.15	
SOUTHVIEW	SOUTHVIEW	SOV	1981	2,704	846	3.2	
EDGEMONT	EDGEMONT	EDG	2002	17,644	5,318	3.32	
MAPLE RIDGE	MAPLE RIDGE	MPL	2015	1,938	795	2.44	
FOREST LAWN	FOREST LAWN	FLN	1994	7,934	2,897	2.74	
WESTGATE	WESTGATE	WGT	2007	3,152	1,301	2.42	
ST. ANDREWS HEIGHTS	ST. ANDREWS HEIGHTS	STA	1988	2,151	711	3.03	
FAIRVIEW	FAIRVIEW	FAI	2007	3,643	1,562	2.33	
MOUNT PLEASANT	MOUNT PLEASANT	MOP	2014	5,442	2,461	2.21	
MAPLE RIDGE	MAPLE RIDGE	MPL	2001	2,149	803	2.68	
SHERWOOD	SHERWOOD	SHW	2015	4,200	1,249	3.36	
ROXBORO	ROXBORO	ROX	1995	435	164	2.65	
EAU CLAIRE	EAU CLAIRE	EAU	2007	1,645	985	1.67	
CITYSCAPE	CITYSCAPE	CSC	1970	0	0	0	
SILVERADO	SILVERADO	SVO	1980	0	0	0	
NORTH HAVEN	NORTH HAVEN	NHV	1981	2,583	781	3.31	
TUXEDO PARK	TUXEDO PARK	TUX	1982	4,415	2,009	2.2	
DOUGLASDALE/GLEN	DOUGLASDALE/GLEN	DDG	2017	12,745	4,615	2.76	
SUNNYSIDE	SUNNYSIDE	SSD	2007	3,731	2,241	1.66	
NOLAN HILL	NOLAN HILL	NOL	2016	3,756	1,234	3.04	
CORAL SPRINGS	CORAL SPRINGS	COR	1983	0	0	0	
CHINOOK PARK	CHINOOK PARK	CHK	2009	1,725	577	2.99	
LINCOLN PARK	LINCOLN PARK	LPK	1982	37	4	9.25	
CHAPARRAL	CHAPARRAL	CHA	2010	10,805	3,406	3.17	
AUBURN BAY	AUBURN BAY	AUB	2016	14,559	4,743	3.07	
DEER RIDGE	DEER RIDGE	DRG	1972	0	0	0	
MANCHESTER	MANCHESTER	MAN	1976	503	199	2.53	
SIGNAL HILL	SIGNAL HILL	SIG	2009	13,912	5,150	2.7	
INGLEWOOD	INGLEWOOD	ING	1993	2,490	1,256	1.98	
SOMERSET	SOMERSET	SOM	1991	0	0	0	
EVERGREEN	EVERGREEN	EVE	1987	27	15	1.8	
QUEENS PARK VILLAGE	QUEENS PARK VILLAGE	QPK	1993	408	160	2.55	
SIGNAL HILL	SIGNAL HILL	SIG	1983	45	12	3.75	
HAWKWOOD	HAWKWOOD	HAW	1991	7,988	2,347	3.4	
FALCONRIDGE	FALCONRIDGE	FAL	2008	10,079	3,188	3.16	
WHITEHORN	WHITEHORN	WHI	1979	5,003	1,494	3.35	
SPRINGBANK HILL	SPRINGBANK HILL	SPH	2001	1,925	658	2.93	
HILLHURST	HILLHURST	HIL	1980	4,903	2,430	2.02	
SPRINGBANK HILL	SPRINGBANK HILL	SPH	1971	0	0	0	
SHAWNESSY	SHAWNESSY	SHN	1971	0	0	0	
LAKE BONAVISTA	LAKE BONAVISTA	LKB	1980	13,502	3,621	3.73	
WILDWOOD	WILDWOOD	WLD	1995	2,655	1,034	2.57	
EDGEMONT	EDGEMONT	EDG	2017	15,701	5,319	2.95	
HIGHLAND PARK	HIGHLAND PARK	HPK	1982	4,055	1,740	2.33	
EAU CLAIRE	EAU CLAIRE	EAU	1976	591	256	2.31	
SAGE HILL	SAGE HILL	SGH	1985	0	0	0	
WESTGATE	WESTGATE	WGT	1980	3,395	1,071	3.17	
STRATHCONA PARK	STRATHCONA PARK	STR	1991	4,937	1,612	3.06	
SOUTHVIEW	SOUTHVIEW	SOV	1974	2,949	817	3.61	
UNIVERSITY HEIGHTS	UNIVERSITY HEIGHTS	UNI	1974	2,578	757	3.41	
FALCONRIDGE	FALCONRIDGE	FAL	1999	10,579	3,173	3.33	
STRATHCONA PARK	STRATHCONA PARK	STR	1983	2,409	829	2.91	
FALCONRIDGE	FALCONRIDGE	FAL	2017	10,352	3,223	3.21	
SANDSTONE VALLEY	SANDSTONE VALLEY	SAN	1971	0	0	0	
SAGE HILL	SAGE HILL	SGH	1991	46	16	2.88	
WINDSOR PARK	WINDSOR PARK	WND	1982	3,218	1,667	1.93	
RENFREW	RENFREW	REN	2004	5,553	2,784	1.99	
OAKRIDGE	OAKRIDGE	OAK	1973	2,787	782	3.56	
MARLBOROUGH PARK	MARLBOROUGH PARK	MPK	2004	8,715	2,864	3.04	
ELBOYA	ELBOYA	EYA	2005	1,669	704	2.37	
ROXBORO	ROXBORO	ROX	1996	434	164	2.65	
QUEENS PARK VILLAGE	QUEENS PARK VILLAGE	QPK	1986	0	0	0	
NORTH GLENMORE PARK	NORTH GLENMORE PARK	NGM	1987	2,704	971	2.78	
GARRISON WOODS	GARRISON WOODS	GAW	1994	0	0	0	
MONTEREY PARK	MONTEREY PARK	MOR	1985	39	12	3.25	
COUNTRY HILLS	COUNTRY HILLS	COU	1978	0	0	0	
LEGACY	LEGACY	LEG	1974	0	0	0	
BOWNESS	BOWNESS	BOW	2017	10,895	4,940	2.21	
SCARBORO	SCARBORO	SCA	1969	1,144	356	3.21	
BRIDLEWOOD	BRIDLEWOOD	BRI	1972	0	0	0	
ERIN WOODS	ERIN WOODS	ERI	2007	7,051	2,370	2.98	
ASPEN WOODS	ASPEN WOODS	ASP	2017	9,212	2,875	3.2	
EVANSTON	EVANSTON	EVN	1983	0	0	0	
SOUTHVIEW	SOUTHVIEW	SOV	2001	2,300	858	2.68	
CHRISTIE PARK	CHRISTIE PARK	CHR	2017	2,148	717	3	
HAYSBORO	HAYSBORO	HAY	2010	6,539	3,160	2	
TUXEDO PARK	TUXEDO PARK	TUX	2014	4,878	2,398	2.03	
CHRISTIE PARK	CHRISTIE PARK	CHR	1969	32	8	4	
ASPEN WOODS	ASPEN WOODS	ASP	1985	0	0	0	
MARLBOROUGH	MARLBOROUGH	MRL	2007	8,447	2,979	2.84	
BRITANNIA	BRITANNIA	BRT	1998	793	304	2.61	
PARKDALE	PARKDALE	PKD	1983	1,888	789	2.39	
COUGAR RIDGE	COUGAR RIDGE	CGR	1978	0	0	0	
BRIDGELAND/RIVERSIDE	BRIDGELAND/RIVERSIDE	BRD	1977	5,097	2,239	2.28	
SUNNYSIDE	SUNNYSIDE	SSD	1977	3,667	1,956	1.87	
BRIDGELAND/RIVERSIDE	BRIDGELAND/RIVERSIDE	BRD	2017	6,332	3,197	1.98	
NOLAN HILL	NOLAN HILL	NOL	1975	0	0	0	
ST. ANDREWS HEIGHTS	ST. ANDREWS HEIGHTS	STA	2014	1,688	613	2.75	
RIVERBEND	RIVERBEND	RIV	1989	2,497	804	3.11	
SUNDANCE	SUNDANCE	SDC	1991	8,421	2,352	3.58	
TUXEDO PARK	TUXEDO PARK	TUX	2015	5,119	2,448	2.09	
MACEWAN GLEN	MACEWAN GLEN	MAC	1998	5,678	1,753	3.24	
HIGHWOOD	HIGHWOOD	HIW	1985	2,175	867	2.51	
EAGLE RIDGE	EAGLE RIDGE	EAG	1971	592	93	6.37	
ERLTON	ERLTON	ERL	1986	602	274	2.2	
KELVIN GROVE	KELVIN GROVE	KEL	1996	2,153	846	2.54	
BRITANNIA	BRITANNIA	BRT	1983	838	319	2.63	
CITADEL	CITADEL	CIT	1969	0	0	0	
SUNALTA	SUNALTA	SNA	1982	3,176	1,721	1.85	
SHAGANAPPI	SHAGANAPPI	SHG	1992	1,639	759	2.16	
GARRISON WOODS	GARRISON WOODS	GAW	2007	0	0	0	
COVENTRY HILLS	COVENTRY HILLS	COV	2015	17,546	5,490	3.2	
MIDNAPORE	MIDNAPORE	MID	2001	7,140	2,462	2.9	
MOUNT PLEASANT	MOUNT PLEASANT	MOP	1994	4,400	2,159	2.04	
TARADALE	TARADALE	TAR	2003	5,850	1,742	3.36	
RED CARPET	RED CARPET	RED	1979	1,204	412	2.92	
MISSION	MISSION	MIS	1996	3,406	2,422	1.41	
CORAL SPRINGS	CORAL SPRINGS	COR	2009	6,009	1,466	4.1	
COUNTRY HILLS VILLAGE	COUNTRY HILLS VILLAGE	CHV	2004	652	394	1.65	
PARKLAND	PARKLAND	PKL	2009	3,847	1,426	2.7	
RIVERBEND	RIVERBEND	RIV	1973	70	22	3.18	
GLAMORGAN	GLAMORGAN	GLA	2000	6,535	2,826	2.31	
RUTLAND PARK	RUTLAND PARK	RUT	1978	2,988	852	3.51	
WINDSOR PARK	WINDSOR PARK	WND	2014	4,417	2,333	1.89	
SCARBORO/SUNALTA WEST	SCARBORO	SSW	1991	383	163	2.35	
DOUGLASDALE/GLEN	DOUGLASDALE/GLEN	DDG	1971	0	0	0	
PINERIDGE	PINERIDGE	PIN	1988	10,170	3,308	3.07	
BEDDINGTON HEIGHTS	BEDDINGTON HEIGHTS	BED	1985	11,963	3,785	3.16	
CHARLESWOOD/COLLINGWOOD	CHARLESWOOD		2017	5,798	2,347	2.47	Combined communities of CHARLESWOOD (CHW) and COLLINGWOOD (COL)
SUNNYSIDE	SUNNYSIDE	SSD	1979	3,743	2,045	1.83	
GLENBROOK	GLENBROOK	GBK	2009	6,913	3,053	2.26	
BELVEDERE	BELVEDERE	BVD	1991	0	0	0	
FALCONRIDGE	FALCONRIDGE	FAL	1981	4,335	1,321	3.28	
ALTADORE	ALTADORE	ALT	1987	6,548	2,715	2.41	
BRIDLEWOOD	BRIDLEWOOD	BRI	2009	10,989	3,825	2.87	
SOUTHWOOD	SOUTHWOOD	SOW	1982	7,658	2,505	3.06	
MOUNT PLEASANT	MOUNT PLEASANT	MOP	2001	4,627	2,232	2.07	
HAYSBORO	HAYSBORO	HAY	1970	7,910	1,842	4	
GLENBROOK	GLENBROOK	GBK	1980	7,196	2,529	2.85	
DOUGLASDALE/GLEN	DOUGLASDALE/GLEN	DDG	1997	7,903	2,660	2.97	
NEW BRIGHTON	NEW BRIGHTON	NEB	1969	0	0	0	
MANCHESTER	MANCHESTER	MAN	2015	1,055	493	2.14	
BAYVIEW	BAYVIEW	BYV	1987	732	240	3.05	
SCENIC ACRES	SCENIC ACRES	SCE	2002	9,608	2,877	3.34	
RIVERBEND	RIVERBEND	RIV	1990	3,807	1,226	3.11	
CANYON MEADOWS	CANYON MEADOWS	CAN	1998	8,580	3,107	2.76	
NEW BRIGHTON	NEW BRIGHTON	NEB	2005	1,206	420	2.87	
FAIRVIEW	FAIRVIEW	FAI	2004	3,679	1,547	2.38	
CEDARBRAE	CEDARBRAE	CED	1979	3,519	1,015	3.47	
ERLTON	ERLTON	ERL	1972	891	338	2.64	
DOVER	DOVER	DOV	1983	11,556	3,443	3.36	
SCENIC ACRES	SCENIC ACRES	SCE	1979	0	0	0	
HUNTINGTON HILLS	HUNTINGTON HILLS	HUN	1986	15,479	4,957	3.12	
EDGEMONT	EDGEMONT	EDG	1985	6,138	1,881	3.26	
LAKE BONAVISTA	LAKE BONAVISTA	LKB	2000	10,400	3,249	3.2	
RENFREW	RENFREW	REN	1987	5,547	2,644	2.1	
SOMERSET	SOMERSET	SOM	2003	8,021	2,936	2.73	
CEDARBRAE	CEDARBRAE	CED	2014	6,271	2,572	2.44	
SOUTH CALGARY	SOUTH CALGARY	SOC	2015	3,954	2,084	1.9	
MISSION	MISSION	MIS	2009	4,272	2,982	1.43	
PUMP HILL	PUMP HILL	PUM	2017	1,649	539	3.06	
EAU CLAIRE	EAU CLAIRE	EAU	1996	854	525	1.63	
BEL-AIRE	BEL-AIRE	BEL	2006	484	149	3.25	
SCARBORO	SCARBORO	SCA	1992	804	329	2.44	
DOWNTOWN WEST END	DOWNTOWN WEST END	DNW	2016	2,344	1,402	1.67	
GREENWOOD/GREENBRIAR	GREENWOOD/GREENBRIAR	GRE	2000	982	449	2.19	
SKYVIEW RANCH	SKYVIEW RANCH	SKR	1978	0	0	0	
CITADEL	CITADEL	CIT	2002	7,952	2,610	3.05	
UPPER MOUNT ROYAL	UPPER MOUNT ROYAL	UMR	2002	2,697	1,041	2.59	
MEADOWLARK PARK	MEADOWLARK PARK	MEA	2001	657	289	2.27	
TARADALE	TARADALE	TAR	2005	8,961	2,574	3.48	
CHARLESWOOD/COLLINGWOOD	CHARLESWOOD		1998	6,054	2,425	2.5	Combined communities of CHARLESWOOD (CHW) and COLLINGWOOD (COL)
RUNDLE	RUNDLE	RUN	1995	11,414	3,408	3.35	
SOUTHWOOD	SOUTHWOOD	SOW	1981	7,704	2,496	3.09	
CHRISTIE PARK	CHRISTIE PARK	CHR	2003	2,309	721	3.2	
SOUTH CALGARY	SOUTH CALGARY	SOC	2009	3,641	1,890	1.93	
PINERIDGE	PINERIDGE	PIN	1974	82	20	4.1	
CLIFF BUNGALOW	CLIFF BUNGALOW	CLI	1969	2,083	1,003	2.08	
CRANSTON	CRANSTON	CRA	2008	7,878	2,851	2.76	
CHRISTIE PARK	CHRISTIE PARK	CHR	1983	25	8	3.13	
CORNERSTONE	CORNERSTONE	CNS	1979	0	0	0	
FOREST HEIGHTS	FOREST HEIGHTS	FHT	1983	6,656	1,886	3.53	
ROYAL OAK	ROYAL OAK	ROY	1980	0	0	0	
HIGHWOOD	HIGHWOOD	HIW	1999	2,141	894	2.39	
BOWNESS	BOWNESS	BOW	1989	12,493	4,841	2.58	
KILLARNEY/GLENGARRY	KILLARNEY/GLENGARRY	KIL	2007	6,528	3,230	2.02	
BRIDLEWOOD	BRIDLEWOOD	BRI	1986	17	4	4.25	
DEER RUN	DEER RUN	DRN	2000	6,389	2,076	3.08	
POINT MCKAY	POINT MCKAY	POI	2009	1,324	821	1.61	
RAMSAY	RAMSAY	RAM	2002	2,117	1,043	2.03	
WHITEHORN	WHITEHORN	WHI	2011	11,541	3,507	3.29	
BRITANNIA	BRITANNIA	BRT	1991	757	311	2.43	
BAYVIEW	BAYVIEW	BYV	2016	665	240	2.77	
SAGE HILL	SAGE HILL	SGH	1982	0	0	0	
QUEENS PARK VILLAGE	QUEENS PARK VILLAGE	QPK	1998	424	184	2.3	
PARKDALE	PARKDALE	PKD	2007	2,064	986	2.09	
BOWNESS	BOWNESS	BOW	1993	12,233	4,812	2.54	
WINSTON HEIGHTS/MOUNTVIEW	WINSTON HEIGHTS/MOUNTVIEW	WIN	1973	4,476	1,486	3.01	
RED CARPET	RED CARPET	RED	2002	1,581	728	2.17	
KELVIN GROVE	KELVIN GROVE	KEL	2015	2,234	793	2.82	
MIDNAPORE	MIDNAPORE	MID	2011	6,888	2,640	2.61	
DALHOUSIE	DALHOUSIE	DAL	1976	8,425	2,335	3.61	
ST. ANDREWS HEIGHTS	ST. ANDREWS HEIGHTS	STA	2015	1,763	602	2.93	
GREENWOOD/GREENBRIAR	GREENWOOD/GREENBRIAR	GRE	1974	0	0	0	
SOUTHWOOD	SOUTHWOOD	SOW	1973	6,132	1,489	4.12	
MAYFAIR	MAYFAIR	MAF	2005	486	156	3.12	
NORTH HAVEN	NORTH HAVEN	NHV	2016	2,440	969	2.52	
LOWER MOUNT ROYAL	LOWER MOUNT ROYAL	LMR	1998	3,151	2,101	1.5	
KINGSLAND	KINGSLAND	KIN	2004	4,205	2,154	1.95	
CEDARBRAE	CEDARBRAE	CED	1997	6,793	2,351	2.89	
GARRISON WOODS	GARRISON WOODS	GAW	1992	0	0	0	
SOUTHWOOD	SOUTHWOOD	SOW	1978	8,101	2,467	3.28	
HIDDEN VALLEY	HIDDEN VALLEY	HID	1992	110	29	3.79	
DIAMOND COVE	DIAMOND COVE	DIA	1999	878	268	3.28	
MILLRISE	MILLRISE	MLR	2012	6,892	2,586	2.67	
RANCHLANDS	RANCHLANDS	RAN	1999	8,377	2,909	2.88	
GREENVIEW	GREENVIEW	GRV	1988	2,181	983	2.22	
CASTLERIDGE	CASTLERIDGE	CAS	2013	6,410	1,889	3.39	
BRIDLEWOOD	BRIDLEWOOD	BRI	1991	24	8	3	
BOWNESS	BOWNESS	BOW	1991	12,529	4,820	2.6	
GREENWOOD/GREENBRIAR	GREENWOOD/GREENBRIAR	GRE	2013	943	479	1.97	
MACEWAN GLEN	MACEWAN GLEN	MAC	1981	0	0	0	
PANORAMA HILLS	PANORAMA HILLS	PAN	2009	16,444	5,092	3.23	
ERLTON	ERLTON	ERL	1984	574	241	2.38	
HIDDEN VALLEY	HIDDEN VALLEY	HID	2012	11,799	3,819	3.09	
GARRISON GREEN	GARRISON GREEN	GAG	1995	619	194	3.19	
DEER RUN	DEER RUN	DRN	1974	0	0	0	
MCKENZIE TOWNE	MCKENZIE TOWNE	MCT	1994	0	0	0	
TEMPLE	TEMPLE	TEM	1990	11,969	3,425	3.49	
BRAESIDE	BRAESIDE	BRA	1976	3,831	1,072	3.57	
INGLEWOOD	INGLEWOOD	ING	2009	3,263	1,753	1.86	
TEMPLE	TEMPLE	TEM	1992	12,010	3,423	3.51	
DEER RUN	DEER RUN	DRN	1985	5,334	1,745	3.06	
MAYFAIR	MAYFAIR	MAF	1979	663	182	3.64	
BANKVIEW	BANKVIEW	BNK	1972	5,111	2,262	2.26	
HILLHURST	HILLHURST	HIL	1995	4,820	2,500	1.93	
ERIN WOODS	ERIN WOODS	ERI	1987	3,434	988	3.48	
CORNERSTONE	CORNERSTONE	CNS	2014	0	0	0	
NEW BRIGHTON	NEW BRIGHTON	NEB	1982	0	0	0	
ROXBORO	ROXBORO	ROX	1972	486	170	2.86	
DALHOUSIE	DALHOUSIE	DAL	1977	8,944	2,558	3.5	
TEMPLE	TEMPLE	TEM	1985	11,001	3,212	3.42	
TUSCANY	TUSCANY	TUS	1968	0	0	0	
CAMBRIAN HEIGHTS	CAMBRIAN HEIGHTS	CAM	2000	2,127	882	2.41	
ROYAL OAK	ROYAL OAK	ROY	1986	0	0	0	
FAIRVIEW	FAIRVIEW	FAI	2003	3,717	1,550	2.4	
VISTA HEIGHTS	VISTA HEIGHTS	VIS	1969	2,054	500	4.11	
PUMP HILL	PUMP HILL	PUM	2007	1,759	544	3.23	
LEGACY	LEGACY	LEG	2000	0	0	0	
QUEENS PARK VILLAGE	QUEENS PARK VILLAGE	QPK	2006	403	183	2.2	
SHAGANAPPI	SHAGANAPPI	SHG	1983	1,794	790	2.27	
UNIVERSITY OF CALGARY	UNIVERSITY OF CALGARY	UOC	2001	2,272	631	3.6	
UPPER MOUNT ROYAL	UPPER MOUNT ROYAL	UMR	1991	2,633	1,036	2.54	
CORAL SPRINGS	CORAL SPRINGS	COR	1993	572	143	4	
STRATHCONA PARK	STRATHCONA PARK	STR	1994	5,009	1,619	3.09	
SPRUCE CLIFF	SPRUCE CLIFF	SPR	1974	3,581	1,265	2.83	
RANCHLANDS	RANCHLANDS	RAN	2014	7,926	3,001	2.64	
ROCKY RIDGE	ROCKY RIDGE	ROC	1972	0	0	0	
HILLHURST	HILLHURST	HIL	1987	4,573	2,438	1.88	
CRESTMONT	CRESTMONT	CRM	1994	0	0	0	
SOUTHWOOD	SOUTHWOOD	SOW	2016	6,282	2,546	2.47	
NORTH GLENMORE PARK	NORTH GLENMORE PARK	NGM	2011	2,388	971	2.46	
KELVIN GROVE	KELVIN GROVE	KEL	1981	2,316	764	3.03	
BELTLINE	BELTLINE	BLN	1970	14,915	7,641	1.95	Combined communities of CONNAUGHT (CON) and VICTORIA PARK (VIC)
CHARLESWOOD/COLLINGWOOD	CHARLESWOOD		2008	5,721	2,347	2.44	Combined communities of CHARLESWOOD (CHW) and COLLINGWOOD (COL)
MOUNT PLEASANT	MOUNT PLEASANT	MOP	2006	4,803	2,289	2.1	
ALTADORE	ALTADORE	ALT	1969	6,727	2,048	3.28	
SHAWNEE SLOPES	SHAWNEE SLOPES	SHS	1986	133	42	3.17	
ROYAL OAK	ROYAL OAK	ROY	1989	14	7	2	
KELVIN GROVE	KELVIN GROVE	KEL	1987	2,126	817	2.6	
LEGACY	LEGACY	LEG	1970	0	0	0	
CRANSTON	CRANSTON	CRA	1973	0	0	0	
WILDWOOD	WILDWOOD	WLD	2015	2,679	1,026	2.61	
SHERWOOD	SHERWOOD	SHW	1972	0	0	0	
MEADOWLARK PARK	MEADOWLARK PARK	MEA	2008	598	263	2.27	
ALTADORE	ALTADORE	ALT	2016	6,676	2,848	2.34	Community boundaries were changed to create GARRISON WOODS (GAW)
BANKVIEW	BANKVIEW	BNK	2011	4,754	3,020	1.57	
ERIN WOODS	ERIN WOODS	ERI	2005	6,819	2,199	3.1	
EAU CLAIRE	EAU CLAIRE	EAU	1972	735	305	2.41	
SUNDANCE	SUNDANCE	SDC	1995	11,175	3,116	3.59	
SETON	SETON	SET	1975	0	0	0	
SETON	SETON	SET	2014	0	0	0	
COPPERFIELD	COPPERFIELD	CPF	1984	0	0	0	
SCENIC ACRES	SCENIC ACRES	SCE	2008	9,125	2,897	3.15	
KINCORA	KINCORA	KCA	1992	13	2	6.5	
SCARBORO/SUNALTA WEST	SCARBORO	SSW	1973	541	165	3.28	
DOWNTOWN COMMERCIAL CORE	DOWNTOWN COMMERCIAL CORE	DNC	1992	6,356	4,133	1.54	
RIVERBEND	RIVERBEND	RIV	1968	75	22	3.41	
MACEWAN GLEN	MACEWAN GLEN	MAC	1975	0	0	0	
UNIVERSITY HEIGHTS	UNIVERSITY HEIGHTS	UNI	1969	2,815	754	3.73	
SHAGANAPPI	SHAGANAPPI	SHG	2005	1,629	808	2.02	
STRATHCONA PARK	STRATHCONA PARK	STR	1979	0	0	0	
EAU CLAIRE	EAU CLAIRE	EAU	1969	976	367	2.66	
ALBERT PARK/RADISSON HEIGHTS	ALBERT PARK/RADISSON HEIGHTS	ALB	1979	5,514	1,799	3.07	
SILVER SPRINGS	SILVER SPRINGS	SIL	2013	8,944	3,475	2.57	
MANCHESTER	MANCHESTER	MAN	1997	281	162	1.73	
SHAGANAPPI	SHAGANAPPI	SHG	1971	2,008	705	2.85	
BAYVIEW	BAYVIEW	BYV	1969	115	28	4.11	
DIAMOND COVE	DIAMOND COVE	DIA	1975	0	0	0	
SOUTH CALGARY	SOUTH CALGARY	SOC	2017	4,038	2,080	1.94	
TUSCANY	TUSCANY	TUS	2015	19,737	6,455	3.06	
NEW BRIGHTON	NEW BRIGHTON	NEB	2006	1,779	619	2.87	
BRITANNIA	BRITANNIA	BRT	1985	765	321	2.38	
REDSTONE	REDSTONE	RSN	1997	0	0	0	
MANCHESTER	MANCHESTER	MAN	1988	270	163	1.66	
SOMERSET	SOMERSET	SOM	2015	8,717	3,090	2.82	
HARVEST HILLS	HARVEST HILLS	HAR	2009	7,434	2,503	2.97	
MACEWAN GLEN	MACEWAN GLEN	MAC	1988	2,288	729	3.14	
FOREST LAWN	FOREST LAWN	FLN	1982	9,088	2,951	3.08	
NORTH GLENMORE PARK	NORTH GLENMORE PARK	NGM	2017	2,396	946	2.53	
OGDEN	OGDEN	OGD	2016	8,714	3,668	2.38	
DOVER	DOVER	DOV	1974	7,924	2,052	3.86	
BONAVISTA DOWNS	BONAVISTA DOWNS	BDO	1978	1,133	326	3.48	
GLAMORGAN	GLAMORGAN	GLA	2001	6,565	2,838	2.31	
HOUNSFIELD HEIGHTS/BRIAR HILL	HOUNSFIELD HEIGHTS/BRIAR HILL	HOU	1980	2,847	886	3.21	
LAKE BONAVISTA	LAKE BONAVISTA	LKB	1996	11,434	3,617	3.16	
WEST SPRINGS	WEST SPRINGS	WSP	1989	0	0	0	
ROYAL OAK	ROYAL OAK	ROY	2005	5,631	1,998	2.82	
VARSITY	VARSITY	VAR	2005	11,963	5,143	2.33	
EAGLE RIDGE	EAGLE RIDGE	EAG	1985	537	108	4.97	
DOWNTOWN COMMERCIAL CORE	DOWNTOWN COMMERCIAL CORE	DNC	2007	7,523	4,401	1.71	
BRIDGELAND/RIVERSIDE	BRIDGELAND/RIVERSIDE	BRD	1990	4,684	2,444	1.92	
CRESTMONT	CRESTMONT	CRM	1988	0	0	0	
ARBOUR LAKE	ARBOUR LAKE	ARB	1970	0	0	0	
KINGSLAND	KINGSLAND	KIN	1977	4,995	2,072	2.41	
LEGACY	LEGACY	LEG	1988	0	0	0	
RANCHLANDS	RANCHLANDS	RAN	2008	7,640	2,913	2.62	
EAGLE RIDGE	EAGLE RIDGE	EAG	1983	531	104	5.11	
MANCHESTER	MANCHESTER	MAN	1991	274	166	1.65	
SUNDANCE	SUNDANCE	SDC	1999	11,784	3,269	3.6	
SCARBORO	SCARBORO	SCA	1975	1,035	341	3.04	
NOLAN HILL	NOLAN HILL	NOL	2006	12	3	4	
ERLTON	ERLTON	ERL	1993	542	264	2.05	
CRANSTON	CRANSTON	CRA	2014	15,354	5,329	2.88	
CHARLESWOOD/COLLINGWOOD	CHARLESWOOD		2009	5,795	2,363	2.45	Combined communities of CHARLESWOOD (CHW) and COLLINGWOOD (COL)
ROYAL OAK	ROYAL OAK	ROY	1996	56	25	2.24	
VARSITY	VARSITY	VAR	1996	12,473	5,202	2.4	
RUNDLE	RUNDLE	RUN	1971	0	0	0	
WEST HILLHURST	WEST HILLHURST	WHL	1969	6,830	2,142	3.19	
PARKLAND	PARKLAND	PKL	1991	4,733	1,346	3.52	
BEDDINGTON HEIGHTS	BEDDINGTON HEIGHTS	BED	2016	11,792	4,231	2.79	
SETON	SETON	SET	1969	0	0	0	
ROXBORO	ROXBORO	ROX	2006	413	150	2.75	
CHRISTIE PARK	CHRISTIE PARK	CHR	1976	46	11	4.18	
WESTGATE	WESTGATE	WGT	2014	3,219	1,292	2.49	
COVENTRY HILLS	COVENTRY HILLS	COV	1971	0	0	0	
PANORAMA HILLS	PANORAMA HILLS	PAN	1974	0	0	0	
CHRISTIE PARK	CHRISTIE PARK	CHR	1971	36	8	4.5	
KILLARNEY/GLENGARRY	KILLARNEY/GLENGARRY	KIL	1993	6,160	2,956	2.08	
INGLEWOOD	INGLEWOOD	ING	1987	2,524	1,169	2.16	
FAIRVIEW	FAIRVIEW	FAI	1983	4,380	1,501	2.92	
SUNDANCE	SUNDANCE	SDC	1968	0	0	0	
VARSITY	VARSITY	VAR	1993	12,676	5,106	2.48	
GLAMORGAN	GLAMORGAN	GLA	2010	6,283	2,825	2.22	
EAU CLAIRE	EAU CLAIRE	EAU	2015	1,683	1,013	1.66	
SETON	SETON	SET	1986	0	0	0	
HAMPTONS	HAMPTONS	HAM	2005	8,005	2,381	3.36	
CRESTMONT	CRESTMONT	CRM	1972	0	0	0	
GLENBROOK	GLENBROOK	GBK	2008	7,054	3,113	2.27	
MONTEREY PARK	MONTEREY PARK	MOR	1994	5,427	1,563	3.47	
BRIDGELAND/RIVERSIDE	BRIDGELAND/RIVERSIDE	BRD	2016	6,052	3,004	2.01	
BRIDGELAND/RIVERSIDE	BRIDGELAND/RIVERSIDE	BRD	1993	4,546	2,381	1.91	
QUEENSLAND	QUEENSLAND	QLD	2006	5,180	1,844	2.81	
KINCORA	KINCORA	KCA	2013	5,130	1,539	3.33	
CLIFF BUNGALOW	CLIFF BUNGALOW	CLI	1993	2,087	1,284	1.63	
SIGNAL HILL	SIGNAL HILL	SIG	1968	78	18	4.33	
ABBEYDALE	ABBEYDALE	ABB	1972	0	0	0	
EDGEMONT	EDGEMONT	EDG	2005	17,157	5,354	3.2	
TUXEDO PARK	TUXEDO PARK	TUX	1971	4,851	1,825	2.66	
WHITEHORN	WHITEHORN	WHI	1970	3	1	3	
WILDWOOD	WILDWOOD	WLD	1984	2,950	1,037	2.84	
SCENIC ACRES	SCENIC ACRES	SCE	1970	0	0	0	
BRIDGELAND/RIVERSIDE	BRIDGELAND/RIVERSIDE	BRD	1999	4,618	2,273	2.03	
ROSEDALE	ROSEDALE	RDL	2001	1,651	625	2.64	
BELVEDERE	BELVEDERE	BVD	1985	0	0	0	
MILLRISE	MILLRISE	MLR	2005	6,400	2,261	2.83	
SOUTHWOOD	SOUTHWOOD	SOW	1999	6,495	2,520	2.58	
CRESCENT HEIGHTS	CRESCENT HEIGHTS	CRE	1998	5,730	3,280	1.75	
REDSTONE	REDSTONE	RSN	1994	0	0	0	
SETON	SETON	SET	2015	0	0	0	
RUTLAND PARK	RUTLAND PARK	RUT	1971	1,918	462	4.15	
ROXBORO	ROXBORO	ROX	2000	428	164	2.61	
HILLHURST	HILLHURST	HIL	1981	4,933	2,443	2.02	
APPLEWOOD PARK	APPLEWOOD PARK	APP	1968	0	0	0	
MONTGOMERY	MONTGOMERY	MON	1970	5,186	1,340	3.87	
ST. ANDREWS HEIGHTS	ST. ANDREWS HEIGHTS	STA	2003	1,755	686	2.56	
DOVER	DOVER	DOV	2008	10,314	4,296	2.4	
FOREST HEIGHTS	FOREST HEIGHTS	FHT	2007	6,295	2,133	2.95	
SPRINGBANK HILL	SPRINGBANK HILL	SPH	2010	8,135	2,789	2.92	
RED CARPET	RED CARPET	RED	2013	1,594	876	1.82	
CAMBRIAN HEIGHTS	CAMBRIAN HEIGHTS	CAM	2011	2,039	854	2.39	
DOWNTOWN EAST VILLAGE	DOWNTOWN EAST VILLAGE	DNE	1999	1,255	662	1.9	
DOWNTOWN EAST VILLAGE	DOWNTOWN EAST VILLAGE	DNE	1987	1,036	686	1.51	
SHAGANAPPI	SHAGANAPPI	SHG	2010	1,443	688	2.1	
APPLEWOOD PARK	APPLEWOOD PARK	APP	2008	6,127	1,937	3.16	
TEMPLE	TEMPLE	TEM	1977	35	12	2.92	
SOUTHWOOD	SOUTHWOOD	SOW	2001	6,460	2,531	2.55	
SUNDANCE	SUNDANCE	SDC	1987	3,648	1,095	3.33	
ELBOW PARK	ELBOW PARK	EPK	1999	3,478	1,174	2.96	
KINCORA	KINCORA	KCA	1970	0	0	0	
HIGHWOOD	HIGHWOOD	HIW	2017	2,233	907	2.46	
KINGSLAND	KINGSLAND	KIN	2013	4,591	2,290	2	
KINGSLAND	KINGSLAND	KIN	2000	4,389	2,199	2	
ASPEN WOODS	ASPEN WOODS	ASP	1988	0	0	0	
EAGLE RIDGE	EAGLE RIDGE	EAG	2014	500	97	5.15	
BRENTWOOD	BRENTWOOD	BRE	1980	7,756	2,505	3.1	
COVENTRY HILLS	COVENTRY HILLS	COV	2003	8,676	3,034	2.86	
BANKVIEW	BANKVIEW	BNK	1981	5,590	3,020	1.85	
CANYON MEADOWS	CANYON MEADOWS	CAN	2006	7,935	3,071	2.58	
NORTH GLENMORE PARK	NORTH GLENMORE PARK	NGM	1980	3,037	946	3.21	
SCENIC ACRES	SCENIC ACRES	SCE	2003	9,594	2,896	3.31	
PARKHILL	PARKHILL	PKH	2002	1,556	747	2.08	
OGDEN	OGDEN	OGD	1998	10,365	3,810	2.72	
QUEENS PARK VILLAGE	QUEENS PARK VILLAGE	QPK	1990	407	186	2.19	
COPPERFIELD	COPPERFIELD	CPF	1988	0	0	0	
HIGHWOOD	HIGHWOOD	HIW	1984	2,195	866	2.53	
RUNDLE	RUNDLE	RUN	2002	11,461	3,535	3.24	
VISTA HEIGHTS	VISTA HEIGHTS	VIS	2004	2,135	735	2.9	
ROYAL OAK	ROYAL OAK	ROY	2008	9,910	3,446	2.88	
FAIRVIEW	FAIRVIEW	FAI	1978	5,160	1,540	3.35	
MAYLAND HEIGHTS	MAYLAND HEIGHTS	MAL	2004	5,706	2,512	2.27	
WILLOW PARK	WILLOW PARK	WIL	1981	7,209	2,208	3.26	
KINGSLAND	KINGSLAND	KIN	1986	4,267	2,074	2.06	
SOUTHVIEW	SOUTHVIEW	SOV	1994	2,362	866	2.73	
CAMBRIAN HEIGHTS	CAMBRIAN HEIGHTS	CAM	1972	3,127	857	3.65	
COACH HILL	COACH HILL	COA	2000	3,373	1,424	2.37	
LINCOLN PARK	LINCOLN PARK	LPK	1992	809	356	2.27	
MONTGOMERY	MONTGOMERY	MON	2002	4,024	1,619	2.49	
MONTEREY PARK	MONTEREY PARK	MOR	1999	9,326	2,674	3.49	
PUMP HILL	PUMP HILL	PUM	1984	1,302	350	3.72	
HIDDEN VALLEY	HIDDEN VALLEY	HID	1981	0	0	0	
AUBURN BAY	AUBURN BAY	AUB	1982	0	0	0	
FOREST LAWN	FOREST LAWN	FLN	1975	7,870	2,192	3.59	
MAYFAIR	MAYFAIR	MAF	1996	543	183	2.97	
MAPLE RIDGE	MAPLE RIDGE	MPL	1975	3,298	801	4.12	
CHINATOWN	CHINATOWN	CHN	1973	745	314	2.37	
WESTGATE	WESTGATE	WGT	1973	3,861	988	3.91	
GLAMORGAN	GLAMORGAN	GLA	2006	6,317	2,890	2.19	
FOREST HEIGHTS	FOREST HEIGHTS	FHT	2016	6,538	2,131	3.07	
SKYVIEW RANCH	SKYVIEW RANCH	SKR	2009	26	11	2.36	
FAIRVIEW	FAIRVIEW	FAI	2005	3,634	1,549	2.35	
BELTLINE	BELTLINE	BLN	2003	17,230	10,644	1.62	Combined communities of CONNAUGHT (CON) and VICTORIA PARK (VIC)
RUNDLE	RUNDLE	RUN	1988	11,526	3,424	3.37	
CLIFF BUNGALOW	CLIFF BUNGALOW	CLI	1992	1,964	1,234	1.59	
SANDSTONE VALLEY	SANDSTONE VALLEY	SAN	2016	6,033	2,082	2.9	
SOUTHWOOD	SOUTHWOOD	SOW	2010	5,870	2,513	2.34	
KINGSLAND	KINGSLAND	KIN	2005	4,370	2,241	1.95	
DOWNTOWN EAST VILLAGE	DOWNTOWN EAST VILLAGE	DNE	1979	1,151	543	2.12	
BRAESIDE	BRAESIDE	BRA	1987	7,171	2,391	3	
HAMPTONS	HAMPTONS	HAM	1983	0	0	0	
SKYVIEW RANCH	SKYVIEW RANCH	SKR	2011	1,803	554	3.25	
STRATHCONA PARK	STRATHCONA PARK	STR	2015	7,089	2,410	2.94	
GARRISON GREEN	GARRISON GREEN	GAG	1983	724	220	3.29	
WILDWOOD	WILDWOOD	WLD	2003	2,586	1,037	2.49	
ROSEDALE	ROSEDALE	RDL	1989	1,572	656	2.4	
CITYSCAPE	CITYSCAPE	CSC	1983	0	0	0	
POINT MCKAY	POINT MCKAY	POI	2016	1,364	804	1.7	
MCKENZIE LAKE	MCKENZIE LAKE	MCK	2013	14,222	4,611	3.08	
TUXEDO PARK	TUXEDO PARK	TUX	1972	4,712	1,836	2.57	
SETON	SETON	SET	1990	0	0	0	
GLAMORGAN	GLAMORGAN	GLA	2004	6,438	2,849	2.26	
ACADIA	ACADIA	ACA	2016	10,767	4,742	2.27	
NEW BRIGHTON	NEW BRIGHTON	NEB	1980	0	0	0	
GLENDALE	GLENDALE	GDL	1975	3,369	960	3.51	
ARBOUR LAKE	ARBOUR LAKE	ARB	2008	10,581	3,741	2.83	
PENBROOKE MEADOWS	PENBROOKE MEADOWS	PEN	1989	9,695	2,767	3.5	
BELTLINE	BELTLINE	BLN	1989	15,146	9,768	1.55	Combined communities of CONNAUGHT (CON) and VICTORIA PARK (VIC)
SAGE HILL	SAGE HILL	SGH	1994	77	24	3.21	
CURRIE BARRACKS	CURRIE BARRACKS	CUR	1985	0			
SAGE HILL	SAGE HILL	SGH	2005	77	24	3.21	
TARADALE	TARADALE	TAR	2011	16,110	4,206	3.83	
MONTEREY PARK	MONTEREY PARK	MOR	1993	4,376	1,288	3.4	
MAYLAND HEIGHTS	MAYLAND HEIGHTS	MAL	1991	6,283	2,462	2.55	
CHINATOWN	CHINATOWN	CHN	1968	917	316	2.9	
SHAGANAPPI	SHAGANAPPI	SHG	1968	2,107	700	3.01	
HAMPTONS	HAMPTONS	HAM	2009	8,086	2,441	3.31	
HAWKWOOD	HAWKWOOD	HAW	1975	0	0	0	
EVERGREEN	EVERGREEN	EVE	2011	19,487	6,597	2.95	
NEW BRIGHTON	NEW BRIGHTON	NEB	1972	0	0	0	
UNIVERSITY HEIGHTS	UNIVERSITY HEIGHTS	UNI	1998	3,018	1,331	2.27	
ACADIA	ACADIA	ACA	1987	10,594	4,204	2.52	
REDSTONE	REDSTONE	RSN	2014	818	241	3.39	
SILVERADO	SILVERADO	SVO	1996	19	6	3.17	
SOMERSET	SOMERSET	SOM	2007	8,488	3,091	2.75	
RUTLAND PARK	RUTLAND PARK	RUT	1988	2,622	941	2.79	
SUNALTA	SUNALTA	SNA	2010	2,975	1,817	1.64	
MARTINDALE	MARTINDALE	MRT	2013	14,221	3,869	3.68	
BRIDGELAND/RIVERSIDE	BRIDGELAND/RIVERSIDE	BRD	1987	4,711	2,366	1.99	
KELVIN GROVE	KELVIN GROVE	KEL	1969	1,963	418	4.7	
ELBOYA	ELBOYA	EYA	1976	1,572	573	2.74	
SHERWOOD	SHERWOOD	SHW	1981	0	0	0	
BRAESIDE	BRAESIDE	BRA	2002	6,475	2,518	2.57	
PALLISER	PALLISER	PAL	1980	3,263	1,290	2.53	
HIDDEN VALLEY	HIDDEN VALLEY	HID	2007	11,810	3,814	3.1	
GARRISON GREEN	GARRISON GREEN	GAG	1968	1,015	234	4.34	
CHRISTIE PARK	CHRISTIE PARK	CHR	1996	1,940	623	3.11	
APPLEWOOD PARK	APPLEWOOD PARK	APP	2014	6,864	2,171	3.16	
LAKEVIEW	LAKEVIEW	LKV	2012	5,468	2,295	2.38	
SOUTH CALGARY	SOUTH CALGARY	SOC	2004	3,335	1,773	1.88	
DOWNTOWN WEST END	DOWNTOWN WEST END	DNW	2002	1,030	671	1.54	
WOODBINE	WOODBINE	WBN	1998	11,057	3,338	3.31	
COUNTRY HILLS	COUNTRY HILLS	COU	2015	3,835	1,417	2.71	
GLENDALE	GLENDALE	GDL	2000	2,851	1,092	2.61	
APPLEWOOD PARK	APPLEWOOD PARK	APP	1987	583	160	3.64	
OGDEN	OGDEN	OGD	1973	5,940	1,689	3.52	
RUNDLE	RUNDLE	RUN	2013	11,613	3,674	3.16	
RAMSAY	RAMSAY	RAM	2009	1,950	1,009	1.93	
GARRISON GREEN	GARRISON GREEN	GAG	1971	1,000	228	4.39	
HAWKWOOD	HAWKWOOD	HAW	1973	0	0	0	
RUNDLE	RUNDLE	RUN	1986	11,535	3,394	3.4	
RIDEAU PARK	RIDEAU PARK	RID	1979	636	322	1.98	
SCARBORO	SCARBORO	SCA	2016	909	319	2.85	
MONTGOMERY	MONTGOMERY	MON	2012	3,860	1,685	2.29	
FOREST HEIGHTS	FOREST HEIGHTS	FHT	2010	6,098	2,078	2.93	
SUNALTA	SUNALTA	SNA	1999	3,265	1,892	1.73	
SADDLE RIDGE	SADDLE RIDGE	SAD	1968	140	34	4.12	
PATTERSON	PATTERSON	PAT	2013	4,284	1,974	2.17	
SOMERSET	SOMERSET	SOM	1983	11	5	2.2	
SHAWNESSY	SHAWNESSY	SHN	2013	9,526	3,262	2.92	
DEER RIDGE	DEER RIDGE	DRG	2017	4,086	1,477	2.77	
VARSITY	VARSITY	VAR	1978	12,456	3,866	3.22	
SPRINGBANK HILL	SPRINGBANK HILL	SPH	1985	0	0	0	
ELBOYA	ELBOYA	EYA	1977	1,533	571	2.68	
HIGHWOOD	HIGHWOOD	HIW	2013	2,223	932	2.39	
HAMPTONS	HAMPTONS	HAM	1993	1,191	349	3.41	
CHINOOK PARK	CHINOOK PARK	CHK	1973	2,303	566	4.07	
ERLTON	ERLTON	ERL	2016	1,251	665	1.88	
DOWNTOWN EAST VILLAGE	DOWNTOWN EAST VILLAGE	DNE	2013	2,776	1,052	2.64	
CITYSCAPE	CITYSCAPE	CSC	1972	0	0	0	
ROXBORO	ROXBORO	ROX	2011	441	156	2.83	
OAKRIDGE	OAKRIDGE	OAK	1975	3,777	1,045	3.61	
REDSTONE	REDSTONE	RSN	2009	0	0	0	
BONAVISTA DOWNS	BONAVISTA DOWNS	BDO	2006	1,001	364	2.75	
ACADIA	ACADIA	ACA	1990	11,461	4,655	2.46	
CITADEL	CITADEL	CIT	1988	0	0	0	
COUNTRY HILLS VILLAGE	COUNTRY HILLS VILLAGE	CHV	1999	0	0	0	
WESTGATE	WESTGATE	WGT	2003	3,247	1,333	2.44	
MAHOGANY	MAHOGANY	MAH	1987	0	0	0	
MEADOWLARK PARK	MEADOWLARK PARK	MEA	2011	605	254	2.38	
SCARBORO/SUNALTA WEST	SCARBORO	SSW	1990	385	165	2.33	
RICHMOND	RICHMOND	RIC	1999	3,941	1,908	2.07	
WINDSOR PARK	WINDSOR PARK	WND	2004	3,710	2,121	1.75	
MARTINDALE	MARTINDALE	MRT	2000	8,095	2,590	3.13	
WESTGATE	WESTGATE	WGT	1969	4,252	978	4.35	
LINCOLN PARK	LINCOLN PARK	LPK	2014	2,623	1,379	1.9	
TARADALE	TARADALE	TAR	1971	0	0	0	
FOREST LAWN	FOREST LAWN	FLN	1984	7,984	2,777	2.88	
HAYSBORO	HAYSBORO	HAY	2014	7,240	3,535	2	
BAYVIEW	BAYVIEW	BYV	1981	823	235	3.5	
SHAWNESSY	SHAWNESSY	SHN	1982	1,002	327	3.06	
MAYLAND HEIGHTS	MAYLAND HEIGHTS	MAL	2009	5,931	2,657	2.23	
BRAESIDE	BRAESIDE	BRA	2015	6,049	2,514	2.41	
GLENBROOK	GLENBROOK	GBK	1973	6,303	1,806	3.49	
SOMERSET	SOMERSET	SOM	1987	14	5	2.8	
SANDSTONE VALLEY	SANDSTONE VALLEY	SAN	2004	6,744	2,079	3.24	
LINCOLN PARK	LINCOLN PARK	LPK	1987	333	167	1.99	
MILLRISE	MILLRISE	MLR	2001	5,512	1,906	2.89	
ROXBORO	ROXBORO	ROX	1998	430	164	2.62	
STRATHCONA PARK	STRATHCONA PARK	STR	1997	5,098	1,662	3.07	
INGLEWOOD	INGLEWOOD	ING	2007	3,291	1,765	1.86	
RUNDLE	RUNDLE	RUN	1982	11,770	3,393	3.47	
PINERIDGE	PINERIDGE	PIN	2001	10,095	3,412	2.96	
EDGEMONT	EDGEMONT	EDG	2008	16,575	5,350	3.1	
SADDLE RIDGE	SADDLE RIDGE	SAD	1997	139	41	3.39	
FAIRVIEW	FAIRVIEW	FAI	1984	4,177	1,489	2.81	
UNIVERSITY DISTRICT	UNIVERSITY DISTRICT	UND	1978	0	0	0	
POINT MCKAY	POINT MCKAY	POI	2012	1,318	810	1.63	
BONAVISTA DOWNS	BONAVISTA DOWNS	BDO	1997	1,075	368	2.92	
ABBEYDALE	ABBEYDALE	ABB	2019	5,951	2,069	2.88	
ACADIA	ACADIA	ACA	2019	10,488	5,046	2.08	
ALBERT PARK/RADISSON HEIGHTS	ALBERT PARK/RADISSON HEIGHTS	ALB	2019	6,800	3,005	2.26	
ALTADORE	ALTADORE	ALT	2019	6,903	3,214	2.15	
ALYTH/BONNYBROOK	ALYTH/BONNYBROOK	AYB	2019	0	11	0	
APPLEWOOD PARK	APPLEWOOD PARK	APP	2019	6,745	2,415	2.79	
ARBOUR LAKE	ARBOUR LAKE	ARB	2019	10,606	3,936	2.69	
ASPEN WOODS	ASPEN WOODS	ASP	2019	9,396	3,060	3.07	
AUBURN BAY	AUBURN BAY	AUB	2019	17,547	6,026	2.91	
BANFF TRAIL	BANFF TRAIL	BNF	2019	4,048	1,931	2.1	
BANKVIEW	BANKVIEW	BNK	2019	5,233	3,514	1.49	
BAYVIEW	BAYVIEW	BYV	2019	662	248	2.67	
BEDDINGTON HEIGHTS	BEDDINGTON HEIGHTS	BED	2019	11,493	4,405	2.61	
BEL-AIRE	BEL-AIRE	BEL	2019	387	158	2.45	
BELMONT	BELMONT	BLM	2019	84	54	1.56	
BELTLINE	BELTLINE	BLN	2019	25,074	18,308	1.37	
BELVEDERE	BELVEDERE	BVD	2019	41	15	2.73	
BONAVISTA DOWNS	BONAVISTA DOWNS	BDO	2019	928	378	2.46	
BOWNESS	BOWNESS	BOW	2019	11,071	5,387	2.06	
BRAESIDE	BRAESIDE	BRA	2019	5,784	2,562	2.26	
BRENTWOOD	BRENTWOOD	BRE	2019	7,128	3,332	2.14	
BRIDGELAND/RIVERSIDE	BRIDGELAND/RIVERSIDE	BRD	2019	6,829	3,979	1.72	
BRIDLEWOOD	BRIDLEWOOD	BRI	2019	12,589	4,218	2.98	
BRITANNIA	BRITANNIA	BRT	2019	685	313	2.19	
BURNS INDUSTRIAL	BURNS INDUSTRIAL	BUR	2019	0	2	0	
CALGARY INTERNATIONAL AIRPORT	CALGARY INTERNATIONAL AIRPORT	CIA	2019	0	3	0	
CAMBRIAN HEIGHTS	CAMBRIAN HEIGHTS	CAM	2019	2,029	938	2.16	
CANYON MEADOWS	CANYON MEADOWS	CAN	2019	7,607	3,213	2.37	
CAPITOL HILL	CAPITOL HILL	CAP	2019	4,723	2,422	1.95	
CARRINGTON	CARRINGTON	CAR	2019	572	188	3.04	
CASTLERIDGE	CASTLERIDGE	CAS	2019	6,052	1,979	3.06	
CEDARBRAE	CEDARBRAE	CED	2019	6,064	2,624	2.31	
CHAPARRAL	CHAPARRAL	CHA	2019	12,647	4,179	3.03	
CHARLESWOOD	CHARLESWOOD	CHW	2019	3,538	1,488	2.38	
CHINATOWN	CHINATOWN	CHN	2019	2,441	1,989	1.23	
CHINOOK PARK	CHINOOK PARK	CHK	2019	1,661	588	2.82	
CHRISTIE PARK	CHRISTIE PARK	CHR	2019	2,115	727	2.91	
CITADEL	CITADEL	CIT	2019	10,003	3,488	2.87	
CITYSCAPE	CITYSCAPE	CSC	2019	3,073	833	3.69	
CLIFF BUNGALOW	CLIFF BUNGALOW	CLI	2019	1,894	1,349	1.4	
COACH HILL	COACH HILL	COA	2019	3,155	1,481	2.13	
COLLINGWOOD	COLLINGWOOD	COL	2019	2,221	987	2.25	
COPPERFIELD	COPPERFIELD	CPF	2019	13,769	4,969	2.77	
CORAL SPRINGS	CORAL SPRINGS	COR	2019	5,798	1,592	3.64	
CORNERSTONE	CORNERSTONE	CNS	2019	2,655	1,200	2.21	
COUGAR RIDGE	COUGAR RIDGE	CGR	2019	6,902	2,215	3.12	
COUNTRY HILLS	COUNTRY HILLS	COU	2019	3,748	1,435	2.61	
COUNTRY HILLS VILLAGE	COUNTRY HILLS VILLAGE	CHV	2019	2,597	1,352	1.92	
COVENTRY HILLS	COVENTRY HILLS	COV	2019	17,642	5,595	3.15	
CRANSTON	CRANSTON	CRA	2019	19,850	7,065	2.81	
CRESCENT HEIGHTS	CRESCENT HEIGHTS	CRE	2019	6,612	3,877	1.71	
CRESTMONT	CRESTMONT	CRM	2019	1,645	558	2.95	
CURRIE BARRACKS	CURRIE BARRACKS	CUR	2019	1,257	603	2.08	
DALHOUSIE	DALHOUSIE	DAL	2019	8,923	3,740	2.39	
DEER RIDGE	DEER RIDGE	DRG	2019	3,878	1,510	2.57	
DEER RUN	DEER RUN	DRN	2019	5,014	2,111	2.38	
DIAMOND COVE	DIAMOND COVE	DIA	2019	690	271	2.55	
DISCOVERY RIDGE	DISCOVERY RIDGE	DIS	2019	4,276	1,663	2.57	
DOUGLASDALE/GLEN	DOUGLASDALE/GLEN	DDG	2019	12,696	4,922	2.58	
DOVER	DOVER	DOV	2019	10,140	4,866	2.08	
DOWNTOWN COMMERCIAL CORE	DOWNTOWN COMMERCIAL CORE	DNC	2019	8,615	5,679	1.52	
DOWNTOWN EAST VILLAGE	DOWNTOWN EAST VILLAGE	DNE	2019	3,858	2,699	1.43	
DOWNTOWN WEST END	DOWNTOWN WEST END	DNW	2019	2,781	2,061	1.35	
EAGLE RIDGE	EAGLE RIDGE	EAG	2019	302	110	2.75	
EAST FAIRVIEW INDUSTRIAL	EAST FAIRVIEW INDUSTRIAL	EFV	2019	0	2	0	
EAST SHEPARD INDUSTRIAL	EAST SHEPARD INDUSTRIAL	ESH	2019	0	1	0	
EAU CLAIRE	EAU CLAIRE	EAU	2019	2,024	1,355	1.49	
EDGEMONT	EDGEMONT	EDG	2019	15,351	5,437	2.82	
ELBOW PARK	ELBOW PARK	EPK	2019	3,339	1,195	2.79	
ELBOYA	ELBOYA	EYA	2019	1,639	771	2.13	
ERIN WOODS	ERIN WOODS	ERI	2019	7,027	2,494	2.82	
ERLTON	ERLTON	ERL	2019	1,263	733	1.72	
EVANSTON	EVANSTON	EVN	2019	17,566	5,561	3.16	
EVERGREEN	EVERGREEN	EVE	2019	21,399	7,256	2.95	
FAIRVIEW	FAIRVIEW	FAI	2019	3,637	1,613	2.25	
FAIRVIEW INDUSTRIAL	FAIRVIEW INDUSTRIAL	FVI	2019	0	1	0	
FALCONRIDGE	FALCONRIDGE	FAL	2019	10,412	3,565	2.92	
FOOTHILLS	FOOTHILLS	FHI	2019	317	1	317	
FOREST HEIGHTS	FOREST HEIGHTS	FHT	2019	6,496	2,275	2.86	
FOREST LAWN	FOREST LAWN	FLN	2019	7,741	3,409	2.27	
FOREST LAWN INDUSTRIAL	FOREST LAWN INDUSTRIAL	FLI	2019	123	62	1.98	
FRANKLIN	FRANKLIN	FRA	2019	0	3	0	
GARRISON GREEN	GARRISON GREEN	GAG	2019	2,055	730	2.82	
GARRISON WOODS	GARRISON WOODS	GAW	2019	3,109	1,427	2.18	
GLAMORGAN	GLAMORGAN	GLA	2019	6,509	3,134	2.08	
GLENBROOK	GLENBROOK	GBK	2019	7,425	3,328	2.23	
GLENDALE	GLENDALE	GDL	2019	2,747	1,123	2.45	
GLENMORE PARK	GLENMORE PARK	GPK	2019	0	3	0	
GOLDEN TRIANGLE	GOLDEN TRIANGLE	GTI	2019	0	1	0	
GREENVIEW	GREENVIEW	GRV	2019	1,676	1,120	1.5	
GREENVIEW INDUSTRIAL PARK	GREENVIEW INDUSTRIAL PARK	GRI	2019	225	5	45	
GREENWOOD/GREENBRIAR	GREENWOOD/GREENBRIAR	GRE	2019	886	494	1.79	
HAMPTONS	HAMPTONS	HAM	2019	7,373	2,478	2.98	
HARVEST HILLS	HARVEST HILLS	HAR	2019	7,391	2,607	2.84	
HASKAYNE	HASKAYNE	HSN	2019	0	2	0	
HAWKWOOD	HAWKWOOD	HAW	2019	9,215	3,334	2.76	
HAYSBORO	HAYSBORO	HAY	2019	7,045	3,655	1.93	
HIDDEN VALLEY	HIDDEN VALLEY	HID	2019	11,539	3,880	2.97	
HIGHLAND PARK	HIGHLAND PARK	HPK	2019	3,688	2,272	1.62	
HIGHWOOD	HIGHWOOD	HIW	2019	2,256	1,009	2.24	
HILLHURST	HILLHURST	HIL	2019	6,547	3,011	2.17	
HORIZON	HORIZON	HOR	2019	0	6	0	
HOTCHKISS	HOTCHKISS	HKS	2019	0	1	0	
HOUNSFIELD HEIGHTS/BRIAR HILL	HOUNSFIELD HEIGHTS/BRIAR HILL	HOU	2019	2,792	1,107	2.52	
HUNTINGTON HILLS	HUNTINGTON HILLS	HUN	2019	13,213	5,634	2.35	
INGLEWOOD	INGLEWOOD	ING	2019	4,011	2,386	1.68	
KELVIN GROVE	KELVIN GROVE	KEL	2019	2,294	902	2.54	
KILLARNEY/GLENGARRY	KILLARNEY/GLENGARRY	KIL	2019	7,663	3,899	1.97	
KINCORA	KINCORA	KCA	2019	6,887	2,484	2.77	
KINGSLAND	KINGSLAND	KIN	2019	4,472	2,422	1.85	
LAKE BONAVISTA	LAKE BONAVISTA	LKB	2019	10,229	4,108	2.49	
LAKEVIEW	LAKEVIEW	LKV	2019	5,355	2,341	2.29	
LEGACY	LEGACY	LEG	2019	6,393	2,714	2.36	
LINCOLN PARK	LINCOLN PARK	LPK	2019	2,617	1,094	2.39	
LIVINGSTON	LIVINGSTON	LIV	2019	1,482	682	2.17	
LOWER MOUNT ROYAL	LOWER MOUNT ROYAL	LMR	2019	3,456	2,430	1.42	
MACEWAN GLEN	MACEWAN GLEN	MAC	2019	4,754	1,786	2.66	
MAHOGANY	MAHOGANY	MAH	2019	11,748	4,321	2.72	
MANCHESTER	MANCHESTER	MAN	2019	1,025	659	1.56	
MANCHESTER INDUSTRIAL	MANCHESTER INDUSTRIAL	MNI	2019	0	3	0	
MAPLE RIDGE	MAPLE RIDGE	MPL	2019	1,916	819	2.34	
MARLBOROUGH	MARLBOROUGH	MRL	2019	9,134	3,312	2.76	
MARLBOROUGH PARK	MARLBOROUGH PARK	MPK	2019	8,473	3,143	2.7	
MARTINDALE	MARTINDALE	MRT	2019	14,139	4,252	3.33	
MAYFAIR	MAYFAIR	MAF	2019	429	156	2.75	
MAYLAND	MAYLAND	MLI	2019	0	2	0	
MAYLAND HEIGHTS	MAYLAND HEIGHTS	MAL	2019	5,944	2,783	2.14	
MCKENZIE LAKE	MCKENZIE LAKE	MCK	2019	13,391	4,661	2.87	
MCKENZIE TOWNE	MCKENZIE TOWNE	MCT	2019	18,251	7,166	2.55	
MEADOWLARK PARK	MEADOWLARK PARK	MEA	2019	618	287	2.15	
MIDNAPORE	MIDNAPORE	MID	2019	7,260	2,898	2.51	
MILLRISE	MILLRISE	MLR	2019	6,872	2,649	2.59	
MISSION	MISSION	MIS	2019	4,580	3,479	1.32	
MONTEREY PARK	MONTEREY PARK	MOR	2019	10,238	3,196	3.2	
MONTGOMERY	MONTGOMERY	MON	2019	4,500	1,982	2.27	
MOUNT PLEASANT	MOUNT PLEASANT	MOP	2019	5,853	2,797	2.09	
NEW BRIGHTON	NEW BRIGHTON	NEB	2019	13,079	4,320	3.03	
NOLAN HILL	NOLAN HILL	NOL	2019	7,504	2,439	3.08	
NORTH AIRWAYS	NORTH AIRWAYS	NAW	2019	0	3	0	
NORTH GLENMORE PARK	NORTH GLENMORE PARK	NGM	2019	2,382	1,016	2.34	
NORTH HAVEN	NORTH HAVEN	NHV	2019	2,354	1,011	2.33	
NORTH HAVEN UPPER	NORTH HAVEN UPPER	NHU	2019	597	246	2.43	
OAKRIDGE	OAKRIDGE	OGD	2019	5,629	2,298	2.45	
OGDEN	OGDEN	OGD	2019	8,535	3,874	2.2	
PALLISER	PALLISER	PAL	2019	3,548	1,840	1.93	
PANORAMA HILLS	PANORAMA HILLS	PAN	2019	25,600	8,199	3.12	
PARKDALE	PARKDALE	PKD	2019	2,563	1,086	2.36	
PARKHILL	PARKHILL	PKH	2019	1,691	934	1.81	
PARKLAND	PARKLAND	PKD	2019	3,659	1,448	2.53	
PATTERSON	PATTERSON	PAT	2019	4,195	2,032	2.06	
PEGASUS	PEGASUS	PEG	2019	0	1	0	
PENBROOKE MEADOWS	PENBROOKE MEADOWS	PEN	2019	8,319	3,281	2.54	
PINE CREEK	PINE CREEK	PCK	2019	14	5	2.8	
PINERIDGE	PINERIDGE	PIN	2019	10,003	3,912	2.56	
POINT MCKAY	POINT MCKAY	POI	2019	1,343	846	1.59	
PUMP HILL	PUMP HILL	PUM	2019	1,637	562	2.91	
QUEENS PARK VILLAGE	QUEENS PARK VILLAGE	QPK	2019	452	188	2.4	
QUEENSLAND	QUEENSLAND	QLD	2019	4,716	1,905	2.48	
RAMSAY	RAMSAY	RAM	2019	2,148	1,135	1.89	
RANCHLANDS	RANCHLANDS	RAN	2019	7,557	3,076	2.46	
RED CARPET	RED CARPET	RED	2019	1,570	908	1.73	
REDSTONE	REDSTONE	RSN	2019	5,844	1,651	3.54	
RENFREW	RENFREW	REN	2019	6,579	3,468	1.9	
RESIDUAL WARD 1	RESIDUAL WARD 1	X01	2019	336	109	3.08	
RESIDUAL WARD 10	RESIDUAL WARD 10	X10	2019	65	9	7.22	
RESIDUAL WARD 11	RESIDUAL WARD 11	X11	2019	45	0	0	
RESIDUAL WARD 12	RESIDUAL WARD 12	X12	2019	311	122	2.55	
RESIDUAL WARD 13	RESIDUAL WARD 13	X13	2019	134	47	2.85	
RESIDUAL WARD 14	RESIDUAL WARD 14	X14	2019	14	0	0	
RESIDUAL WARD 2	RESIDUAL WARD 2	X02	2019	939	15	62.6	
RESIDUAL WARD 3	RESIDUAL WARD 3	X03	2019	48	18	2.67	
RESIDUAL WARD 4	RESIDUAL WARD 4	X04	2019	22	0	0	
RESIDUAL WARD 5	RESIDUAL WARD 5	X05	2019	33	4	8.25	
RESIDUAL WARD 6	RESIDUAL WARD 6	X06	2019	65	15	4.33	
RESIDUAL WARD 7	RESIDUAL WARD 7	X07	2019	41	0	0	
RESIDUAL WARD 8	RESIDUAL WARD 8	X08	2019	32	0	0	
RESIDUAL WARD 9	RESIDUAL WARD 9	X09	2019	762	354	2.15	
RICHMOND	RICHMOND	RIC	2019	4,948	2,474	2	
RIDEAU PARK	RIDEAU PARK	RID	2019	594	342	1.74	
RIVERBEND	RIVERBEND	RIV	2019	9,205	3,474	2.65	
ROCKY RIDGE	ROCKY RIDGE	ROC	2019	8,349	3,170	2.63	
ROSEDALE	ROSEDALE	RDL	2019	1,560	624	2.5	
ROSEMONT	ROSEMONT	RMT	2019	1,246	569	2.19	
ROSSCARROCK	ROSSCARROCK	RCK	2019	3,604	1,697	2.12	
ROXBORO	ROXBORO	ROX	2019	422	154	2.74	
ROYAL OAK	ROYAL OAK	ROY	2019	11,687	4,082	2.86	
ROYAL VISTA	ROYAL VISTA	RYV	2019	0	1	0	
RUNDLE	RUNDLE	RUN	2019	11,677	3,834	3.05	
RUTLAND PARK	RUTLAND PARK	RUT	2019	2,206	977	2.26	
SADDLE RIDGE	SADDLE RIDGE	SAD	2019	22,114	6,076	3.64	
SADDLE RIDGE INDUSTRIAL	SADDLE RIDGE INDUSTRIAL	SIL	2019	25	15	1.67	
SAGE HILL	SAGE HILL	SGH	2019	7,884	3,098	2.54	
SANDSTONE VALLEY	SANDSTONE VALLEY	SAN	2019	5,885	2,133	2.76	
SCARBORO	SCARBORO	SCA	2019	931	339	2.75	
SCARBORO/SUNALTA WEST	SCARBORO	SSW	2019	399	167	2.39	
SCENIC ACRES	SCENIC ACRES	SCE	2019	8,064	2,928	2.75	
SECTION 23	SECTION 23	S23	2019	0	1	0	
SETON	SETON	SET	2019	1,129	824	1.37	
SHAGANAPPI	SHAGANAPPI	SHG	2019	1,626	847	1.92	
SHAWNEE SLOPES	SHAWNEE SLOPES	SHS	2019	1,909	837	2.28	
SHAWNESSY	SHAWNESSY	SHN	2019	9,353	3,323	2.81	
SHEPARD INDUSTRIAL	SHEPARD INDUSTRIAL	SHI	2019	253	150	1.69	
SHERWOOD	SHERWOOD	SHW	2019	6,235	2,068	3.01	
SIGNAL HILL	SIGNAL HILL	SIG	2019	13,383	5,187	2.58	
SILVER SPRINGS	SILVER SPRINGS	SIL	2019	8,648	3,531	2.45	
SILVERADO	SILVERADO	SVO	2019	7,615	2,583	2.95	
SKYVIEW RANCH	SKYVIEW RANCH	SKR	2019	11,664	4,007	2.91	
SOMERSET	SOMERSET	SOM	2019	8,518	3,161	2.69	
SOUTH AIRWAYS	SOUTH AIRWAYS	SAW	2019	0	1	0	
SOUTH CALGARY	SOUTH CALGARY	SOC	2019	4,408	2,469	1.79	
SOUTHVIEW	SOUTHVIEW	SOV	2019	1,805	837	2.16	
SOUTHWOOD	SOUTHWOOD	SOW	2019	6,237	2,673	2.33	
SPRINGBANK HILL	SPRINGBANK HILL	SPH	2019	9,859	3,366	2.93	
SPRUCE CLIFF	SPRUCE CLIFF	SPR	2019	4,569	2,426	1.88	
ST. ANDREWS HEIGHTS	ST. ANDREWS HEIGHTS	STA	2019	1,795	647	2.77	
STARFIELD	STARFIELD	STD	2019	0	2	0	
STONEY 1	STONEY 1	ST1	2019	0	3	0	
STONEY 2	STONEY 2	ST2	2019	0	7	0	
STONEY 4	STONEY 4	ST4	2019	0	4	0	
STRATHCONA PARK	STRATHCONA PARK	STR	2019	6,814	2,446	2.79	
SUNALTA	SUNALTA	SNA	2019	3,234	2,162	1.5	
SUNDANCE	SUNDANCE	SDC	2019	9,721	3,424	2.84	
SUNNYSIDE	SUNNYSIDE	SSD	2019	4,222	2,625	1.61	
SUNRIDGE	SUNRIDGE	SUN	2019	0	8	0	
TARADALE	TARADALE	WBN	2019	19,000	5,269	3.61	
TEMPLE	TEMPLE	TEM	2019	10,971	3,733	2.94	
THORNCLIFFE	THORNCLIFFE	THO	2019	8,681	3,830	2.27	
TUSCANY	TUSCANY	TUS	2019	19,843	6,651	2.98	
TUXEDO PARK	TUXEDO PARK	TUX	2019	5,242	2,765	1.9	
UNIVERSITY DISTRICT	UNIVERSITY DISTRICT	UND	2019	697	294	2.37	
UNIVERSITY HEIGHTS	UNIVERSITY HEIGHTS	UNI	2019	2,912	1,378	2.11	
UNIVERSITY OF CALGARY	UNIVERSITY OF CALGARY	UOC	2019	2,367	9	263	
UPPER MOUNT ROYAL	UPPER MOUNT ROYAL	UMR	2019	2,463	1,069	2.3	
VALLEY RIDGE	VALLEY RIDGE	VAL	2019	5,570	1,940	2.87	
VALLEYFIELD	VALLEYFIELD	VAF	2019	0	3	0	
VARSITY	VARSITY	VAR	2019	12,808	5,887	2.18	
VISTA HEIGHTS	VISTA HEIGHTS	VIS	2019	2,352	851	2.76	
WALDEN	WALDEN	WAL	2019	6,194	2,328	2.66	
WEST HILLHURST	WEST HILLHURST	WHL	2019	6,438	3,061	2.1	
WEST SPRINGS	WEST SPRINGS	WSP	2019	10,712	3,760	2.85	
WESTGATE	WESTGATE	WGT	2019	3,172	1,343	2.36	
WHITEHORN	WHITEHORN	WHI	2019	11,909	3,937	3.02	
WILDWOOD	WILDWOOD	WLD	2019	2,697	1,111	2.43	
WILLOW PARK	WILLOW PARK	WIL	2019	5,303	2,291	2.31	
WINDSOR PARK	WINDSOR PARK	WND	2019	4,576	2,463	1.86	
WINSTON HEIGHTS/MOUNTVIEW	WINSTON HEIGHTS/MOUNTVIEW	WIN	2019	3,590	1,789	2.01	
WOODBINE	WOODBINE	WBN	2019	8,857	3,372	2.63	
WOODLANDS	WOODLANDS	WOO	2019	5,992	2,411	2.49	
YORKVILLE	YORKVILLE	YKV	2019	0	13	0	
ABBEYDALE	ABBEYDALE	ABB	2018	5,986	2,060	2.91	
ACADIA	ACADIA	ACA	2018	10,584	5,042	2.1	
ALBERT PARK/RADISSON HEIGHTS	ALBERT PARK/RADISSON HEIGHTS	ALB	2018	6,761	3,022	2.24	
ALTADORE	ALTADORE	ALT	2018	6,831	3,218	2.12	
ALYTH/BONNYBROOK	ALYTH/BONNYBROOK	AYB	2018	4	12	0.33	
APPLEWOOD PARK	APPLEWOOD PARK	APP	2018	6,868	2,420	2.84	
ARBOUR LAKE	ARBOUR LAKE	ARB	2018	10,636	3,942	2.7	
ASPEN WOODS	ASPEN WOODS	ASP	2018	9,421	3,007	3.13	
AUBURN BAY	AUBURN BAY	AUB	2018	17,251	5,993	2.88	
BANFF TRAIL	BANFF TRAIL	BNF	2018	4,165	1,940	2.15	
BANKVIEW	BANKVIEW	BNK	2018	5,211	3,531	1.48	
BAYVIEW	BAYVIEW	BYV	2018	645	248	2.6	
BEDDINGTON HEIGHTS	BEDDINGTON HEIGHTS	BED	2018	11,478	4,415	2.6	
BEL-AIRE	BEL-AIRE	BEL	2018	376	159	2.36	
BELMONT	BELMONT	BLM	2018	0	35	0	
BELTLINE	BELTLINE	BLN	2018	24,887	18,029	1.38	
BELVEDERE	BELVEDERE	BVD	2018	40	15	2.67	
BONAVISTA DOWNS	BONAVISTA DOWNS	BDO	2018	919	378	2.43	
BOWNESS	BOWNESS	BOW	2018	11,065	5,409	2.05	
BRAESIDE	BRAESIDE	BRA	2018	5,893	2,557	2.3	
BRENTWOOD	BRENTWOOD	BRE	2018	7,346	3,329	2.21	
BRIDGELAND/RIVERSIDE	BRIDGELAND/RIVERSIDE	BRD	2018	6,529	3,933	1.66	
BRIDLEWOOD	BRIDLEWOOD	BRI	2018	12,708	4,213	3.02	
BRITANNIA	BRITANNIA	BRT	2018	680	314	2.17	
BURNS INDUSTRIAL	BURNS INDUSTRIAL	BUR	2018	2	2	1	
CALGARY INTERNATIONAL AIRPORT	CALGARY INTERNATIONAL AIRPORT	CIA	2018	0	3	0	
CAMBRIAN HEIGHTS	CAMBRIAN HEIGHTS	CAM	2018	2,058	935	2.2	
CANYON MEADOWS	CANYON MEADOWS	CAN	2018	7,509	3,210	2.34	
CAPITOL HILL	CAPITOL HILL	CAP	2018	4,688	2,453	1.91	
CARRINGTON	CARRINGTON	CAR	2018	321	131	2.45	
CASTLERIDGE	CASTLERIDGE	CAS	2018	6,273	1,983	3.16	
CEDARBRAE	CEDARBRAE	CED	2018	6,019	2,623	2.29	
CHAPARRAL	CHAPARRAL	CHA	2018	12,717	4,177	3.04	
CHARLESWOOD	CHARLESWOOD	CHW	2018	3,584	1,491	2.4	
CHINATOWN	CHINATOWN	CHN	2018	2,176	1,989	1.09	
CHINOOK PARK	CHINOOK PARK	CHK	2018	1,651	589	2.8	
CHRISTIE PARK	CHRISTIE PARK	CHR	2018	2,133	727	2.93	
CITADEL	CITADEL	CIT	2018	10,209	3,488	2.93	
CITYSCAPE	CITYSCAPE	CSC	2018	2,811	794	3.54	
CLIFF BUNGALOW	CLIFF BUNGALOW	CLI	2018	1,921	1,354	1.42	
COACH HILL	COACH HILL	COA	2018	3,215	1,481	2.17	
COLLINGWOOD	COLLINGWOOD	COL	2018	2,224	986	2.26	
COPPERFIELD	COPPERFIELD	CPF	2018	13,498	4,963	2.72	
CORAL SPRINGS	CORAL SPRINGS	COR	2018	5,858	1,579	3.71	
CORNERSTONE	CORNERSTONE	CNS	2018	1,629	633	2.57	
COUGAR RIDGE	COUGAR RIDGE	CGR	2018	7,030	2,212	3.18	
COUNTRY HILLS	COUNTRY HILLS	COU	2018	3,779	1,435	2.63	
COUNTRY HILLS VILLAGE	COUNTRY HILLS VILLAGE	CHV	2018	2,589	1,352	1.91	
COVENTRY HILLS	COVENTRY HILLS	COV	2018	17,527	5,591	3.13	
CRANSTON	CRANSTON	CRA	2018	18,980	6,944	2.73	
CRESCENT HEIGHTS	CRESCENT HEIGHTS	CRE	2018	6,598	3,877	1.7	
CRESTMONT	CRESTMONT	CRM	2018	1,514	533	2.84	
CURRIE BARRACKS	CURRIE BARRACKS	CUR	2018	1,101	588	1.87	
DALHOUSIE	DALHOUSIE	DAL	2018	8,885	3,740	2.38	
DEER RIDGE	DEER RIDGE	DRG	2018	4,042	1,509	2.68	
DEER RUN	DEER RUN	DRN	2018	5,046	2,110	2.39	
DIAMOND COVE	DIAMOND COVE	DIA	2018	709	271	2.62	
DISCOVERY RIDGE	DISCOVERY RIDGE	DIS	2018	4,211	1,655	2.54	
DOUGLASDALE/GLEN	DOUGLASDALE/GLEN	DDG	2018	12,769	4,920	2.6	
DOVER	DOVER	DOV	2018	10,514	4,871	2.16	
DOWNTOWN COMMERCIAL CORE	DOWNTOWN COMMERCIAL CORE	DNC	2018	8,464	5,686	1.49	
DOWNTOWN EAST VILLAGE	DOWNTOWN EAST VILLAGE	DNE	2018	3,543	3,203	1.11	
DOWNTOWN WEST END	DOWNTOWN WEST END	DNW	2018	2,757	2,062	1.34	
EAGLE RIDGE	EAGLE RIDGE	EAG	2018	311	110	2.83	
EAST FAIRVIEW INDUSTRIAL	EAST FAIRVIEW INDUSTRIAL	EFV	2018	0	2	0	
EAST SHEPARD INDUSTRIAL	EAST SHEPARD INDUSTRIAL	ESH	2018	0	1	0	
EAU CLAIRE	EAU CLAIRE	EAU	2018	1,665	1,355	1.23	
EDGEMONT	EDGEMONT	EDG	2018	15,442	5,435	2.84	
ELBOW PARK	ELBOW PARK	EPK	2018	3,287	1,196	2.75	
ELBOYA	ELBOYA	EYA	2018	1,773	773	2.29	
ERIN WOODS	ERIN WOODS	ERI	2018	6,850	2,484	2.76	
ERLTON	ERLTON	ERL	2018	1,303	731	1.78	
EVANSTON	EVANSTON	EVN	2018	17,251	5,494	3.14	
EVERGREEN	EVERGREEN	EVE	2018	21,339	7,191	2.97	
FAIRVIEW	FAIRVIEW	FAI	2018	3,708	1,615	2.3	
FAIRVIEW INDUSTRIAL	FAIRVIEW INDUSTRIAL	FVI	2018	0	1	0	
FALCONRIDGE	FALCONRIDGE	FAL	2018	10,485	3,573	2.93	
FOOTHILLS	FOOTHILLS	FHI	2018	353	1	353	
FOREST HEIGHTS	FOREST HEIGHTS	FHT	2018	6,422	2,256	2.85	
FOREST LAWN	FOREST LAWN	FLN	2018	7,895	3,431	2.3	
FOREST LAWN INDUSTRIAL	FOREST LAWN INDUSTRIAL	FLI	2018	110	62	1.77	
FRANKLIN	FRANKLIN	FRA	2018	4	3	1.33	
GARRISON GREEN	GARRISON GREEN	GAG	2018	2,074	730	2.84	
GARRISON WOODS	GARRISON WOODS	GAW	2018	3,184	1,429	2.23	
GLAMORGAN	GLAMORGAN	GLA	2018	6,410	3,140	2.04	
GLENBROOK	GLENBROOK	GBK	2018	7,328	3,334	2.2	
GLENDALE	GLENDALE	GDL	2018	2,737	1,123	2.44	
GLENMORE PARK	GLENMORE PARK	GPK	2018	5	3	1.67	
GOLDEN TRIANGLE	GOLDEN TRIANGLE	GTI	2018	1	1	1	
GREENVIEW	GREENVIEW	GRV	2018	1,999	1,124	1.78	
GREENVIEW INDUSTRIAL PARK	GREENVIEW INDUSTRIAL PARK	GRI	2018	146	5	29.2	
GREENWOOD/GREENBRIAR	GREENWOOD/GREENBRIAR	GRE	2018	891	495	1.8	
HAMPTONS	HAMPTONS	HAM	2018	7,465	2,478	3.01	
HARVEST HILLS	HARVEST HILLS	HAR	2018	7,418	2,589	2.87	
HASKAYNE	HASKAYNE	HSN	2018	0	0	0	
HAWKWOOD	HAWKWOOD	HAW	2018	9,349	3,334	2.8	
HAYSBORO	HAYSBORO	HAY	2018	7,166	3,650	1.96	
HIDDEN VALLEY	HIDDEN VALLEY	HID	2018	11,620	3,879	3	
HIGHLAND PARK	HIGHLAND PARK	HPK	2018	4,191	2,293	1.83	
HIGHWOOD	HIGHWOOD	HIW	2018	2,262	1,008	2.24	
HILLHURST	HILLHURST	HIL	2018	6,616	3,004	2.2	
HORIZON	HORIZON	HOR	2018	0	6	0	
HOTCHKISS	HOTCHKISS	HKS	2018	0	0	0	
HOUNSFIELD HEIGHTS/BRIAR HILL	HOUNSFIELD HEIGHTS/BRIAR HILL	HOU	2018	2,971	1,109	2.68	
HUNTINGTON HILLS	HUNTINGTON HILLS	HUN	2018	13,409	5,633	2.38	
INGLEWOOD	INGLEWOOD	ING	2018	4,072	2,403	1.69	
KELVIN GROVE	KELVIN GROVE	KEL	2018	2,362	902	2.62	
KILLARNEY/GLENGARRY	KILLARNEY/GLENGARRY	KIL	2018	7,530	3,888	1.94	
KINCORA	KINCORA	KCA	2018	6,460	2,382	2.71	
KINGSLAND	KINGSLAND	KIN	2018	4,645	2,430	1.91	
LAKE BONAVISTA	LAKE BONAVISTA	LKB	2018	10,292	4,111	2.5	
LAKEVIEW	LAKEVIEW	LKV	2018	5,420	2,343	2.31	
LEGACY	LEGACY	LEG	2018	5,304	2,502	2.12	
LINCOLN PARK	LINCOLN PARK	LPK	2018	2,400	1,094	2.19	
LIVINGSTON	LIVINGSTON	LIV	2018	704	539	1.31	
LOWER MOUNT ROYAL	LOWER MOUNT ROYAL	LMR	2018	3,449	2,428	1.42	
MACEWAN GLEN	MACEWAN GLEN	MAC	2018	4,811	1,785	2.7	
MAHOGANY	MAHOGANY	MAH	2018	9,836	4,082	2.41	
MANCHESTER	MANCHESTER	MAN	2018	998	660	1.51	
MANCHESTER INDUSTRIAL	MANCHESTER INDUSTRIAL	MNI	2018	0	3	0	
MAPLE RIDGE	MAPLE RIDGE	MPL	2018	1,878	817	2.3	
MARLBOROUGH	MARLBOROUGH	MRL	2018	9,049	3,298	2.74	
MARLBOROUGH PARK	MARLBOROUGH PARK	MPK	2018	8,670	3,151	2.75	
MARTINDALE	MARTINDALE	MRT	2018	14,905	4,238	3.52	
MAYFAIR	MAYFAIR	MAF	2018	430	155	2.77	
MAYLAND	MAYLAND	MLI	2018	2	1	2	
MAYLAND HEIGHTS	MAYLAND HEIGHTS	MAL	2018	5,913	2,801	2.11	
MCKENZIE LAKE	MCKENZIE LAKE	MCK	2018	13,438	4,662	2.88	
MCKENZIE TOWNE	MCKENZIE TOWNE	MCT	2018	18,186	7,156	2.54	
MEADOWLARK PARK	MEADOWLARK PARK	MEA	2018	645	287	2.25	
MIDNAPORE	MIDNAPORE	MID	2018	7,310	2,898	2.52	
MILLRISE	MILLRISE	MLR	2018	6,848	2,647	2.59	
MISSION	MISSION	MIS	2018	4,673	3,486	1.34	
MONTEREY PARK	MONTEREY PARK	MOR	2018	10,659	3,207	3.32	
MONTGOMERY	MONTGOMERY	MON	2018	4,467	1,995	2.24	
MOUNT PLEASANT	MOUNT PLEASANT	MOP	2018	6,001	2,816	2.13	
NEW BRIGHTON	NEW BRIGHTON	NEB	2018	12,934	4,319	2.99	
NOLAN HILL	NOLAN HILL	NOL	2018	6,454	2,234	2.89	
NORTH AIRWAYS	NORTH AIRWAYS	NAW	2018	0	3	0	
NORTH GLENMORE PARK	NORTH GLENMORE PARK	NGM	2018	2,375	1,016	2.34	
NORTH HAVEN	NORTH HAVEN	NHV	2018	2,376	1,009	2.35	
NORTH HAVEN UPPER	NORTH HAVEN UPPER	NHU	2018	608	246	2.47	
OAKRIDGE	OAKRIDGE	OGD	2018	5,613	2,294	2.45	
OGDEN	OGDEN	OGD	2018	8,309	3,885	2.14	
PALLISER	PALLISER	PAL	2018	3,400	1,840	1.85	
PANORAMA HILLS	PANORAMA HILLS	PAN	2018	25,861	8,191	3.16	
PARKDALE	PARKDALE	PKD	2018	2,602	1,089	2.39	
PARKHILL	PARKHILL	PKH	2018	1,693	936	1.81	
PARKLAND	PARKLAND	PKD	2018	3,682	1,446	2.55	
PATTERSON	PATTERSON	PAT	2018	4,186	2,028	2.06	
PEGASUS	PEGASUS	PEG	2018	0	1	0	
PENBROOKE MEADOWS	PENBROOKE MEADOWS	PEN	2018	8,399	3,284	2.56	
PINE CREEK	PINE CREEK	PCK	2018	9	5	1.8	
PINERIDGE	PINERIDGE	PIN	2018	9,822	3,899	2.52	
POINT MCKAY	POINT MCKAY	POI	2018	1,372	846	1.62	
PUMP HILL	PUMP HILL	PUM	2018	1,680	562	2.99	
QUEENS PARK VILLAGE	QUEENS PARK VILLAGE	QPK	2018	430	188	2.29	
QUEENSLAND	QUEENSLAND	QLD	2018	4,683	1,905	2.46	
RAMSAY	RAMSAY	RAM	2018	2,187	1,145	1.91	
RANCHLANDS	RANCHLANDS	RAN	2018	7,566	3,077	2.46	
RED CARPET	RED CARPET	RED	2018	1,596	911	1.75	
REDSTONE	REDSTONE	RSN	2018	4,846	1,381	3.51	
RENFREW	RENFREW	REN	2018	6,524	3,492	1.87	
RESIDUAL WARD 1	RESIDUAL WARD 1	X01	2018	365	110	3.32	
RESIDUAL WARD 10	RESIDUAL WARD 10	X10	2018	17	9	1.89	
RESIDUAL WARD 11	RESIDUAL WARD 11	X11	2018	0	0	0	
RESIDUAL WARD 12	RESIDUAL WARD 12	X12	2018	309	127	2.43	
RESIDUAL WARD 13	RESIDUAL WARD 13	X13	2018	95	48	1.98	
RESIDUAL WARD 14	RESIDUAL WARD 14	X14	2018	0	0	0	
RESIDUAL WARD 2	RESIDUAL WARD 2	X02	2018	1,002	17	58.94	
RESIDUAL WARD 3	RESIDUAL WARD 3	X03	2018	54	19	2.84	
RESIDUAL WARD 4	RESIDUAL WARD 4	X04	2018	0	0	0	
RESIDUAL WARD 5	RESIDUAL WARD 5	X05	2018	17	4	4.25	
RESIDUAL WARD 6	RESIDUAL WARD 6	X06	2018	38	16	2.38	
RESIDUAL WARD 7	RESIDUAL WARD 7	X07	2018	0	0	0	
RESIDUAL WARD 8	RESIDUAL WARD 8	X08	2018	0	0	0	
RESIDUAL WARD 9	RESIDUAL WARD 9	X09	2018	744	358	2.08	
RICHMOND	RICHMOND	RIC	2018	4,882	2,492	1.96	
RIDEAU PARK	RIDEAU PARK	RID	2018	607	341	1.78	
RIVERBEND	RIVERBEND	RIV	2018	9,248	3,464	2.67	
ROCKY RIDGE	ROCKY RIDGE	ROC	2018	8,284	3,159	2.62	
ROSEDALE	ROSEDALE	RDL	2018	1,558	626	2.49	
ROSEMONT	ROSEMONT	RMT	2018	1,200	571	2.1	
ROSSCARROCK	ROSSCARROCK	RCK	2018	3,613	1,686	2.14	
ROXBORO	ROXBORO	ROX	2018	396	153	2.59	
ROYAL OAK	ROYAL OAK	ROY	2018	11,582	4,083	2.84	
ROYAL VISTA	ROYAL VISTA	RYV	2018	0	0	0	
RUNDLE	RUNDLE	RUN	2018	11,585	3,837	3.02	
RUTLAND PARK	RUTLAND PARK	RUT	2018	2,303	979	2.35	
SADDLE RIDGE	SADDLE RIDGE	SAD	2018	21,567	5,917	3.64	
SADDLE RIDGE INDUSTRIAL	SADDLE RIDGE INDUSTRIAL	SIL	2018	44	16	2.75	
SAGE HILL	SAGE HILL	SGH	2018	7,219	2,966	2.43	
SANDSTONE VALLEY	SANDSTONE VALLEY	SAN	2018	5,904	2,133	2.77	
SCARBORO	SCARBORO	SCA	2018	914	340	2.69	
SCARBORO/SUNALTA WEST	SCARBORO	SSW	2018	396	166	2.39	
SCENIC ACRES	SCENIC ACRES	SCE	2018	8,090	2,928	2.76	
SECTION 23	SECTION 23	S23	2018	0	1	0	
SETON	SETON	SET	2018	325	692	0.47	
SHAGANAPPI	SHAGANAPPI	SHG	2018	1,580	862	1.83	
SHAWNEE SLOPES	SHAWNEE SLOPES	SHS	2018	1,608	734	2.19	
SHAWNESSY	SHAWNESSY	SHN	2018	9,352	3,321	2.82	
SHEPARD INDUSTRIAL	SHEPARD INDUSTRIAL	SHI	2018	235	150	1.57	
SHERWOOD	SHERWOOD	SHW	2018	5,864	2,056	2.85	
SIGNAL HILL	SIGNAL HILL	SIG	2018	13,488	5,309	2.54	
SILVER SPRINGS	SILVER SPRINGS	SIL	2018	8,642	3,533	2.45	
SILVERADO	SILVERADO	SVO	2018	7,400	2,552	2.9	
SKYVIEW RANCH	SKYVIEW RANCH	SKR	2018	11,168	3,949	2.83	
SOMERSET	SOMERSET	SOM	2018	8,638	3,163	2.73	
SOUTH AIRWAYS	SOUTH AIRWAYS	SAW	2018	5	3	1.67	
SOUTH CALGARY	SOUTH CALGARY	SOC	2018	4,154	2,483	1.67	
SOUTHVIEW	SOUTHVIEW	SOV	2018	1,858	844	2.2	
SOUTHWOOD	SOUTHWOOD	SOW	2018	6,141	2,675	2.3	
SPRINGBANK HILL	SPRINGBANK HILL	SPH	2018	10,052	3,361	2.99	
SPRUCE CLIFF	SPRUCE CLIFF	SPR	2018	4,749	2,434	1.95	
ST. ANDREWS HEIGHTS	ST. ANDREWS HEIGHTS	STA	2018	1,596	646	2.47	
STARFIELD	STARFIELD	STD	2018	2	2	1	
STONEY 1	STONEY 1	ST1	2018	4	4	1	
STONEY 2	STONEY 2	ST2	2018	14	7	2	
STONEY 4	STONEY 4	ST4	2018	6	4	1.5	
STRATHCONA PARK	STRATHCONA PARK	STR	2018	6,867	2,446	2.81	
SUNALTA	SUNALTA	SNA	2018	3,268	2,172	1.5	
SUNDANCE	SUNDANCE	SDC	2018	9,915	3,421	2.9	
SUNNYSIDE	SUNNYSIDE	SSD	2018	4,210	2,638	1.6	
SUNRIDGE	SUNRIDGE	SUN	2018	20	8	2.5	
TARADALE	TARADALE	WBN	2018	18,929	5,269	3.59	
TEMPLE	TEMPLE	TEM	2018	11,025	3,711	2.97	
THORNCLIFFE	THORNCLIFFE	THO	2018	8,849	3,839	2.31	
TUSCANY	TUSCANY	TUS	2018	19,723	6,644	2.97	
TUXEDO PARK	TUXEDO PARK	TUX	2018	5,165	2,751	1.88	
UNIVERSITY DISTRICT	UNIVERSITY DISTRICT	UND	2018	681	249	2.73	
UNIVERSITY HEIGHTS	UNIVERSITY HEIGHTS	UNI	2018	2,873	1,377	2.09	
UNIVERSITY OF CALGARY	UNIVERSITY OF CALGARY	UOC	2018	2,431	9	270.11	
UPPER MOUNT ROYAL	UPPER MOUNT ROYAL	UMR	2018	2,455	1,065	2.31	
VALLEY RIDGE	VALLEY RIDGE	VAL	2018	5,577	1,940	2.87	
VALLEYFIELD	VALLEYFIELD	VAF	2018	3	3	1	
VARSITY	VARSITY	VAR	2018	12,691	6,053	2.1	
VISTA HEIGHTS	VISTA HEIGHTS	VIS	2018	2,321	852	2.72	
WALDEN	WALDEN	WAL	2018	5,619	2,245	2.5	
WEST HILLHURST	WEST HILLHURST	WHL	2018	6,507	3,066	2.12	
WEST SPRINGS	WEST SPRINGS	WSP	2018	10,495	3,680	2.85	
WESTGATE	WESTGATE	WGT	2018	3,171	1,340	2.37	
WHITEHORN	WHITEHORN	WHI	2018	11,955	3,967	3.01	
WILDWOOD	WILDWOOD	WLD	2018	2,627	1,111	2.36	
WILLOW PARK	WILLOW PARK	WIL	2018	5,295	2,292	2.31	
WINDSOR PARK	WINDSOR PARK	WND	2018	4,458	2,468	1.81	
WINSTON HEIGHTS/MOUNTVIEW	WINSTON HEIGHTS/MOUNTVIEW	WIN	2018	3,744	1,781	2.1	
WOODBINE	WOODBINE	WBN	2018	8,837	3,373	2.62	
WOODLANDS	WOODLANDS	WOO	2018	5,877	2,411	2.44	
YORKVILLE	YORKVILLE	YKV	2018	0	9	0	
